cp,nombre,municipio,cve_mun,slug
68000,Oaxaca Centro,Oaxaca de Juárez,067,oaxaca-centro-067-68000
68010,Bugambilias,Oaxaca de Juárez,067,bugambilias-067-68010
68010,Los Cedros,Oaxaca de Juárez,067,los-cedros-067-68010
68010,Elsa,Oaxaca de Juárez,067,elsa-067-68010
68010,Revolución,Oaxaca de Juárez,067,revolucion-067-68010
68010,Sauces,Oaxaca de Juárez,067,sauces-067-68010
68010,Orquideas,Oaxaca de Juárez,067,orquideas-067-68010
68010,Educacion,Oaxaca de Juárez,067,educacion-067-68010
68010,Tulipanes,Oaxaca de Juárez,067,tulipanes-067-68010
68013,Bugambilias,Oaxaca de Juárez,067,bugambilias-067-68013
68013,Heladio Ramírez López,Oaxaca de Juárez,067,heladio-ramirez-lopez-067-68013
68013,Lomas de Santa Rosa,Oaxaca de Juárez,067,lomas-de-santa-rosa-067-68013
68013,Adolfo López Mateos Zona Noreste,Oaxaca de Juárez,067,adolfo-lopez-mateos-zona-noreste-067-68013
68013,Lomas de San Jacinto,Oaxaca de Juárez,067,lomas-de-san-jacinto-067-68013
68013,Ex Hacienda Santa Rosa 1a Sección,Oaxaca de Juárez,067,ex-hacienda-santa-rosa-1a-seccion-067-68013
68013,Neza Cubi,Oaxaca de Juárez,067,neza-cubi-067-68013
68013,Exhacienda Santa Rosa 2a Sección,Oaxaca de Juárez,067,exhacienda-santa-rosa-2a-seccion-067-68013
68016,Del Maestro,Oaxaca de Juárez,067,del-maestro-067-68016
68016,El Paraíso,Oaxaca de Juárez,067,el-paraiso-067-68016
68016,Vista Hermosa,Oaxaca de Juárez,067,vista-hermosa-067-68016
68016,Hoteleros,Oaxaca de Juárez,067,hoteleros-067-68016
68016,Los Pinos,Oaxaca de Juárez,067,los-pinos-067-68016
68016,Lomas Panoramicas,Oaxaca de Juárez,067,lomas-panoramicas-067-68016
68016,La Soledad,Oaxaca de Juárez,067,la-soledad-067-68016
68016,Loma Bonita,Oaxaca de Juárez,067,loma-bonita-067-68016
68016,Buena Vista,Oaxaca de Juárez,067,buena-vista-067-68016
68016,Solidaridad,Oaxaca de Juárez,067,solidaridad-067-68016
68016,10 de Abril,Oaxaca de Juárez,067,10-de-abril-067-68016
68018,Los Encinos,Oaxaca de Juárez,067,los-encinos-067-68018
68020,Volcanes,Oaxaca de Juárez,067,volcanes-067-68020
68020,Ampliación Volcanes,Oaxaca de Juárez,067,ampliacion-volcanes-067-68020
68023,Donaji,Oaxaca de Juárez,067,donaji-067-68023
68023,San Luis Beltran,Oaxaca de Juárez,067,san-luis-beltran-067-68023
68023,7 Regiones,Oaxaca de Juárez,067,7-regiones-067-68023
68023,Ampliación Jardín,Oaxaca de Juárez,067,ampliacion-jardin-067-68023
68023,7 Regiones Ampliación,Oaxaca de Juárez,067,7-regiones-ampliacion-067-68023
68023,Ampliación Siete Regiones Parte Norte,Oaxaca de Juárez,067,ampliacion-siete-regiones-parte-norte-067-68023
68023,Jardín,Oaxaca de Juárez,067,jardin-067-68023
68023,Manuel Ávila Camacho,Oaxaca de Juárez,067,manuel-avila-camacho-067-68023
68023,Casa del Sol,Oaxaca de Juárez,067,casa-del-sol-067-68023
68024,Loma Linda,Oaxaca de Juárez,067,loma-linda-067-68024
68024,ISSSTE,Oaxaca de Juárez,067,issste-067-68024
68024,Lomas del Creston,Oaxaca de Juárez,067,lomas-del-creston-067-68024
68024,Residencial Ex-Hacienda de Guadalupe,Oaxaca de Juárez,067,residencial-ex-hacienda-de-guadalupe-067-68024
68024,Guadalupe Victoria,Oaxaca de Juárez,067,guadalupe-victoria-067-68024
68024,San Carlos,Oaxaca de Juárez,067,san-carlos-067-68024
68025,Ricardo Flores Magón,Oaxaca de Juárez,067,ricardo-flores-magon-067-68025
68026,Parque H2A (Reserva Ecológica),Oaxaca de Juárez,067,parque-h2a-reserva-ecologica-067-68026
68026,San Felipe del Agua,Oaxaca de Juárez,067,san-felipe-del-agua-067-68026
68026,La Chigulera,Oaxaca de Juárez,067,la-chigulera-067-68026
68026,Residencial Puente de Piedra,Oaxaca de Juárez,067,residencial-puente-de-piedra-067-68026
68026,Villa Frontu,Oaxaca de Juárez,067,villa-frontu-067-68026
68026,Consuelo Ruíz,Oaxaca de Juárez,067,consuelo-ruiz-067-68026
68026,Lomas de San Felipe,Oaxaca de Juárez,067,lomas-de-san-felipe-067-68026
68026,Residencial Álamos,Oaxaca de Juárez,067,residencial-alamos-067-68026
68026,Rinconada,Oaxaca de Juárez,067,rinconada-067-68026
68026,Bosque San Felipe,Oaxaca de Juárez,067,bosque-san-felipe-067-68026
68026,Loma Oaxaca,Oaxaca de Juárez,067,loma-oaxaca-067-68026
68027,INFONAVIT 1ro. de Mayo,Oaxaca de Juárez,067,infonavit-1ro-de-mayo-067-68027
68027,Villa de Antequera,Oaxaca de Juárez,067,villa-de-antequera-067-68027
68027,FOVISSSTE,Oaxaca de Juárez,067,fovissste-067-68027
68028,Dolores,Oaxaca de Juárez,067,dolores-067-68028
68028,Los Ríos,Oaxaca de Juárez,067,los-rios-067-68028
68028,Villas de San Luis,Oaxaca de Juárez,067,villas-de-san-luis-067-68028
68028,Ampliación Dolores,Oaxaca de Juárez,067,ampliacion-dolores-067-68028
68030,Adolfo López Mateos,Oaxaca de Juárez,067,adolfo-lopez-mateos-067-68030
68030,Benito Juárez,Oaxaca de Juárez,067,benito-juarez-067-68030
68030,Cuauhtémoc,Oaxaca de Juárez,067,cuauhtemoc-067-68030
68030,Lindavista,Oaxaca de Juárez,067,lindavista-067-68030
68030,San Francisco,Oaxaca de Juárez,067,san-francisco-067-68030
68030,Centro de Convenciones,Oaxaca de Juárez,067,centro-de-convenciones-067-68030
68033,Guadalupe Victoria,Oaxaca de Juárez,067,guadalupe-victoria-067-68033
68033,Popular Victoria,Oaxaca de Juárez,067,popular-victoria-067-68033
68033,Vicente Suárez,Oaxaca de Juárez,067,vicente-suarez-067-68033
68033,Francisco I. Madero,Oaxaca de Juárez,067,francisco-i-madero-067-68033
68033,Del Periodista,Oaxaca de Juárez,067,del-periodista-067-68033
68033,Instituto Tecnologíco de Oaxaca,Oaxaca de Juárez,067,instituto-tecnologico-de-oaxaca-067-68033
68033,Los Pinos,Oaxaca de Juárez,067,los-pinos-067-68033
68033,Margaritas,Oaxaca de Juárez,067,margaritas-067-68033
68033,Unión,Oaxaca de Juárez,067,union-067-68033
68034,El Pasajuego,Oaxaca de Juárez,067,el-pasajuego-067-68034
68034,Niños Héroes,Oaxaca de Juárez,067,ninos-heroes-067-68034
68034,Santa María,Oaxaca de Juárez,067,santa-maria-067-68034
68034,Ex-Marquezado,Oaxaca de Juárez,067,ex-marquezado-067-68034
68034,Villa de Marquez,Oaxaca de Juárez,067,villa-de-marquez-067-68034
68039,Santa Rosa Panzacola,Oaxaca de Juárez,067,santa-rosa-panzacola-067-68039
68040,Díaz Ordaz,Oaxaca de Juárez,067,diaz-ordaz-067-68040
68040,La Cascada,Oaxaca de Juárez,067,la-cascada-067-68040
68040,La Loma,Oaxaca de Juárez,067,la-loma-067-68040
68040,Rincón del Acueducto,Oaxaca de Juárez,067,rincon-del-acueducto-067-68040
68040,Xochimilco,Oaxaca de Juárez,067,xochimilco-067-68040
68040,La Cascada,Oaxaca de Juárez,067,la-cascada-067-68040-91
68040,Lomas de la Cascada,Oaxaca de Juárez,067,lomas-de-la-cascada-067-68040
68043,Lomas de San Jacinto Sector Uno,Oaxaca de Juárez,067,lomas-de-san-jacinto-sector-uno-067-68043
68043,Guadalupe Victoria Sección Oeste 2 Sector,Oaxaca de Juárez,067,guadalupe-victoria-seccion-oeste-2-sector-067-68043
68043,Guadalupe Victoria Sección Oeste 1 Sector,Oaxaca de Juárez,067,guadalupe-victoria-seccion-oeste-1-sector-067-68043
68043,Lomas de Microondas,Oaxaca de Juárez,067,lomas-de-microondas-067-68043
68043,Santo Tomas,Oaxaca de Juárez,067,santo-tomas-067-68043
68043,Rincones de Xochimilco,Oaxaca de Juárez,067,rincones-de-xochimilco-067-68043
68043,Ojo de Agua,Oaxaca de Juárez,067,ojo-de-agua-067-68043
68044,Ricardo Flores Magón,Oaxaca de Juárez,067,ricardo-flores-magon-067-68044
68044,Olímpica,Oaxaca de Juárez,067,olimpica-067-68044
68044,Residencial del Río San Felipe,Oaxaca de Juárez,067,residencial-del-rio-san-felipe-067-68044
68044,CRENO,Oaxaca de Juárez,067,creno-067-68044
68044,Residencial San Felipe,Oaxaca de Juárez,067,residencial-san-felipe-067-68044
68044,Sabinos,Oaxaca de Juárez,067,sabinos-067-68044
68044,Colinas de la Soledad,Oaxaca de Juárez,067,colinas-de-la-soledad-067-68044
68044,El Retiro,Oaxaca de Juárez,067,el-retiro-067-68044
68044,Presa San Felipe,Oaxaca de Juárez,067,presa-san-felipe-067-68044
68044,La Paz San Felipe,Oaxaca de Juárez,067,la-paz-san-felipe-067-68044
68045,Estrella,Oaxaca de Juárez,067,estrella-067-68045
68045,Mártires del Río Blanco,Oaxaca de Juárez,067,martires-del-rio-blanco-067-68045
68045,Manuel Sabino Crespo,Oaxaca de Juárez,067,manuel-sabino-crespo-067-68045
68045,Aurora,Oaxaca de Juárez,067,aurora-067-68045
68045,La Loma Ampliación,Oaxaca de Juárez,067,la-loma-ampliacion-067-68045
68045,Aurora,Oaxaca de Juárez,067,aurora-067-68045-115
68045,Poza del Ángel,Oaxaca de Juárez,067,poza-del-angel-067-68045
68045,Sindicato Autonomo,Oaxaca de Juárez,067,sindicato-autonomo-067-68045
68045,El Encinal,Oaxaca de Juárez,067,el-encinal-067-68045
68045,El Centenario,Oaxaca de Juárez,067,el-centenario-067-68045
68045,Microondas,Oaxaca de Juárez,067,microondas-067-68045
68045,Pozas Arcas,Oaxaca de Juárez,067,pozas-arcas-067-68045
68045,Lomas de las Azucenas,Oaxaca de Juárez,067,lomas-de-las-azucenas-067-68045
68045,Providencia,Oaxaca de Juárez,067,providencia-067-68045
68050,El Chopo,Oaxaca de Juárez,067,el-chopo-067-68050
68050,La Luz,Oaxaca de Juárez,067,la-luz-067-68050
68050,Los Mangales,Oaxaca de Juárez,067,los-mangales-067-68050
68050,Papayo,Oaxaca de Juárez,067,papayo-067-68050
68050,América Norte,Oaxaca de Juárez,067,america-norte-067-68050
68050,Reforma,Oaxaca de Juárez,067,reforma-067-68050
68050,Unión y Progreso,Oaxaca de Juárez,067,union-y-progreso-067-68050
68060,Lomas de Antequera,Oaxaca de Juárez,067,lomas-de-antequera-067-68060
68067,Cerro del Fortin,Oaxaca de Juárez,067,cerro-del-fortin-067-68067
68068,Faldas del Fortín,Oaxaca de Juárez,067,faldas-del-fortin-067-68068
68068,Flavio Pérez Gazga,Oaxaca de Juárez,067,flavio-perez-gazga-067-68068
68070,Azucenas,Oaxaca de Juárez,067,azucenas-067-68070
68070,Luis Jiménez Figueroa,Oaxaca de Juárez,067,luis-jimenez-figueroa-067-68070
68070,La Paz,Oaxaca de Juárez,067,la-paz-067-68070
68070,Victoria,Oaxaca de Juárez,067,victoria-067-68070
68070,Guelaguetza,Oaxaca de Juárez,067,guelaguetza-067-68070
68075,El Peñasco,Oaxaca de Juárez,067,el-penasco-067-68075
68080,Independencia,Oaxaca de Juárez,067,independencia-067-68080
68080,Jalatlaco,Oaxaca de Juárez,067,jalatlaco-067-68080
68080,Trinidad de las Huertas,Oaxaca de Juárez,067,trinidad-de-las-huertas-067-68080
68080,Postal,Oaxaca de Juárez,067,postal-067-68080
68080,Los Pirus,Oaxaca de Juárez,067,los-pirus-067-68080
68080,Obrera,Oaxaca de Juárez,067,obrera-067-68080
68080,Hacienda,Oaxaca de Juárez,067,hacienda-067-68080
68080,Camino Nacional,Oaxaca de Juárez,067,camino-nacional-067-68080
68083,La Noria,Oaxaca de Juárez,067,la-noria-067-68083
68090,Artículo 123 Poniente,Oaxaca de Juárez,067,articulo-123-poniente-067-68090
68090,Cosijoeza,Oaxaca de Juárez,067,cosijoeza-067-68090
68090,Libertad,Oaxaca de Juárez,067,libertad-067-68090
68090,La Compuerta,Oaxaca de Juárez,067,la-compuerta-067-68090
68090,Arboleda,Oaxaca de Juárez,067,arboleda-067-68090
68090,Mercado de Abastos,Oaxaca de Juárez,067,mercado-de-abastos-067-68090
68100,Modelo,Oaxaca de Juárez,067,modelo-067-68100
68103,Morelos,Oaxaca de Juárez,067,morelos-067-68103
68103,Artículo 123 Oriente,Oaxaca de Juárez,067,articulo-123-oriente-067-68103
68103,Benito Juárez,Oaxaca de Juárez,067,benito-juarez-067-68103
68104,Militar,Oaxaca de Juárez,067,militar-067-68104
68104,América Sur,Oaxaca de Juárez,067,america-sur-067-68104
68110,UABJO,Oaxaca de Juárez,067,uabjo-067-68110
68115,José Vasconcelos,Oaxaca de Juárez,067,jose-vasconcelos-067-68115
68120,5 Señores,Oaxaca de Juárez,067,5-senores-067-68120
68120,Miguel Alemán Valdéz,Oaxaca de Juárez,067,miguel-aleman-valdez-067-68120
68120,San José de la Noria,Oaxaca de Juárez,067,san-jose-de-la-noria-067-68120
68120,Trinidad de las Huertas,Oaxaca de Juárez,067,trinidad-de-las-huertas-067-68120
68120,Surcos Largos,Oaxaca de Juárez,067,surcos-largos-067-68120
68120,Popular la Noria,Oaxaca de Juárez,067,popular-la-noria-067-68120
68125,Satélite,Oaxaca de Juárez,067,satelite-067-68125
68125,Paraje Campo Chico,Oaxaca de Juárez,067,paraje-campo-chico-067-68125
68125,Valle Esmeralda,Oaxaca de Juárez,067,valle-esmeralda-067-68125
68125,Valle de los Lirios,Oaxaca de Juárez,067,valle-de-los-lirios-067-68125
68125,Jardines del Valle,Oaxaca de Juárez,067,jardines-del-valle-067-68125
68126,El Arenal,Oaxaca de Juárez,067,el-arenal-067-68126
68127,La Cieneguita,Oaxaca de Juárez,067,la-cieneguita-067-68127
68128,Nuestra Señora Trinidad de las Huertas,Oaxaca de Juárez,067,nuestra-senora-trinidad-de-las-huertas-067-68128
68130,Candiani,Oaxaca de Juárez,067,candiani-067-68130
68133,Real de Candiani,Oaxaca de Juárez,067,real-de-candiani-067-68133
68133,Centro Comercial Plaza del Valle,Oaxaca de Juárez,067,centro-comercial-plaza-del-valle-067-68133
68134,Ex Hacienda Sangre de Cristo,Oaxaca de Juárez,067,ex-hacienda-sangre-de-cristo-067-68134
68140,El Arroyo,Oaxaca de Juárez,067,el-arroyo-067-68140
68140,Real Casa Blanca,Oaxaca de Juárez,067,real-casa-blanca-067-68140
68140,Lázaro Cárdenas 1a Secc,Oaxaca de Juárez,067,lazaro-cardenas-1a-secc-067-68140
68140,San Martín Mexicapam,Oaxaca de Juárez,067,san-martin-mexicapam-067-68140
68140,Arboledas del Valle,Oaxaca de Juárez,067,arboledas-del-valle-067-68140
68140,Poniente San Martín Mexicapam,Oaxaca de Juárez,067,poniente-san-martin-mexicapam-067-68140
68140,Netzahualcoyotl,Oaxaca de Juárez,067,netzahualcoyotl-067-68140
68143,Montoya,Oaxaca de Juárez,067,montoya-067-68143
68143,Jardines de las Lomas,Oaxaca de Juárez,067,jardines-de-las-lomas-067-68143
68143,Los Álamos INFONAVIT,Oaxaca de Juárez,067,los-alamos-infonavit-067-68143
68143,Los Álamos I.V.O.,Oaxaca de Juárez,067,los-alamos-ivo-067-68143
68143,Villas Montealbán,Oaxaca de Juárez,067,villas-montealban-067-68143
68143,I.V.O. Montoya,Oaxaca de Juárez,067,ivo-montoya-067-68143
68144,Jacarandas,Oaxaca de Juárez,067,jacarandas-067-68144
68144,El Arenal,Oaxaca de Juárez,067,el-arenal-067-68144
68144,La Joya,Oaxaca de Juárez,067,la-joya-067-68144
68144,Arboledas,Oaxaca de Juárez,067,arboledas-067-68144
68144,Estado de Oaxaca,Oaxaca de Juárez,067,estado-de-oaxaca-067-68144
68144,Azucena,Oaxaca de Juárez,067,azucena-067-68144
68144,Ejidal,Oaxaca de Juárez,067,ejidal-067-68144
68146,Itandehui,Oaxaca de Juárez,067,itandehui-067-68146
68146,Lázaro Cárdenas 2a Secc,Oaxaca de Juárez,067,lazaro-cardenas-2a-secc-067-68146
68146,Margarita Maza de Juárez,Oaxaca de Juárez,067,margarita-maza-de-juarez-067-68146
68146,Miguel Hidalgo,Oaxaca de Juárez,067,miguel-hidalgo-067-68146
68146,Margarita Maza 2a. Sección,Oaxaca de Juárez,067,margarita-maza-2a-seccion-067-68146
68146,Presidente Juárez,Oaxaca de Juárez,067,presidente-juarez-067-68146
68146,Lomas de los Pinos,Oaxaca de Juárez,067,lomas-de-los-pinos-067-68146
68146,Luis Donaldo Colosio,Oaxaca de Juárez,067,luis-donaldo-colosio-067-68146
68148,Emiliano Zapata,Oaxaca de Juárez,067,emiliano-zapata-067-68148
68148,Real Casa Blanca,Oaxaca de Juárez,067,real-casa-blanca-067-68148
68148,Real San Martín,Oaxaca de Juárez,067,real-san-martin-067-68148
68149,Jardines,Oaxaca de Juárez,067,jardines-067-68149
68150,California,Oaxaca de Juárez,067,california-067-68150
68150,Lomas de San Juan,Oaxaca de Juárez,067,lomas-de-san-juan-067-68150
68153,El Coquito,Oaxaca de Juárez,067,el-coquito-067-68153
68153,La Cuevita,Oaxaca de Juárez,067,la-cuevita-067-68153
68153,San Juan Chapultepec,Oaxaca de Juárez,067,san-juan-chapultepec-067-68153
68153,El Rosario Parte Baja,Oaxaca de Juárez,067,el-rosario-parte-baja-067-68153
68153,Leonardo Rodríguez Alcaine Etapa II,Oaxaca de Juárez,067,leonardo-rodriguez-alcaine-etapa-ii-067-68153
68153,La Fundición,Oaxaca de Juárez,067,la-fundicion-067-68153
68153,Leonardo Rodríguez Alcaine Etapa I,Oaxaca de Juárez,067,leonardo-rodriguez-alcaine-etapa-i-067-68153
68154,Pintores,Oaxaca de Juárez,067,pintores-067-68154
68154,La Fundición,Oaxaca de Juárez,067,la-fundicion-067-68154
68154,Moctezuma,Oaxaca de Juárez,067,moctezuma-067-68154
68154,Monte Albán,Oaxaca de Juárez,067,monte-alban-067-68154
68154,Jardines de la Sierra,Oaxaca de Juárez,067,jardines-de-la-sierra-067-68154
68154,Villas de Monte Albán GEO,Oaxaca de Juárez,067,villas-de-monte-alban-geo-067-68154
68155,Del Valle,Oaxaca de Juárez,067,del-valle-067-68155
68155,Las Peñas,Oaxaca de Juárez,067,las-penas-067-68155
68155,Santa Anita Parte Alta,Oaxaca de Juárez,067,santa-anita-parte-alta-067-68155
68155,Santa Anita Parte Media,Oaxaca de Juárez,067,santa-anita-parte-media-067-68155
68155,Santa Anita Parte Baja,Oaxaca de Juárez,067,santa-anita-parte-baja-067-68155
68155,Pedregal del Sur,Oaxaca de Juárez,067,pedregal-del-sur-067-68155
68156,Progreso Parte Alta,Oaxaca de Juárez,067,progreso-parte-alta-067-68156
68156,Progreso Parte Baja,Oaxaca de Juárez,067,progreso-parte-baja-067-68156
68156,El Rosario Parte Alta,Oaxaca de Juárez,067,el-rosario-parte-alta-067-68156
68156,Vicente Suárez,Oaxaca de Juárez,067,vicente-suarez-067-68156
68157,Del Rosario,Oaxaca de Juárez,067,del-rosario-067-68157
68157,Las Palmas,Oaxaca de Juárez,067,las-palmas-067-68157
68157,La Soledad,Oaxaca de Juárez,067,la-soledad-067-68157
68157,Guelaguetza,Oaxaca de Juárez,067,guelaguetza-067-68157
68157,La Soledad,Oaxaca de Juárez,067,la-soledad-067-68157-243
68157,Las Campanas,Oaxaca de Juárez,067,las-campanas-067-68157
68157,Primavera,Oaxaca de Juárez,067,primavera-067-68157
68159,Colinas de Monte Alban,Oaxaca de Juárez,067,colinas-de-monte-alban-067-68159
68200,Benito Juárez,Villa de Etla,338,benito-juarez-338-68200
68200,Solidaridad,Villa de Etla,338,solidaridad-338-68200
68200,Peña Chica,Villa de Etla,338,pena-chica-338-68200
68200,Moctezuma,Villa de Etla,338,moctezuma-338-68200
68200,Santo Domingo Barrio Bajo,Villa de Etla,338,santo-domingo-barrio-bajo-338-68200
68200,Villa de Etla Centro,Villa de Etla,338,villa-de-etla-centro-338-68200
68200,Santo Domingo,Villa de Etla,338,santo-domingo-338-68200
68200,Santo Domingo Barrio Alto,Villa de Etla,338,santo-domingo-barrio-alto-338-68200
68200,Nativitas Etla,Villa de Etla,338,nativitas-etla-338-68200
68200,San José,Villa de Etla,338,san-jose-338-68200
68204,El Porvenir,San Juan Bautista Atatlahuca,175,el-porvenir-175-68204
68204,San Juan Bautista Atatlahuca,San Juan Bautista Atatlahuca,175,san-juan-bautista-atatlahuca-175-68204
68205,Zoquiápan Boca de los Ríos,San Juan Bautista Atatlahuca,175,zoquiapan-boca-de-los-rios-175-68205
68207,El Parián,San Jerónimo Sosola,161,el-parian-161-68207
68207,Cruz de Piedra,San Jerónimo Sosola,161,cruz-de-piedra-161-68207
68207,San Juan Sosola,San Jerónimo Sosola,161,san-juan-sosola-161-68207
68207,San Jerónimo Sosola,San Jerónimo Sosola,161,san-jeronimo-sosola-161-68207
68207,Minas de Llano Verde,San Jerónimo Sosola,161,minas-de-llano-verde-161-68207
68207,Santa Lucía Sosola,San Jerónimo Sosola,161,santa-lucia-sosola-161-68207
68207,San José Sosola,San Jerónimo Sosola,161,san-jose-sosola-161-68207
68207,Río Florido Sosola,San Jerónimo Sosola,161,rio-florido-sosola-161-68207
68207,San Mateo Sosola,San Jerónimo Sosola,161,san-mateo-sosola-161-68207
68208,La Ciénega,San Jerónimo Sosola,161,la-cienega-161-68208
68208,Cieneguilla,San Jerónimo Sosola,161,cieneguilla-161-68208
68208,Santa María Tejotepec,San Jerónimo Sosola,161,santa-maria-tejotepec-161-68208
68210,San Juan Bautista Jayacatlán,San Juan Bautista Jayacatlán,179,san-juan-bautista-jayacatlan-179-68210
68213,Barrio Bajo,San Francisco Telixtlahuaca,150,barrio-bajo-150-68213
68213,Independencia,San Francisco Telixtlahuaca,150,independencia-150-68213
68213,Agua Blanca,San Francisco Telixtlahuaca,150,agua-blanca-150-68213
68213,San Francisco Telixtlahuaca Centro,San Francisco Telixtlahuaca,150,san-francisco-telixtlahuaca-centro-150-68213
68213,Constitución,San Francisco Telixtlahuaca,150,constitucion-150-68213
68213,El Calvario,San Francisco Telixtlahuaca,150,el-calvario-150-68213
68213,El Gusanito,San Francisco Telixtlahuaca,150,el-gusanito-150-68213
68213,El Llano,San Francisco Telixtlahuaca,150,el-llano-150-68213
68213,Santa Cruz el Salto,San Francisco Telixtlahuaca,150,santa-cruz-el-salto-150-68213
68213,Cerro Loma Venta,San Francisco Telixtlahuaca,150,cerro-loma-venta-150-68213
68213,Arroyo Río Seco,San Francisco Telixtlahuaca,150,arroyo-rio-seco-150-68213
68213,Cerro de Piedra Blanca,San Francisco Telixtlahuaca,150,cerro-de-piedra-blanca-150-68213
68213,San José la Fragua,San Francisco Telixtlahuaca,150,san-jose-la-fragua-150-68213
68213,Llano de Monjas,San Francisco Telixtlahuaca,150,llano-de-monjas-150-68213
68214,Las Sedas,San Francisco Telixtlahuaca,150,las-sedas-150-68214
68214,San Sebastián Sedas,San Francisco Telixtlahuaca,150,san-sebastian-sedas-150-68214
68214,Ojo de Agua,San Francisco Telixtlahuaca,150,ojo-de-agua-150-68214
68216,Las Trancas,San Francisco Telixtlahuaca,150,las-trancas-150-68216
68216,Faustino G. Olivera,San Francisco Telixtlahuaca,150,faustino-g-olivera-150-68216
68217,La Cieneguilla,Santiago Tenango,487,la-cieneguilla-487-68217
68217,Santiago Tenango,Santiago Tenango,487,santiago-tenango-487-68217
68218,Loma Larga,Santiago Tenango,487,loma-larga-487-68218
68218,El Mogote del Sol,Santiago Tenango,487,el-mogote-del-sol-487-68218
68218,El Correo,Santiago Tenango,487,el-correo-487-68218
68219,La Carbonera,Santiago Tenango,487,la-carbonera-487-68219
68219,El Huerto,Santiago Tenango,487,el-huerto-487-68219
68219,El Tejocote,Santiago Tenango,487,el-tejocote-487-68219
68220,Centro de la Primera Sección,San Pablo Huitzo,294,centro-de-la-primera-seccion-294-68220
68220,Santa María Tenéxpam,San Pablo Huitzo,294,santa-maria-tenexpam-294-68220
68220,Esmeralda de la Primera Sección,San Pablo Huitzo,294,esmeralda-de-la-primera-seccion-294-68220
68220,Centro de la Segunda Sección,San Pablo Huitzo,294,centro-de-la-segunda-seccion-294-68220
68220,Centro de la Tercera Sección,San Pablo Huitzo,294,centro-de-la-tercera-seccion-294-68220
68220,La Primavera de la Segunda Sección,San Pablo Huitzo,294,la-primavera-de-la-segunda-seccion-294-68220
68220,La Cruz de la Segunda Sección,San Pablo Huitzo,294,la-cruz-de-la-segunda-seccion-294-68220
68220,Guadalupe de la Primera Sección,San Pablo Huitzo,294,guadalupe-de-la-primera-seccion-294-68220
68220,Ojo de Agua de la Primera Sección,San Pablo Huitzo,294,ojo-de-agua-de-la-primera-seccion-294-68220
68220,Agua Blanca de la Primera Sección,San Pablo Huitzo,294,agua-blanca-de-la-primera-seccion-294-68220
68220,La Cantera de la Primera Sección,San Pablo Huitzo,294,la-cantera-de-la-primera-seccion-294-68220
68220,El Guayabal de la Segunda Sección,San Pablo Huitzo,294,el-guayabal-de-la-segunda-seccion-294-68220
68220,Yutetoto de la Segunda Sección,San Pablo Huitzo,294,yutetoto-de-la-segunda-seccion-294-68220
68220,Coquito de la Segunda Sección,San Pablo Huitzo,294,coquito-de-la-segunda-seccion-294-68220
68220,Cañada Chisme de la Primera Sección,San Pablo Huitzo,294,canada-chisme-de-la-primera-seccion-294-68220
68220,Yuteyito,San Pablo Huitzo,294,yuteyito-294-68220
68220,Cristo Rey de la Primera Sección,San Pablo Huitzo,294,cristo-rey-de-la-primera-seccion-294-68220
68220,Cantarranas de la Primera Sección,San Pablo Huitzo,294,cantarranas-de-la-primera-seccion-294-68220
68220,El Mezquite de la Segunda Sección,San Pablo Huitzo,294,el-mezquite-de-la-segunda-seccion-294-68220
68220,El Llano de la Segunda Sección,San Pablo Huitzo,294,el-llano-de-la-segunda-seccion-294-68220
68222,Joyas del Río Blanco,San Pablo Huitzo,294,joyas-del-rio-blanco-294-68222
68222,El Espinal (Piedra Moral),San Pablo Huitzo,294,el-espinal-piedra-moral-294-68222
68224,San Juan del Estado,San Juan del Estado,193,san-juan-del-estado-193-68224
68226,Paraje la Soledad (El Arenal),Magdalena Apasco,045,paraje-la-soledad-el-arenal-045-68226
68226,La Cieneguita,Magdalena Apasco,045,la-cieneguita-045-68226
68226,La Peña,Magdalena Apasco,045,la-pena-045-68226
68226,Magdalena Apasco,Magdalena Apasco,045,magdalena-apasco-045-68226
68226,Parque Industrial Maquilador 2000,Magdalena Apasco,045,parque-industrial-maquilador-2000-045-68226
68227,Santa Martha Etla,Magdalena Apasco,045,santa-martha-etla-045-68227
68228,La Libertad Xochimilco (Segunda Sección),Magdalena Apasco,045,la-libertad-xochimilco-segunda-seccion-045-68228
68228,De Lache,Magdalena Apasco,045,de-lache-045-68228
68228,San Sebastián Xochimilco,Magdalena Apasco,045,san-sebastian-xochimilco-045-68228
68228,Ex-Hacienda Catano,Magdalena Apasco,045,ex-hacienda-catano-045-68228
68228,San Isidro Catano,Magdalena Apasco,045,san-isidro-catano-045-68228
68230,Del Sol,Santiago Suchilquitongo,483,del-sol-483-68230
68230,Santiago Suchilquitongo Centro,Santiago Suchilquitongo,483,santiago-suchilquitongo-centro-483-68230
68230,Del Agua Buena,Santiago Suchilquitongo,483,del-agua-buena-483-68230
68230,Del Atayúco,Santiago Suchilquitongo,483,del-atayuco-483-68230
68230,Del Peñasco,Santiago Suchilquitongo,483,del-penasco-483-68230
68230,Del Arena,Santiago Suchilquitongo,483,del-arena-483-68230
68230,De la Reforma,Santiago Suchilquitongo,483,de-la-reforma-483-68230
68230,De la Santa Cruz,Santiago Suchilquitongo,483,de-la-santa-cruz-483-68230
68230,De las Limas,Santiago Suchilquitongo,483,de-las-limas-483-68230
68230,Los Tunillos,Santiago Suchilquitongo,483,los-tunillos-483-68230
68230,Lázaro Cárdenas,Santiago Suchilquitongo,483,lazaro-cardenas-483-68230
68230,Nuevo,Santiago Suchilquitongo,483,nuevo-483-68230
68230,El Aguacatal,Santiago Suchilquitongo,483,el-aguacatal-483-68230
68230,Tetiche,Santiago Suchilquitongo,483,tetiche-483-68230
68232,Tierra Blanca,Santiago Suchilquitongo,483,tierra-blanca-483-68232
68232,El Pedregal,Santiago Suchilquitongo,483,el-pedregal-483-68232
68232,El Zapotal,Santiago Suchilquitongo,483,el-zapotal-483-68232
68232,Santa Cruz Lachixolana,Santiago Suchilquitongo,483,santa-cruz-lachixolana-483-68232
68232,Santo Domingo Tlaltinango,Santiago Suchilquitongo,483,santo-domingo-tlaltinango-483-68232
68233,El Llano Grande,Santiago Suchilquitongo,483,el-llano-grande-483-68233
68233,Rancho el Zopilote,Santiago Suchilquitongo,483,rancho-el-zopilote-483-68233
68234,San Juan Bautista Guelache,San Juan Bautista Guelache,178,san-juan-bautista-guelache-178-68234
68235,La Finca,San Juan Bautista Guelache,178,la-finca-178-68235
68236,San Miguel Etla,San Juan Bautista Guelache,178,san-miguel-etla-178-68236
68236,Santos Degollado,San Juan Bautista Guelache,178,santos-degollado-178-68236
68236,Asunción Etla,San Juan Bautista Guelache,178,asuncion-etla-178-68236
68236,San Gabriel Etla,San Juan Bautista Guelache,178,san-gabriel-etla-178-68236
68236,Villas San Miguel,San Juan Bautista Guelache,178,villas-san-miguel-178-68236
68236,El Vergel,San Juan Bautista Guelache,178,el-vergel-178-68236
68237,Los Reyes,Reyes Etla,077,los-reyes-077-68237
68237,Reyes Etla,Reyes Etla,077,reyes-etla-077-68237
68237,San Juan de Dios,Reyes Etla,077,san-juan-de-dios-077-68237
68238,Hacienda Vieja (Zompantle),Reyes Etla,077,hacienda-vieja-zompantle-077-68238
68238,Los Tres Reyes,Reyes Etla,077,los-tres-reyes-077-68238
68238,San Lázaro Etla,Reyes Etla,077,san-lazaro-etla-077-68238
68240,Lomas de Nazareno,Nazareno Etla,063,lomas-de-nazareno-063-68240
68240,Nazareno Etla,Nazareno Etla,063,nazareno-etla-063-68240
68244,Paraje La Fresnera,San Andrés Zautla,102,paraje-la-fresnera-102-68244
68244,Tierra y Libertad,San Andrés Zautla,102,tierra-y-libertad-102-68244
68244,Santa Mónica,San Andrés Zautla,102,santa-monica-102-68244
68244,San Andrés Zautla,San Andrés Zautla,102,san-andres-zautla-102-68244
68244,Alemán,San Andrés Zautla,102,aleman-102-68244
68244,San Isidro,San Andrés Zautla,102,san-isidro-102-68244
68247,La Reforma,San Agustín Etla,084,la-reforma-084-68247
68247,Cristo Rey,San Agustín Etla,084,cristo-rey-084-68247
68247,La Azucena,San Agustín Etla,084,la-azucena-084-68247
68247,El Zapotal,San Agustín Etla,084,el-zapotal-084-68247
68247,El Panteón,San Agustín Etla,084,el-panteon-084-68247
68247,San Agustín Etla,San Agustín Etla,084,san-agustin-etla-084-68247
68247,La Ferrería,San Agustín Etla,084,la-ferreria-084-68247
68247,Vista Hermosa,San Agustín Etla,084,vista-hermosa-084-68247
68248,Rancho de los Jiménez,San Agustín Etla,084,rancho-de-los-jimenez-084-68248
68248,Río Salinas,San Agustín Etla,084,rio-salinas-084-68248
68250,Chapultepec,Soledad Etla,539,chapultepec-539-68250
68250,Las Flores,Soledad Etla,539,las-flores-539-68250
68250,El Arroyo Veinte,Soledad Etla,539,el-arroyo-veinte-539-68250
68250,Soledad Etla,Soledad Etla,539,soledad-etla-539-68250
68250,El Sabino,Soledad Etla,539,el-sabino-539-68250
68250,Estanzuela,Soledad Etla,539,estanzuela-539-68250
68250,Matadamas,Soledad Etla,539,matadamas-539-68250
68254,Santo Tomas Mazaltepec,Santo Tomás Mazaltepec,531,santo-tomas-mazaltepec-531-68254
68256,Guadalupe Etla,Guadalupe Etla,033,guadalupe-etla-033-68256
68256,San José el Mogote,Guadalupe Etla,033,san-jose-el-mogote-033-68256
68257,La Resurrección,Guadalupe Etla,033,la-resurreccion-033-68257
68257,La Capellanía,Guadalupe Etla,033,la-capellania-033-68257
68258,6 de Enero,San Pablo Etla,293,6-de-enero-293-68258
68258,La Loma,San Pablo Etla,293,la-loma-293-68258
68258,Rancho el Mezquite,San Pablo Etla,293,rancho-el-mezquite-293-68258
68258,El Progreso,San Pablo Etla,293,el-progreso-293-68258
68258,San Pablo Etla,San Pablo Etla,293,san-pablo-etla-293-68258
68258,San Sebastián,San Pablo Etla,293,san-sebastian-293-68258
68258,Santa Cruz Etla,San Pablo Etla,293,santa-cruz-etla-293-68258
68258,Poblado Morelos,San Pablo Etla,293,poblado-morelos-293-68258
68258,Morelos,San Pablo Etla,293,morelos-293-68258
68258,Benito Juárez,San Pablo Etla,293,benito-juarez-293-68258
68258,La Ocotera,San Pablo Etla,293,la-ocotera-293-68258
68258,Fraternidad Mazateca,San Pablo Etla,293,fraternidad-mazateca-293-68258
68259,Villas Hacienda Blanca,San Pablo Etla,293,villas-hacienda-blanca-293-68259
68259,La Esmeralda,San Pablo Etla,293,la-esmeralda-293-68259
68259,El Manantial,San Pablo Etla,293,el-manantial-293-68259
68259,Hacienda Blanca,San Pablo Etla,293,hacienda-blanca-293-68259
68259,Rinconada San Pablo,San Pablo Etla,293,rinconada-san-pablo-293-68259
68259,El Roble,San Pablo Etla,293,el-roble-293-68259
68259,Morelos,San Pablo Etla,293,morelos-293-68259
68259,Residencial Hacienda Blanca,San Pablo Etla,293,residencial-hacienda-blanca-293-68259
68260,El Copalito,San Felipe Tejalápam,135,el-copalito-135-68260
68260,Tierra Colorada,San Felipe Tejalápam,135,tierra-colorada-135-68260
68260,El Chilar,San Felipe Tejalápam,135,el-chilar-135-68260
68260,La Aurora,San Felipe Tejalápam,135,la-aurora-135-68260
68260,San Felipe Tejalápam,San Felipe Tejalápam,135,san-felipe-tejalapam-135-68260
68260,La Unión,San Felipe Tejalápam,135,la-union-135-68260
68261,El Tecolote,San Felipe Tejalápam,135,el-tecolote-135-68261
68261,El Paredón,San Felipe Tejalápam,135,el-paredon-135-68261
68261,Lovecina (Lodo de Arcilla),San Felipe Tejalápam,135,lovecina-lodo-de-arcilla-135-68261
68261,La Mendoza,San Felipe Tejalápam,135,la-mendoza-135-68261
68262,El Cucharal,San Felipe Tejalápam,135,el-cucharal-135-68262
68262,El Sauz,San Felipe Tejalápam,135,el-sauz-135-68262
68262,Cañada Cera,San Felipe Tejalápam,135,canada-cera-135-68262
68262,Llano Madera,San Felipe Tejalápam,135,llano-madera-135-68262
68262,Llano el Coyote,San Felipe Tejalápam,135,llano-el-coyote-135-68262
68262,El Gavillero,San Felipe Tejalápam,135,el-gavillero-135-68262
68262,La Mesa,San Felipe Tejalápam,135,la-mesa-135-68262
68262,Río Seco,San Felipe Tejalápam,135,rio-seco-135-68262
68262,La Nopalera,San Felipe Tejalápam,135,la-nopalera-135-68262
68262,Mal Paso,San Felipe Tejalápam,135,mal-paso-135-68262
68262,Jalapa Del Valle,San Felipe Tejalápam,135,jalapa-del-valle-135-68262
68262,La Unión,San Felipe Tejalápam,135,la-union-135-68262
68263,San Lorenzo Cacaotepec,San Lorenzo Cacaotepec,227,san-lorenzo-cacaotepec-227-68263
68263,Rancho Hacienda Vieja,San Lorenzo Cacaotepec,227,rancho-hacienda-vieja-227-68263
68263,Juquilita,San Lorenzo Cacaotepec,227,juquilita-227-68263
68263,La Joya,San Lorenzo Cacaotepec,227,la-joya-227-68263
68263,Riveras del Arenal,San Lorenzo Cacaotepec,227,riveras-del-arenal-227-68263
68263,El Arenal,San Lorenzo Cacaotepec,227,el-arenal-227-68263
68263,La Gloria,San Lorenzo Cacaotepec,227,la-gloria-227-68263
68263,La Soledad,San Lorenzo Cacaotepec,227,la-soledad-227-68263
68263,La Era,San Lorenzo Cacaotepec,227,la-era-227-68263
68263,Alto,San Lorenzo Cacaotepec,227,alto-227-68263
68263,Bajo,San Lorenzo Cacaotepec,227,bajo-227-68263
68263,San Antonio,San Lorenzo Cacaotepec,227,san-antonio-227-68263
68263,San Isidro,San Lorenzo Cacaotepec,227,san-isidro-227-68263
68263,Paraje los Pintos,San Lorenzo Cacaotepec,227,paraje-los-pintos-227-68263
68263,Loma Rigues,San Lorenzo Cacaotepec,227,loma-rigues-227-68263
68264,7 de Marzo,San Lorenzo Cacaotepec,227,7-de-marzo-227-68264
68264,Guadalupe Hidalgo,San Lorenzo Cacaotepec,227,guadalupe-hidalgo-227-68264
68264,Santiago Etla,San Lorenzo Cacaotepec,227,santiago-etla-227-68264
68264,La Espinera,San Lorenzo Cacaotepec,227,la-espinera-227-68264
68264,Andrés Henestrosa,San Lorenzo Cacaotepec,227,andres-henestrosa-227-68264
68264,San Luis,San Lorenzo Cacaotepec,227,san-luis-227-68264
68264,Santa Ana,San Lorenzo Cacaotepec,227,santa-ana-227-68264
68264,El Manantial,San Lorenzo Cacaotepec,227,el-manantial-227-68264
68264,Paraje la Soledad,San Lorenzo Cacaotepec,227,paraje-la-soledad-227-68264
68264,Rancho las Tareas,San Lorenzo Cacaotepec,227,rancho-las-tareas-227-68264
68264,Rancho el Ensueño,San Lorenzo Cacaotepec,227,rancho-el-ensueno-227-68264
68264,El Pastón,San Lorenzo Cacaotepec,227,el-paston-227-68264
68264,El Trapiche,San Lorenzo Cacaotepec,227,el-trapiche-227-68264
68264,Loma Cuache,San Lorenzo Cacaotepec,227,loma-cuache-227-68264
68264,Paraje el Zapotal,San Lorenzo Cacaotepec,227,paraje-el-zapotal-227-68264
68264,Paraje San Nicolás,San Lorenzo Cacaotepec,227,paraje-san-nicolas-227-68264
68266,San Mateo Tepantepec,Santa María Peñoles,426,san-mateo-tepantepec-426-68266
68266,Santa María Peñoles,Santa María Peñoles,426,santa-maria-penoles-426-68266
68266,Río Hondo,Santa María Peñoles,426,rio-hondo-426-68266
68267,San Pedro Cholula,Santa María Peñoles,426,san-pedro-cholula-426-68267
68267,Santa Catarina Estetla,Santa María Peñoles,426,santa-catarina-estetla-426-68267
68267,San José Contreras Tepantepec,Santa María Peñoles,426,san-jose-contreras-tepantepec-426-68267
68267,Duraznal,Santa María Peñoles,426,duraznal-426-68267
68267,Cañada de Hielo,Santa María Peñoles,426,canada-de-hielo-426-68267
68267,San Isidro Buenavista,Santa María Peñoles,426,san-isidro-buenavista-426-68267
68267,El ManzanitoTepantepec,Santa María Peñoles,426,el-manzanitotepantepec-426-68267
68267,Los Sabinos,Santa María Peñoles,426,los-sabinos-426-68267
68267,Tierra Caliente Tepantepec,Santa María Peñoles,426,tierra-caliente-tepantepec-426-68267
68267,El Carrizal,Santa María Peñoles,426,el-carrizal-426-68267
68268,Cerro de Águila (Tierra Caliente),Santiago Tlazoyaltepec,494,cerro-de-aguila-tierra-caliente-494-68268
68268,Loma Corazón,Santiago Tlazoyaltepec,494,loma-corazon-494-68268
68268,Loma de Jícara (Tierra Caliente),Santiago Tlazoyaltepec,494,loma-de-jicara-tierra-caliente-494-68268
68268,Tierra Caliente,Santiago Tlazoyaltepec,494,tierra-caliente-494-68268
68268,Llano Grande (Tierra Caliente),Santiago Tlazoyaltepec,494,llano-grande-tierra-caliente-494-68268
68268,Tierra Colorada (Tierra Caliente),Santiago Tlazoyaltepec,494,tierra-colorada-tierra-caliente-494-68268
68268,Loma de Manzanita,Santiago Tlazoyaltepec,494,loma-de-manzanita-494-68268
68268,Santiago Huaxolotipac,Santiago Tlazoyaltepec,494,santiago-huaxolotipac-494-68268
68268,Santiago Tlazoyaltepec,Santiago Tlazoyaltepec,494,santiago-tlazoyaltepec-494-68268
68269,Buena Vista,Santiago Tlazoyaltepec,494,buena-vista-494-68269
68269,Loma de Águila,Santiago Tlazoyaltepec,494,loma-de-aguila-494-68269
68269,Loma Larga,Santiago Tlazoyaltepec,494,loma-larga-494-68269
68269,Cañada de Yukcimil,Santiago Tlazoyaltepec,494,canada-de-yukcimil-494-68269
68269,El Surco,Santiago Tlazoyaltepec,494,el-surco-494-68269
68269,El Gachupin,Santiago Tlazoyaltepec,494,el-gachupin-494-68269
68270,Tlalixtac de Cabrera,Tlalixtac de Cabrera,553,tlalixtac-de-cabrera-553-68270
68270,Fraile,Tlalixtac de Cabrera,553,fraile-553-68270
68270,La Trinidad,Tlalixtac de Cabrera,553,la-trinidad-553-68270
68270,San Antonio,Tlalixtac de Cabrera,553,san-antonio-553-68270
68270,Los Compadres,Tlalixtac de Cabrera,553,los-compadres-553-68270
68270,S S A,Tlalixtac de Cabrera,553,s-s-a-553-68270
68270,Fraternidad Serrana,Tlalixtac de Cabrera,553,fraternidad-serrana-553-68270
68270,Lomas de Las Azucenas,Tlalixtac de Cabrera,553,lomas-de-las-azucenas-553-68270
68270,San Miguel,Tlalixtac de Cabrera,553,san-miguel-553-68270
68273,Santa Catalina de Sena,Tlalixtac de Cabrera,553,santa-catalina-de-sena-553-68273
68274,Eucaliptos,Oaxaca de Juárez,067,eucaliptos-067-68274
68274,Pueblo Nuevo Parte Alta,Oaxaca de Juárez,067,pueblo-nuevo-parte-alta-067-68274
68274,"Manzana 47 y 48 ""A""",Oaxaca de Juárez,067,manzana-47-y-48-a-067-68274
68274,"Manzana 48 "" B""",Oaxaca de Juárez,067,manzana-48-b-067-68274
68274,Pueblo Nuevo,Oaxaca de Juárez,067,pueblo-nuevo-067-68274
68274,El Manantial,Oaxaca de Juárez,067,el-manantial-067-68274
68274,Los Ángeles,Oaxaca de Juárez,067,los-angeles-067-68274
68274,Reforestación,Oaxaca de Juárez,067,reforestacion-067-68274
68274,Constituyentes,Oaxaca de Juárez,067,constituyentes-067-68274
68274,San Rafael,Oaxaca de Juárez,067,san-rafael-067-68274
68274,9 de Mayo,Oaxaca de Juárez,067,9-de-mayo-067-68274
68275,Los Laureles,Oaxaca de Juárez,067,los-laureles-067-68275
68275,Paraje la Humedad,Oaxaca de Juárez,067,paraje-la-humedad-067-68275
68275,Insurgentes,Oaxaca de Juárez,067,insurgentes-067-68275
68275,Paraje la Trinidad,Oaxaca de Juárez,067,paraje-la-trinidad-067-68275
68275,Paraje Santa María,Oaxaca de Juárez,067,paraje-santa-maria-067-68275
68275,Paraje los Nogales,Oaxaca de Juárez,067,paraje-los-nogales-067-68275
68275,Paraje San Andrés,Oaxaca de Juárez,067,paraje-san-andres-067-68275
68276,Paraje los Guajes,Oaxaca de Juárez,067,paraje-los-guajes-067-68276
68276,Paraje Los Pretiles,Oaxaca de Juárez,067,paraje-los-pretiles-067-68276
68276,Paraje las Puertas,Oaxaca de Juárez,067,paraje-las-puertas-067-68276
68276,La Loma,Oaxaca de Juárez,067,la-loma-067-68276
68276,La Joya,Oaxaca de Juárez,067,la-joya-067-68276
68276,Patria Nueva,Oaxaca de Juárez,067,patria-nueva-067-68276
68276,Presidentes de México,Oaxaca de Juárez,067,presidentes-de-mexico-067-68276
68276,San Isidro,Oaxaca de Juárez,067,san-isidro-067-68276
68276,Trinidad de Viguera,Oaxaca de Juárez,067,trinidad-de-viguera-067-68276
68276,Paraje la Maguellera,Oaxaca de Juárez,067,paraje-la-maguellera-067-68276
68276,Paraje San Pedro,Oaxaca de Juárez,067,paraje-san-pedro-067-68276
68276,Paraje la Cortina,Oaxaca de Juárez,067,paraje-la-cortina-067-68276
68277,Guadalupe Victoria Segunda Sección (La Mina),Oaxaca de Juárez,067,guadalupe-victoria-segunda-seccion-la-mina-067-68277
68278,Camino Ancho,Oaxaca de Juárez,067,camino-ancho-067-68278
68278,Los Arcos,Oaxaca de Juárez,067,los-arcos-067-68278
68278,Miravalle,Oaxaca de Juárez,067,miravalle-067-68278
68278,Paraje Caballetillo,Oaxaca de Juárez,067,paraje-caballetillo-067-68278
68278,El Cerrito,Oaxaca de Juárez,067,el-cerrito-067-68278
68278,Paraje el Pando,Oaxaca de Juárez,067,paraje-el-pando-067-68278
68278,Paraje Pio V (Ojito de Agua),Oaxaca de Juárez,067,paraje-pio-v-ojito-de-agua-067-68278
68278,Tierra Colorada,Oaxaca de Juárez,067,tierra-colorada-067-68278
68278,Río Dulce (Parte Alta),Oaxaca de Juárez,067,rio-dulce-parte-alta-067-68278
68278,Río Dulce (Parte Baja),Oaxaca de Juárez,067,rio-dulce-parte-baja-067-68278
68278,San Bernardo,Oaxaca de Juárez,067,san-bernardo-067-68278
68278,La Canoa,Oaxaca de Juárez,067,la-canoa-067-68278
68278,La Loma,Oaxaca de Juárez,067,la-loma-067-68278
68280,Arroyo Loma de Trigo,Oaxaca de Juárez,067,arroyo-loma-de-trigo-067-68280
68280,Guadalupe Victoria,Oaxaca de Juárez,067,guadalupe-victoria-067-68280
68280,El Pedregal,Oaxaca de Juárez,067,el-pedregal-067-68280
68280,Lachigulera,Oaxaca de Juárez,067,lachigulera-067-68280
68280,Loma Trigo,Oaxaca de Juárez,067,loma-trigo-067-68280
68280,Rancho el Chilar,Oaxaca de Juárez,067,rancho-el-chilar-067-68280
68283,Rancho los Girasoles,Oaxaca de Juárez,067,rancho-los-girasoles-067-68283
68284,Arbolada Ilusión,Oaxaca de Juárez,067,arbolada-ilusion-067-68284
68285,Pinos Esmeralda,San Jacinto Amilpas,157,pinos-esmeralda-157-68285
68285,Ejidal,San Jacinto Amilpas,157,ejidal-157-68285
68285,Nuevo México,San Jacinto Amilpas,157,nuevo-mexico-157-68285
68285,Granjas y Huertos Brenamiel,San Jacinto Amilpas,157,granjas-y-huertos-brenamiel-157-68285
68285,El Arenal,San Jacinto Amilpas,157,el-arenal-157-68285
68285,San Jacinto Amilpas,San Jacinto Amilpas,157,san-jacinto-amilpas-157-68285
68285,Arbolada Brenamiel,San Jacinto Amilpas,157,arbolada-brenamiel-157-68285
68285,Azteca,San Jacinto Amilpas,157,azteca-157-68285
68285,El Pilar,San Jacinto Amilpas,157,el-pilar-157-68285
68285,Jardines de la Primavera,San Jacinto Amilpas,157,jardines-de-la-primavera-157-68285
68285,Orquideas,San Jacinto Amilpas,157,orquideas-157-68285
68285,Residencial San Jacinto,San Jacinto Amilpas,157,residencial-san-jacinto-157-68285
68285,Cuauhtémoc Cárdenas Solórzano,San Jacinto Amilpas,157,cuauhtemoc-cardenas-solorzano-157-68285
68285,La República,San Jacinto Amilpas,157,la-republica-157-68285
68285,Real San Jacinto,San Jacinto Amilpas,157,real-san-jacinto-157-68285
68285,Los Ángeles,San Jacinto Amilpas,157,los-angeles-157-68285
68285,Santo Domingo,San Jacinto Amilpas,157,santo-domingo-157-68285
68285,Sauces,San Jacinto Amilpas,157,sauces-157-68285
68285,Tulipanes,San Jacinto Amilpas,157,tulipanes-157-68285
68285,Yagul,San Jacinto Amilpas,157,yagul-157-68285
68285,Zimateco,San Jacinto Amilpas,157,zimateco-157-68285
68285,Los Naranjos,San Jacinto Amilpas,157,los-naranjos-157-68285
68285,Emiliano Zapata,San Jacinto Amilpas,157,emiliano-zapata-157-68285
68285,Heberto Castillo,San Jacinto Amilpas,157,heberto-castillo-157-68285
68285,Los Jacintos,San Jacinto Amilpas,157,los-jacintos-157-68285
68285,San Antonio,San Jacinto Amilpas,157,san-antonio-157-68285
68285,"Pintores I, II y III Etapa",San Jacinto Amilpas,157,pintores-i-ii-y-iii-etapa-157-68285
68285,Los Girasoles,San Jacinto Amilpas,157,los-girasoles-157-68285
68285,Alhelíes,San Jacinto Amilpas,157,alhelies-157-68285
68285,Los Duraznos,San Jacinto Amilpas,157,los-duraznos-157-68285
68285,Antequera,San Jacinto Amilpas,157,antequera-157-68285
68285,Camino Real,San Jacinto Amilpas,157,camino-real-157-68285
68285,Bugambilias,San Jacinto Amilpas,157,bugambilias-157-68285
68285,Santa Cruz,San Jacinto Amilpas,157,santa-cruz-157-68285
68285,Sharon,San Jacinto Amilpas,157,sharon-157-68285
68285,Residencial Zaachila,San Jacinto Amilpas,157,residencial-zaachila-157-68285
68287,Loma San Antonio,San Andrés Huayápam,091,loma-san-antonio-091-68287
68287,San Andrés Huayápam,San Andrés Huayápam,091,san-andres-huayapam-091-68287
68288,Laureles,San Andrés Huayápam,091,laureles-091-68288
68288,Las Salinas,San Andrés Huayápam,091,las-salinas-091-68288
68288,Guelaguetza,San Andrés Huayápam,091,guelaguetza-091-68288
68288,Jazmines,San Andrés Huayápam,091,jazmines-091-68288
68288,Lomas de Sierra Juárez 1a Sección,San Andrés Huayápam,091,lomas-de-sierra-juarez-1a-seccion-091-68288
68288,Lomas del Jardín,San Andrés Huayápam,091,lomas-del-jardin-091-68288
68288,Paraje de las Salinas,San Andrés Huayápam,091,paraje-de-las-salinas-091-68288
68288,3 de Marzo,San Andrés Huayápam,091,3-de-marzo-091-68288
68288,El Pipe,San Andrés Huayápam,091,el-pipe-091-68288
68288,El Sandial,San Andrés Huayápam,091,el-sandial-091-68288
68288,Zoogocho,San Andrés Huayápam,091,zoogocho-091-68288
68288,14 de Febrero,San Andrés Huayápam,091,14-de-febrero-091-68288
68288,Lomas de Sierra Juárez 2a Sección,San Andrés Huayápam,091,lomas-de-sierra-juarez-2a-seccion-091-68288
68288,Jardines de Huayapam,San Andrés Huayápam,091,jardines-de-huayapam-091-68288
68288,Crisantemos,San Andrés Huayápam,091,crisantemos-091-68288
68290,San Agustín Yatareni,San Agustín Yatareni,087,san-agustin-yatareni-087-68290
68290,Señorio San Agustín,San Agustín Yatareni,087,senorio-san-agustin-087-68290
68293,Santo Domingo Tomaltepec,Santo Domingo Tomaltepec,519,santo-domingo-tomaltepec-519-68293
68297,La Trinidad,Santa María del Tule,409,la-trinidad-409-68297
68297,Paraje la Trinidad,Santa María del Tule,409,paraje-la-trinidad-409-68297
68297,Kilómetro 16.5,Santa María del Tule,409,kilometro-165-409-68297
68297,Santa María del Tule,Santa María del Tule,409,santa-maria-del-tule-409-68297
68297,El Nogal,Santa María del Tule,409,el-nogal-409-68297
68297,El Retiro,Santa María del Tule,409,el-retiro-409-68297
68297,Violetas,Santa María del Tule,409,violetas-409-68297
68297,El Coralillo,Santa María del Tule,409,el-coralillo-409-68297
68299,Guendolain,Santa María del Tule,409,guendolain-409-68299
68300,Tuxtepec Centro,San Juan Bautista Tuxtepec,184,tuxtepec-centro-184-68300
68310,María Luisa,San Juan Bautista Tuxtepec,184,maria-luisa-184-68310
68310,Santa Fe,San Juan Bautista Tuxtepec,184,santa-fe-184-68310
68310,La Piragua,San Juan Bautista Tuxtepec,184,la-piragua-184-68310
68310,El Reencuentro,San Juan Bautista Tuxtepec,184,el-reencuentro-184-68310
68313,Lázaro Cárdenas,San Juan Bautista Tuxtepec,184,lazaro-cardenas-184-68313
68313,Hidalgo,San Juan Bautista Tuxtepec,184,hidalgo-184-68313
68314,Exnormal,San Juan Bautista Tuxtepec,184,exnormal-184-68314
68314,Santa Clara,San Juan Bautista Tuxtepec,184,santa-clara-184-68314
68314,Heladio Ramírez,San Juan Bautista Tuxtepec,184,heladio-ramirez-184-68314
68320,Real las Limas,San Juan Bautista Tuxtepec,184,real-las-limas-184-68320
68320,La Esperanza,San Juan Bautista Tuxtepec,184,la-esperanza-184-68320
68320,El Rosario,San Juan Bautista Tuxtepec,184,el-rosario-184-68320
68320,Nueva Antequera,San Juan Bautista Tuxtepec,184,nueva-antequera-184-68320
68320,La Ceiba,San Juan Bautista Tuxtepec,184,la-ceiba-184-68320
68320,La Esperanza,San Juan Bautista Tuxtepec,184,la-esperanza-184-68320-642
68320,La Nueva Esperanza,San Juan Bautista Tuxtepec,184,la-nueva-esperanza-184-68320
68322,Los Manguitos,San Juan Bautista Tuxtepec,184,los-manguitos-184-68322
68323,San Pablo,San Juan Bautista Tuxtepec,184,san-pablo-184-68323
68323,Ulises Ruíz,San Juan Bautista Tuxtepec,184,ulises-ruiz-184-68323
68323,San Patricio,San Juan Bautista Tuxtepec,184,san-patricio-184-68323
68323,Francisco I. Madero,San Juan Bautista Tuxtepec,184,francisco-i-madero-184-68323
68323,Silverio la Arrocera,San Juan Bautista Tuxtepec,184,silverio-la-arrocera-184-68323
68323,La Guadalupe,San Juan Bautista Tuxtepec,184,la-guadalupe-184-68323
68323,Leónides de Asís,San Juan Bautista Tuxtepec,184,leonides-de-asis-184-68323
68323,Ampliación La Guadalupe,San Juan Bautista Tuxtepec,184,ampliacion-la-guadalupe-184-68323
68323,El Desengaño,San Juan Bautista Tuxtepec,184,el-desengano-184-68323
68324,El Naranjal,San Juan Bautista Tuxtepec,184,el-naranjal-184-68324
68324,Las Limas,San Juan Bautista Tuxtepec,184,las-limas-184-68324
68324,Ortega,San Juan Bautista Tuxtepec,184,ortega-184-68324
68325,La Lomita,San Juan Bautista Tuxtepec,184,la-lomita-184-68325
68325,INFONAVIT Benito Juárez,San Juan Bautista Tuxtepec,184,infonavit-benito-juarez-184-68325
68325,El Esfuerzo,San Juan Bautista Tuxtepec,184,el-esfuerzo-184-68325
68325,La Fe,San Juan Bautista Tuxtepec,184,la-fe-184-68325
68325,Los Manantiales,San Juan Bautista Tuxtepec,184,los-manantiales-184-68325
68325,Vista Hermosa,San Juan Bautista Tuxtepec,184,vista-hermosa-184-68325
68325,San Francisco,San Juan Bautista Tuxtepec,184,san-francisco-184-68325
68325,Mata de Caña,San Juan Bautista Tuxtepec,184,mata-de-cana-184-68325
68325,Lomas Altas,San Juan Bautista Tuxtepec,184,lomas-altas-184-68325
68325,Riveras del Atoyac,San Juan Bautista Tuxtepec,184,riveras-del-atoyac-184-68325
68326,Modelo,San Juan Bautista Tuxtepec,184,modelo-184-68326
68326,El Jimbal,San Juan Bautista Tuxtepec,184,el-jimbal-184-68326
68330,San Antonio el Encinal,San Juan Bautista Tuxtepec,184,san-antonio-el-encinal-184-68330
68330,23 de Noviembre,San Juan Bautista Tuxtepec,184,23-de-noviembre-184-68330
68330,Santa Cruz,San Juan Bautista Tuxtepec,184,santa-cruz-184-68330
68333,Ampliación El Trópico,San Juan Bautista Tuxtepec,184,ampliacion-el-tropico-184-68333
68333,Independencia,San Juan Bautista Tuxtepec,184,independencia-184-68333
68333,Del Carmen,San Juan Bautista Tuxtepec,184,del-carmen-184-68333
68333,El Trópico,San Juan Bautista Tuxtepec,184,el-tropico-184-68333
68333,Las Palmas del Ingenio,San Juan Bautista Tuxtepec,184,las-palmas-del-ingenio-184-68333
68333,Talleres,San Juan Bautista Tuxtepec,184,talleres-184-68333
68333,Casa de Funcionarios del Ingenio,San Juan Bautista Tuxtepec,184,casa-de-funcionarios-del-ingenio-184-68333
68333,Sección Manguitos,San Juan Bautista Tuxtepec,184,seccion-manguitos-184-68333
68333,Sección Nacaste,San Juan Bautista Tuxtepec,184,seccion-nacaste-184-68333
68333,Las Margaritas,San Juan Bautista Tuxtepec,184,las-margaritas-184-68333
68334,10 de Abril,San Juan Bautista Tuxtepec,184,10-de-abril-184-68334
68334,Ampliación Guadalupe Hinojosa de Murat,San Juan Bautista Tuxtepec,184,ampliacion-guadalupe-hinojosa-de-murat-184-68334
68334,Joaquina Cueto,San Juan Bautista Tuxtepec,184,joaquina-cueto-184-68334
68334,Insurgentes,San Juan Bautista Tuxtepec,184,insurgentes-184-68334
68334,Sección la Mediana,San Juan Bautista Tuxtepec,184,seccion-la-mediana-184-68334
68334,La Moderna,San Juan Bautista Tuxtepec,184,la-moderna-184-68334
68334,Guadalupe Hinojose de Murat,San Juan Bautista Tuxtepec,184,guadalupe-hinojose-de-murat-184-68334
68334,La Victoria,San Juan Bautista Tuxtepec,184,la-victoria-184-68334
68334,La Florida,San Juan Bautista Tuxtepec,184,la-florida-184-68334
68335,Linda Vista,San Juan Bautista Tuxtepec,184,linda-vista-184-68335
68335,Las Maravillas,San Juan Bautista Tuxtepec,184,las-maravillas-184-68335
68335,Adolfo López Mateos,San Juan Bautista Tuxtepec,184,adolfo-lopez-mateos-184-68335
68335,12 de Julio,San Juan Bautista Tuxtepec,184,12-de-julio-184-68335
68335,El Mirador,San Juan Bautista Tuxtepec,184,el-mirador-184-68335
68335,Papaloapan,San Juan Bautista Tuxtepec,184,papaloapan-184-68335
68335,Lomas del Ingenio,San Juan Bautista Tuxtepec,184,lomas-del-ingenio-184-68335
68335,Santa Ana,San Juan Bautista Tuxtepec,184,santa-ana-184-68335
68336,Universidad,San Juan Bautista Tuxtepec,184,universidad-184-68336
68336,Catarino Torres Pereda,San Juan Bautista Tuxtepec,184,catarino-torres-pereda-184-68336
68336,El Estadio,San Juan Bautista Tuxtepec,184,el-estadio-184-68336
68336,Central de Maquinaria,San Juan Bautista Tuxtepec,184,central-de-maquinaria-184-68336
68336,Obrera Benito Juárez,San Juan Bautista Tuxtepec,184,obrera-benito-juarez-184-68336
68336,Residencial Sebastopol,San Juan Bautista Tuxtepec,184,residencial-sebastopol-184-68336
68336,Los Pinos,San Juan Bautista Tuxtepec,184,los-pinos-184-68336
68336,La Soledad,San Juan Bautista Tuxtepec,184,la-soledad-184-68336
68336,Sebastopol,San Juan Bautista Tuxtepec,184,sebastopol-184-68336
68336,Rosario Ibarra de Piedra,San Juan Bautista Tuxtepec,184,rosario-ibarra-de-piedra-184-68336
68340,Amigos Charros,San Juan Bautista Tuxtepec,184,amigos-charros-184-68340
68340,El Castillo,San Juan Bautista Tuxtepec,184,el-castillo-184-68340
68340,Bella Vista,San Juan Bautista Tuxtepec,184,bella-vista-184-68340
68340,Jardines del Arroyo,San Juan Bautista Tuxtepec,184,jardines-del-arroyo-184-68340
68340,La Lorena,San Juan Bautista Tuxtepec,184,la-lorena-184-68340
68340,La Rosalía,San Juan Bautista Tuxtepec,184,la-rosalia-184-68340
68345,Residencial Playa de Mono,San Juan Bautista Tuxtepec,184,residencial-playa-de-mono-184-68345
68345,El Cañaveral,San Juan Bautista Tuxtepec,184,el-canaveral-184-68345
68345,Rosalinda,San Juan Bautista Tuxtepec,184,rosalinda-184-68345
68345,Raúl Ferrer,San Juan Bautista Tuxtepec,184,raul-ferrer-184-68345
68345,Reacomodo Playa de Mono,San Juan Bautista Tuxtepec,184,reacomodo-playa-de-mono-184-68345
68345,Adolfo López Mateos II,San Juan Bautista Tuxtepec,184,adolfo-lopez-mateos-ii-184-68345
68345,Tuxtepec,San Juan Bautista Tuxtepec,184,tuxtepec-184-68345
68347,Ampliación El Pedregal,San Juan Bautista Tuxtepec,184,ampliacion-el-pedregal-184-68347
68347,Lomas del Pedregal,San Juan Bautista Tuxtepec,184,lomas-del-pedregal-184-68347
68347,El Pedregal,San Juan Bautista Tuxtepec,184,el-pedregal-184-68347
68347,El Rubí,San Juan Bautista Tuxtepec,184,el-rubi-184-68347
68347,Rufino Tamayo,San Juan Bautista Tuxtepec,184,rufino-tamayo-184-68347
68347,Los Mangos (Nueva Era),San Juan Bautista Tuxtepec,184,los-mangos-nueva-era-184-68347
68347,San Nicolás del Bari,San Juan Bautista Tuxtepec,184,san-nicolas-del-bari-184-68347
68347,Granada,San Juan Bautista Tuxtepec,184,granada-184-68347
68350,Guayacán,San Juan Bautista Tuxtepec,184,guayacan-184-68350
68350,FOVISSSTE Las Palmas,San Juan Bautista Tuxtepec,184,fovissste-las-palmas-184-68350
68350,El Bosque,San Juan Bautista Tuxtepec,184,el-bosque-184-68350
68350,Nueva Florencia,San Juan Bautista Tuxtepec,184,nueva-florencia-184-68350
68350,Lomas del Bosque,San Juan Bautista Tuxtepec,184,lomas-del-bosque-184-68350
68350,Las Arboledas,San Juan Bautista Tuxtepec,184,las-arboledas-184-68350
68350,Loma Alta,San Juan Bautista Tuxtepec,184,loma-alta-184-68350
68353,Cuauhtémoc (Tuxtepec),San Juan Bautista Tuxtepec,184,cuauhtemoc-tuxtepec-184-68353
68353,Lomas de San Antonio,San Juan Bautista Tuxtepec,184,lomas-de-san-antonio-184-68353
68353,Siglo XXI,San Juan Bautista Tuxtepec,184,siglo-xxi-184-68353
68353,La Fortaleza,San Juan Bautista Tuxtepec,184,la-fortaleza-184-68353
68360,Ricardo Flores Magón,San Juan Bautista Tuxtepec,184,ricardo-flores-magon-184-68360
68360,Rebolledo,San Juan Bautista Tuxtepec,184,rebolledo-184-68360
68360,2 de Abril,San Juan Bautista Tuxtepec,184,2-de-abril-184-68360
68360,El Sureste 1a Etapa,San Juan Bautista Tuxtepec,184,el-sureste-1a-etapa-184-68360
68360,El Progreso,San Juan Bautista Tuxtepec,184,el-progreso-184-68360
68360,San Antonio,San Juan Bautista Tuxtepec,184,san-antonio-184-68360
68360,El Nanche,San Juan Bautista Tuxtepec,184,el-nanche-184-68360
68360,Sergio Méndez Arceo,San Juan Bautista Tuxtepec,184,sergio-mendez-arceo-184-68360
68360,Lomas Verdes,San Juan Bautista Tuxtepec,184,lomas-verdes-184-68360
68363,El Sureste 2a Etapa,San Juan Bautista Tuxtepec,184,el-sureste-2a-etapa-184-68363
68363,El Edén,San Juan Bautista Tuxtepec,184,el-eden-184-68363
68364,San Ramón,San Juan Bautista Tuxtepec,184,san-ramon-184-68364
68364,Vega del Palmar,San Juan Bautista Tuxtepec,184,vega-del-palmar-184-68364
68364,Los Tules,San Juan Bautista Tuxtepec,184,los-tules-184-68364
68364,Lomas San Juan,San Juan Bautista Tuxtepec,184,lomas-san-juan-184-68364
68364,Martha Luz,San Juan Bautista Tuxtepec,184,martha-luz-184-68364
68364,Los Laureles,San Juan Bautista Tuxtepec,184,los-laureles-184-68364
68365,Los Manantiales del Escobillal,San Juan Bautista Tuxtepec,184,los-manantiales-del-escobillal-184-68365
68365,Buena Vista (Tuxtepec),San Juan Bautista Tuxtepec,184,buena-vista-tuxtepec-184-68365
68365,El Escobillal,San Juan Bautista Tuxtepec,184,el-escobillal-184-68365
68365,Roberto Colorado,San Juan Bautista Tuxtepec,184,roberto-colorado-184-68365
68370,Magisterial de la Cuenca,San Juan Bautista Tuxtepec,184,magisterial-de-la-cuenca-184-68370
68370,Costa Verde,San Juan Bautista Tuxtepec,184,costa-verde-184-68370
68370,Los Ángeles,San Juan Bautista Tuxtepec,184,los-angeles-184-68370
68370,FOVISSSTE Costa Verde,San Juan Bautista Tuxtepec,184,fovissste-costa-verde-184-68370
68370,María Eugenia,San Juan Bautista Tuxtepec,184,maria-eugenia-184-68370
68370,INFONAVIT Jorge L. Tamayo,San Juan Bautista Tuxtepec,184,infonavit-jorge-l-tamayo-184-68370
68373,Grajales,San Juan Bautista Tuxtepec,184,grajales-184-68373
68373,Las Flores,San Juan Bautista Tuxtepec,184,las-flores-184-68373
68373,5 de Mayo,San Juan Bautista Tuxtepec,184,5-de-mayo-184-68373
68373,Oaxaca,San Juan Bautista Tuxtepec,184,oaxaca-184-68373
68373,Guelatao,San Juan Bautista Tuxtepec,184,guelatao-184-68373
68373,La Lomería,San Juan Bautista Tuxtepec,184,la-lomeria-184-68373
68374,Arroyo El Zapote,San Juan Bautista Tuxtepec,184,arroyo-el-zapote-184-68374
68374,Nuevo Paraíso,San Juan Bautista Tuxtepec,184,nuevo-paraiso-184-68374
68374,La Ceiba Residencial,San Juan Bautista Tuxtepec,184,la-ceiba-residencial-184-68374
68374,El Paraíso,San Juan Bautista Tuxtepec,184,el-paraiso-184-68374
68374,18 de Marzo,San Juan Bautista Tuxtepec,184,18-de-marzo-184-68374
68375,Hacienda Real,San Juan Bautista Tuxtepec,184,hacienda-real-184-68375
68375,Los Álamos,San Juan Bautista Tuxtepec,184,los-alamos-184-68375
68375,San Rosendo,San Juan Bautista Tuxtepec,184,san-rosendo-184-68375
68375,Francisco Rodríguez Pacheco,San Juan Bautista Tuxtepec,184,francisco-rodriguez-pacheco-184-68375
68375,El Trigal,San Juan Bautista Tuxtepec,184,el-trigal-184-68375
68375,El Diamante,San Juan Bautista Tuxtepec,184,el-diamante-184-68375
68375,El Trigal,San Juan Bautista Tuxtepec,184,el-trigal-184-68375-785
68375,Ampliación el Trigal,San Juan Bautista Tuxtepec,184,ampliacion-el-trigal-184-68375
68375,Tuxtepec Dorado,San Juan Bautista Tuxtepec,184,tuxtepec-dorado-184-68375
68375,Residencial del Sur,San Juan Bautista Tuxtepec,184,residencial-del-sur-184-68375
68375,El Santuario,San Juan Bautista Tuxtepec,184,el-santuario-184-68375
68375,5 de Febrero,San Juan Bautista Tuxtepec,184,5-de-febrero-184-68375
68376,Victor Bravo Ahuja,San Juan Bautista Tuxtepec,184,victor-bravo-ahuja-184-68376
68376,Bugambilias,San Juan Bautista Tuxtepec,184,bugambilias-184-68376
68376,La Unión,San Juan Bautista Tuxtepec,184,la-union-184-68376
68376,Emiliano Zapata,San Juan Bautista Tuxtepec,184,emiliano-zapata-184-68376
68376,Mundo Nuevo,San Juan Bautista Tuxtepec,184,mundo-nuevo-184-68376
68400,El Mirador,Loma Bonita,044,el-mirador-044-68400
68400,Loma Bonita Centro,Loma Bonita,044,loma-bonita-centro-044-68400
68400,El Obispo,Loma Bonita,044,el-obispo-044-68400
68400,Las Delicias,Loma Bonita,044,las-delicias-044-68400
68400,La Escobeta,Loma Bonita,044,la-escobeta-044-68400
68402,Emiliano Zapata,Loma Bonita,044,emiliano-zapata-044-68402
68402,Frumencio Pulido Mina,Loma Bonita,044,frumencio-pulido-mina-044-68402
68402,Guadalupe Victoria,Loma Bonita,044,guadalupe-victoria-044-68402
68402,Ignacio Zaragoza,Loma Bonita,044,ignacio-zaragoza-044-68402
68402,Josefa Ortiz de Domínguez,Loma Bonita,044,josefa-ortiz-de-dominguez-044-68402
68402,México,Loma Bonita,044,mexico-044-68402
68402,Obrera,Loma Bonita,044,obrera-044-68402
68402,Independencia,Loma Bonita,044,independencia-044-68402
68402,El Conejo,Loma Bonita,044,el-conejo-044-68402
68402,27 de Febrero,Loma Bonita,044,27-de-febrero-044-68402
68402,Zacatixpam,Loma Bonita,044,zacatixpam-044-68402
68402,Tierra Alta,Loma Bonita,044,tierra-alta-044-68402
68402,Las Flores,Loma Bonita,044,las-flores-044-68402
68403,Arroyo Metate,Loma Bonita,044,arroyo-metate-044-68403
68403,Ampliación México,Loma Bonita,044,ampliacion-mexico-044-68403
68403,Mixtan,Loma Bonita,044,mixtan-044-68403
68403,Niños Héroes,Loma Bonita,044,ninos-heroes-044-68403
68403,Oaxaca,Loma Bonita,044,oaxaca-044-68403
68403,Paraíso Zacatal,Loma Bonita,044,paraiso-zacatal-044-68403
68403,Reforma,Loma Bonita,044,reforma-044-68403
68403,INFONAVIT,Loma Bonita,044,infonavit-044-68403
68403,Derechos Humanos,Loma Bonita,044,derechos-humanos-044-68403
68403,Libertad,Loma Bonita,044,libertad-044-68403
68403,INFONAVIT el Refugio,Loma Bonita,044,infonavit-el-refugio-044-68403
68403,El Triunfo,Loma Bonita,044,el-triunfo-044-68403
68404,Los Presidentes,Loma Bonita,044,los-presidentes-044-68404
68404,Benito Juárez,Loma Bonita,044,benito-juarez-044-68404
68404,Floresta,Loma Bonita,044,floresta-044-68404
68404,Juan López Cruz,Loma Bonita,044,juan-lopez-cruz-044-68404
68404,La Soledad,Loma Bonita,044,la-soledad-044-68404
68404,Miguel Hidalgo,Loma Bonita,044,miguel-hidalgo-044-68404
68404,Odilón Mina,Loma Bonita,044,odilon-mina-044-68404
68404,San Pedro,Loma Bonita,044,san-pedro-044-68404
68404,Félix Gayot,Loma Bonita,044,felix-gayot-044-68404
68404,Vicente Guerrero,Loma Bonita,044,vicente-guerrero-044-68404
68404,Arroyo la Palma,Loma Bonita,044,arroyo-la-palma-044-68404
68404,Santa Sofía Loma Bonita,Loma Bonita,044,santa-sofia-loma-bonita-044-68404
68404,Santa Sofía Río Playa,Loma Bonita,044,santa-sofia-rio-playa-044-68404
68404,Santa Sofía Monte Rosa,Loma Bonita,044,santa-sofia-monte-rosa-044-68404
68404,Artículo Sesenta y Cinco Reforma Agraria,Loma Bonita,044,articulo-sesenta-y-cinco-reforma-agraria-044-68404
68404,La Entrada de las Varas,Loma Bonita,044,la-entrada-de-las-varas-044-68404
68405,Arboledas,Loma Bonita,044,arboledas-044-68405
68405,Del Sol,Loma Bonita,044,del-sol-044-68405
68405,Ejidal,Loma Bonita,044,ejidal-044-68405
68405,Oaxaqueños Ilustres,Loma Bonita,044,oaxaquenos-ilustres-044-68405
68405,Ampliación Oaxaqueños Ilustres,Loma Bonita,044,ampliacion-oaxaquenos-ilustres-044-68405
68405,San Antonio,Loma Bonita,044,san-antonio-044-68405
68405,San Benito de Encinal,Loma Bonita,044,san-benito-de-encinal-044-68405
68405,26 de Mayo,Loma Bonita,044,26-de-mayo-044-68405
68405,Guadalupe Hinojosa de Murat,Loma Bonita,044,guadalupe-hinojosa-de-murat-044-68405
68405,El Sacrificio,Loma Bonita,044,el-sacrificio-044-68405
68405,General Francisco Villa,Loma Bonita,044,general-francisco-villa-044-68405
68405,20 de Noviembre,Loma Bonita,044,20-de-noviembre-044-68405
68405,10 de Abril,Loma Bonita,044,10-de-abril-044-68405
68405,Hermanos Gutiérrez,Loma Bonita,044,hermanos-gutierrez-044-68405
68405,Mulato Viejo,Loma Bonita,044,mulato-viejo-044-68405
68406,La Capilla,Loma Bonita,044,la-capilla-044-68406
68406,Desparramadero,Loma Bonita,044,desparramadero-044-68406
68406,Jobal Nuevo,Loma Bonita,044,jobal-nuevo-044-68406
68406,El Roble,Loma Bonita,044,el-roble-044-68406
68406,La Esperanza,Loma Bonita,044,la-esperanza-044-68406
68407,Cerro Laguna,San José Independencia,169,cerro-laguna-169-68407
68407,Cerro Torito,San José Independencia,169,cerro-torito-169-68407
68407,El Tepeyac,San José Independencia,169,el-tepeyac-169-68407
68407,Cerro Clarín,San José Independencia,169,cerro-clarin-169-68407
68407,Cerro Chapultepec,San José Independencia,169,cerro-chapultepec-169-68407
68407,San José Independencia,San José Independencia,169,san-jose-independencia-169-68407
68408,Buenos Aires,San José Independencia,169,buenos-aires-169-68408
68410,Comitancillo Libre,Cosolapa,021,comitancillo-libre-021-68410
68410,Canutillo,Cosolapa,021,canutillo-021-68410
68410,Chema Martínez,Cosolapa,021,chema-martinez-021-68410
68410,Monte Obscuro,Cosolapa,021,monte-obscuro-021-68410
68410,Estación Refugio,Cosolapa,021,estacion-refugio-021-68410
68410,Almolonga,Cosolapa,021,almolonga-021-68410
68410,Palma Sola,Cosolapa,021,palma-sola-021-68410
68411,El Refugio Viejo,Cosolapa,021,el-refugio-viejo-021-68411
68412,Tablas de Reyes Carrizal (San Miguel),Cosolapa,021,tablas-de-reyes-carrizal-san-miguel-021-68412
68412,Rancho Tablas Reyes,Cosolapa,021,rancho-tablas-reyes-021-68412
68412,Morelos,Cosolapa,021,morelos-021-68412
68413,Rincón Cerro Alto,Cosolapa,021,rincon-cerro-alto-021-68413
68413,Agrícola Cachalapa,Cosolapa,021,agricola-cachalapa-021-68413
68413,Agrícola Miguel Hidalgo,Cosolapa,021,agricola-miguel-hidalgo-021-68413
68415,Cosolapa Centro,Cosolapa,021,cosolapa-centro-021-68415
68416,Santa Fe,Cosolapa,021,santa-fe-021-68416
68416,Constancia,Cosolapa,021,constancia-021-68416
68417,Graciano Benítez,Cosolapa,021,graciano-benitez-021-68417
68417,San José,Cosolapa,021,san-jose-021-68417
68417,La Laguna,Cosolapa,021,la-laguna-021-68417
68418,Floresta,Cosolapa,021,floresta-021-68418
68418,Sagrado Corazón,Cosolapa,021,sagrado-corazon-021-68418
68418,Faustino Pérez,Cosolapa,021,faustino-perez-021-68418
68419,Vista Hermosa,Cosolapa,021,vista-hermosa-021-68419
68419,Primero de Mayo,Cosolapa,021,primero-de-mayo-021-68419
68419,El Rastro,Cosolapa,021,el-rastro-021-68419
68420,Guadalupe de los Reyes,Acatlán de Pérez Figueroa,002,guadalupe-de-los-reyes-002-68420
68420,Los Reyes,Acatlán de Pérez Figueroa,002,los-reyes-002-68420
68420,El Rosario,Acatlán de Pérez Figueroa,002,el-rosario-002-68420
68420,Loma de los Cortes,Acatlán de Pérez Figueroa,002,loma-de-los-cortes-002-68420
68420,Arboledas,Acatlán de Pérez Figueroa,002,arboledas-002-68420
68420,Sierra Mojarra,Acatlán de Pérez Figueroa,002,sierra-mojarra-002-68420
68420,PROVIMA,Acatlán de Pérez Figueroa,002,provima-002-68420
68420,Aserradero,Acatlán de Pérez Figueroa,002,aserradero-002-68420
68420,Cerro Mojarra,Acatlán de Pérez Figueroa,002,cerro-mojarra-002-68420
68420,La Junta,Acatlán de Pérez Figueroa,002,la-junta-002-68420
68420,La Raya,Acatlán de Pérez Figueroa,002,la-raya-002-68420
68420,La Estrella,Acatlán de Pérez Figueroa,002,la-estrella-002-68420
68420,Jalapilla,Acatlán de Pérez Figueroa,002,jalapilla-002-68420
68420,Los Trapiches,Acatlán de Pérez Figueroa,002,los-trapiches-002-68420
68420,San José Obrero,Acatlán de Pérez Figueroa,002,san-jose-obrero-002-68420
68420,La Estación,Acatlán de Pérez Figueroa,002,la-estacion-002-68420
68420,Las Flores,Acatlán de Pérez Figueroa,002,las-flores-002-68420
68420,Magisterial,Acatlán de Pérez Figueroa,002,magisterial-002-68420
68420,Jardines del Bosque,Acatlán de Pérez Figueroa,002,jardines-del-bosque-002-68420
68420,Zona Urbana Ejidal,Acatlán de Pérez Figueroa,002,zona-urbana-ejidal-002-68420
68420,Luces de la Revolución,Acatlán de Pérez Figueroa,002,luces-de-la-revolucion-002-68420
68422,La Defensa,Acatlán de Pérez Figueroa,002,la-defensa-002-68422
68422,Los Huertos,Acatlán de Pérez Figueroa,002,los-huertos-002-68422
68422,Vicente Estación Centro,Acatlán de Pérez Figueroa,002,vicente-estacion-centro-002-68422
68422,Cantarrana,Acatlán de Pérez Figueroa,002,cantarrana-002-68422
68422,Vieja,Acatlán de Pérez Figueroa,002,vieja-002-68422
68422,Nueva,Acatlán de Pérez Figueroa,002,nueva-002-68422
68422,Ingenio Las Margaritas,Acatlán de Pérez Figueroa,002,ingenio-las-margaritas-002-68422
68422,Benito Juárez,Acatlán de Pérez Figueroa,002,benito-juarez-002-68422
68424,Santa Cruz,Acatlán de Pérez Figueroa,002,santa-cruz-002-68424
68424,Arroyo de Enmedio,Acatlán de Pérez Figueroa,002,arroyo-de-enmedio-002-68424
68424,Cañamazal,Acatlán de Pérez Figueroa,002,canamazal-002-68424
68424,Las Maravillas,Acatlán de Pérez Figueroa,002,las-maravillas-002-68424
68424,Tabaquera,Acatlán de Pérez Figueroa,002,tabaquera-002-68424
68424,Buenos Aires,Acatlán de Pérez Figueroa,002,buenos-aires-002-68424
68424,Laguna Verde,Acatlán de Pérez Figueroa,002,laguna-verde-002-68424
68425,Peña Blanca,Acatlán de Pérez Figueroa,002,pena-blanca-002-68425
68425,Plan de Ayala,Acatlán de Pérez Figueroa,002,plan-de-ayala-002-68425
68425,La Guadalupe,Acatlán de Pérez Figueroa,002,la-guadalupe-002-68425
68425,Emiliano Zapata (21 de Mayo),Acatlán de Pérez Figueroa,002,emiliano-zapata-21-de-mayo-002-68425
68425,Aserradero Segundo,Acatlán de Pérez Figueroa,002,aserradero-segundo-002-68425
68425,El Zapote,Acatlán de Pérez Figueroa,002,el-zapote-002-68425
68425,Los Cañas (Tres Potencias),Acatlán de Pérez Figueroa,002,los-canas-tres-potencias-002-68425
68425,Cosolapa Sarmiento,Acatlán de Pérez Figueroa,002,cosolapa-sarmiento-002-68425
68425,Barbasco,Acatlán de Pérez Figueroa,002,barbasco-002-68425
68425,Cañada San Antonio,Acatlán de Pérez Figueroa,002,canada-san-antonio-002-68425
68425,Los Corrales,Acatlán de Pérez Figueroa,002,los-corrales-002-68425
68426,El Carmen,Acatlán de Pérez Figueroa,002,el-carmen-002-68426
68426,La Palma,Acatlán de Pérez Figueroa,002,la-palma-002-68426
68426,La Reforma,Acatlán de Pérez Figueroa,002,la-reforma-002-68426
68426,Palo Solo,Acatlán de Pérez Figueroa,002,palo-solo-002-68426
68426,Josefa Ortiz de Domínguez,Acatlán de Pérez Figueroa,002,josefa-ortiz-de-dominguez-002-68426
68426,La Coraza,Acatlán de Pérez Figueroa,002,la-coraza-002-68426
68426,El Cedral,Acatlán de Pérez Figueroa,002,el-cedral-002-68426
68426,Tembladera del Castillo,Acatlán de Pérez Figueroa,002,tembladera-del-castillo-002-68426
68426,Tetela,Acatlán de Pérez Figueroa,002,tetela-002-68426
68426,El Porvenir,Acatlán de Pérez Figueroa,002,el-porvenir-002-68426
68426,Tembladera de la Selva 2,Acatlán de Pérez Figueroa,002,tembladera-de-la-selva-2-002-68426
68426,Rancho Grande,Acatlán de Pérez Figueroa,002,rancho-grande-002-68426
68426,Tembladera Vista Hermosa,Acatlán de Pérez Figueroa,002,tembladera-vista-hermosa-002-68426
68426,La Carbonera,Acatlán de Pérez Figueroa,002,la-carbonera-002-68426
68426,Ojo de Agua o Palma Cuata,Acatlán de Pérez Figueroa,002,ojo-de-agua-o-palma-cuata-002-68426
68427,El Conejo,Acatlán de Pérez Figueroa,002,el-conejo-002-68427
68427,Saltillo,Acatlán de Pérez Figueroa,002,saltillo-002-68427
68427,Miguel Hidalgo,Acatlán de Pérez Figueroa,002,miguel-hidalgo-002-68427
68428,Arroyo de Pita,Acatlán de Pérez Figueroa,002,arroyo-de-pita-002-68428
68428,Joliette,Acatlán de Pérez Figueroa,002,joliette-002-68428
68428,Tembladera de la Selva 1,Acatlán de Pérez Figueroa,002,tembladera-de-la-selva-1-002-68428
68428,Esperanza,Acatlán de Pérez Figueroa,002,esperanza-002-68428
68428,Torreón,Acatlán de Pérez Figueroa,002,torreon-002-68428
68430,El Encajonado,San Miguel Soyaltepec,278,el-encajonado-278-68430
68430,Nuevo Pescadito de Abajo,San Miguel Soyaltepec,278,nuevo-pescadito-de-abajo-278-68430
68430,El Águila,San Miguel Soyaltepec,278,el-aguila-278-68430
68430,De la Presa,San Miguel Soyaltepec,278,de-la-presa-278-68430
68430,Arroyo Chicali,San Miguel Soyaltepec,278,arroyo-chicali-278-68430
68430,Corral de Piedra,San Miguel Soyaltepec,278,corral-de-piedra-278-68430
68430,El Capulín,San Miguel Soyaltepec,278,el-capulin-278-68430
68430,Nuevo Pescadito de Enmedio,San Miguel Soyaltepec,278,nuevo-pescadito-de-enmedio-278-68430
68430,Nuevo Soyaltepec,San Miguel Soyaltepec,278,nuevo-soyaltepec-278-68430
68430,Piedra de Amolar,San Miguel Soyaltepec,278,piedra-de-amolar-278-68430
68430,Heladio Ramírez López,San Miguel Soyaltepec,278,heladio-ramirez-lopez-278-68430
68430,Obrera,San Miguel Soyaltepec,278,obrera-278-68430
68430,San Miguel,San Miguel Soyaltepec,278,san-miguel-278-68430
68430,Las Grandes Aguas,San Miguel Soyaltepec,278,las-grandes-aguas-278-68430
68430,Agrícola la Mazateca,San Miguel Soyaltepec,278,agricola-la-mazateca-278-68430
68430,El Satélite,San Miguel Soyaltepec,278,el-satelite-278-68430
68430,Emiliano Zapata,San Miguel Soyaltepec,278,emiliano-zapata-278-68430
68430,La Soledad,San Miguel Soyaltepec,278,la-soledad-278-68430
68430,La Guadalupe,San Miguel Soyaltepec,278,la-guadalupe-278-68430
68430,El Polvorín,San Miguel Soyaltepec,278,el-polvorin-278-68430
68430,Tierra y Libertad,San Miguel Soyaltepec,278,tierra-y-libertad-278-68430
68430,La Laguna,San Miguel Soyaltepec,278,la-laguna-278-68430
68430,Temascal,San Miguel Soyaltepec,278,temascal-278-68430
68432,Isla del Viejo Soyaltepec,San Miguel Soyaltepec,278,isla-del-viejo-soyaltepec-278-68432
68433,La Reforma (La Reformita),San Miguel Soyaltepec,278,la-reforma-la-reformita-278-68433
68433,Cosoltepec,San Miguel Soyaltepec,278,cosoltepec-278-68433
68433,Ingeniero Raúl Sandoval Landázuri,San Miguel Soyaltepec,278,ingeniero-raul-sandoval-landazuri-278-68433
68433,Cosolapa Caracol,San Miguel Soyaltepec,278,cosolapa-caracol-278-68433
68433,Arroyo de Enmedio,San Miguel Soyaltepec,278,arroyo-de-enmedio-278-68433
68433,Cabeza de Tigre,San Miguel Soyaltepec,278,cabeza-de-tigre-278-68433
68433,Nueva Calería,San Miguel Soyaltepec,278,nueva-caleria-278-68433
68433,Nuevo Buenavista,San Miguel Soyaltepec,278,nuevo-buenavista-278-68433
68433,Emiliano Zapata,San Miguel Soyaltepec,278,emiliano-zapata-278-68433
68433,Cerro de Agua Platanar,San Miguel Soyaltepec,278,cerro-de-agua-platanar-278-68433
68433,Las Margaritas,San Miguel Soyaltepec,278,las-margaritas-278-68433
68433,Loma Colorada,San Miguel Soyaltepec,278,loma-colorada-278-68433
68433,Nueva Patria,San Miguel Soyaltepec,278,nueva-patria-278-68433
68433,Nuevo Paso Nazareno,San Miguel Soyaltepec,278,nuevo-paso-nazareno-278-68433
68433,Playa de Jícama,San Miguel Soyaltepec,278,playa-de-jicama-278-68433
68433,El Carmen,San Miguel Soyaltepec,278,el-carmen-278-68433
68433,Nuevo Pescadito de Málzaga (La Breña),San Miguel Soyaltepec,278,nuevo-pescadito-de-malzaga-la-brena-278-68433
68433,San Antonio Abad,San Miguel Soyaltepec,278,san-antonio-abad-278-68433
68433,Playa Lecuona,San Miguel Soyaltepec,278,playa-lecuona-278-68433
68433,Cerro Tepexcuintle,San Miguel Soyaltepec,278,cerro-tepexcuintle-278-68433
68433,La Reforma,San Miguel Soyaltepec,278,la-reforma-278-68433
68434,Nuevo Pescadito de Abajo Dos,San Miguel Soyaltepec,278,nuevo-pescadito-de-abajo-dos-278-68434
68434,Pescadito de Arriba,San Miguel Soyaltepec,278,pescadito-de-arriba-278-68434
68434,Arroyo Tigre,San Miguel Soyaltepec,278,arroyo-tigre-278-68434
68434,Corriente Ancha o Miguel Hidalgo,San Miguel Soyaltepec,278,corriente-ancha-o-miguel-hidalgo-278-68434
68434,Nuevo Paso Nacional,San Miguel Soyaltepec,278,nuevo-paso-nacional-278-68434
68434,Isla de Málzaga,San Miguel Soyaltepec,278,isla-de-malzaga-278-68434
68434,Benito Juárez II (San Martín),San Miguel Soyaltepec,278,benito-juarez-ii-san-martin-278-68434
68435,Ayotzintepec,Ayotzintepec,009,ayotzintepec-009-68435
68435,San Pedro Ozumacin,Ayotzintepec,009,san-pedro-ozumacin-009-68435
68436,Monte Tinto,Ayotzintepec,009,monte-tinto-009-68436
68437,Plan Juan Martínez,Ayotzintepec,009,plan-juan-martinez-009-68437
68438,San José Mano Marqués,Ayotzintepec,009,san-jose-mano-marques-009-68438
68440,El Mangal,San Juan Bautista Tuxtepec,184,el-mangal-184-68440
68440,Altamira,San Juan Bautista Tuxtepec,184,altamira-184-68440
68440,Arroyo Zuzule,San Juan Bautista Tuxtepec,184,arroyo-zuzule-184-68440
68440,Fuente Villa,San Juan Bautista Tuxtepec,184,fuente-villa-184-68440
68440,Papaloapan,San Juan Bautista Tuxtepec,184,papaloapan-184-68440
68440,Agua Fría Papaloapan,San Juan Bautista Tuxtepec,184,agua-fria-papaloapan-184-68440
68440,Pueblo Nuevo Papaloapan,San Juan Bautista Tuxtepec,184,pueblo-nuevo-papaloapan-184-68440
68440,Santa Catarina,San Juan Bautista Tuxtepec,184,santa-catarina-184-68440
68440,Santa Rosa Papaloapan,San Juan Bautista Tuxtepec,184,santa-rosa-papaloapan-184-68440
68440,Santa Teresa Papaloapan,San Juan Bautista Tuxtepec,184,santa-teresa-papaloapan-184-68440
68440,San Silverio el Cedral,San Juan Bautista Tuxtepec,184,san-silverio-el-cedral-184-68440
68440,Ignacio Zaragoza,San Juan Bautista Tuxtepec,184,ignacio-zaragoza-184-68440
68440,Palmilla,San Juan Bautista Tuxtepec,184,palmilla-184-68440
68442,Buenavista Gallardo,San Juan Bautista Tuxtepec,184,buenavista-gallardo-184-68442
68442,El Porvenir,San Juan Bautista Tuxtepec,184,el-porvenir-184-68442
68442,San Francisco Salsipuedes,San Juan Bautista Tuxtepec,184,san-francisco-salsipuedes-184-68442
68442,San Isidro las Piñas,San Juan Bautista Tuxtepec,184,san-isidro-las-pinas-184-68442
68443,Zacate Colorado,San Juan Bautista Tuxtepec,184,zacate-colorado-184-68443
68443,Buenavista Río Tonto,San Juan Bautista Tuxtepec,184,buenavista-rio-tonto-184-68443
68443,Francisco I. Madero (Los Cerritos),San Juan Bautista Tuxtepec,184,francisco-i-madero-los-cerritos-184-68443
68443,Los Mangales (La Estopa),San Juan Bautista Tuxtepec,184,los-mangales-la-estopa-184-68443
68443,San José (El Porvenir),San Juan Bautista Tuxtepec,184,san-jose-el-porvenir-184-68443
68443,El Yagual,San Juan Bautista Tuxtepec,184,el-yagual-184-68443
68443,Tecoteno el Tular,San Juan Bautista Tuxtepec,184,tecoteno-el-tular-184-68443
68443,Camarón Salsipuedes,San Juan Bautista Tuxtepec,184,camaron-salsipuedes-184-68443
68443,Rancho Nuevo Jonotal,San Juan Bautista Tuxtepec,184,rancho-nuevo-jonotal-184-68443
68443,Buenos Aires el Apompo,San Juan Bautista Tuxtepec,184,buenos-aires-el-apompo-184-68443
68444,Soledad Macín Chico,San Juan Bautista Tuxtepec,184,soledad-macin-chico-184-68444
68444,Piedra Quemada,San Juan Bautista Tuxtepec,184,piedra-quemada-184-68444
68444,La Primavera,San Juan Bautista Tuxtepec,184,la-primavera-184-68444
68444,Los Reyes (Ampliación Santa Úrsula),San Juan Bautista Tuxtepec,184,los-reyes-ampliacion-santa-ursula-184-68444
68444,Pío V Becerra Ballesteros,San Juan Bautista Tuxtepec,184,pio-v-becerra-ballesteros-184-68444
68444,Camelia Roja,San Juan Bautista Tuxtepec,184,camelia-roja-184-68444
68444,La Esmalta,San Juan Bautista Tuxtepec,184,la-esmalta-184-68444
68444,Macín Chico,San Juan Bautista Tuxtepec,184,macin-chico-184-68444
68444,Paso Canoa,San Juan Bautista Tuxtepec,184,paso-canoa-184-68444
68444,San Rafael,San Juan Bautista Tuxtepec,184,san-rafael-184-68444
68444,La Mina,San Juan Bautista Tuxtepec,184,la-mina-184-68444
68444,Santa Úrsula,San Juan Bautista Tuxtepec,184,santa-ursula-184-68444
68445,Amapa,San Juan Bautista Tuxtepec,184,amapa-184-68445
68445,Santa María Amapa,San Juan Bautista Tuxtepec,184,santa-maria-amapa-184-68445
68445,Paso Rincón,San Juan Bautista Tuxtepec,184,paso-rincon-184-68445
68446,La Nueva Revolución,San Juan Bautista Tuxtepec,184,la-nueva-revolucion-184-68446
68446,Arroyo Limón,San Juan Bautista Tuxtepec,184,arroyo-limon-184-68446
68446,El Cedral,San Juan Bautista Tuxtepec,184,el-cedral-184-68446
68446,San Bartolo,San Juan Bautista Tuxtepec,184,san-bartolo-184-68446
68446,Guadalupe,San Juan Bautista Tuxtepec,184,guadalupe-184-68446
68447,Esperanza Arroyo la Gloria,San Juan Bautista Tuxtepec,184,esperanza-arroyo-la-gloria-184-68447
68447,La Unión,San Juan Bautista Tuxtepec,184,la-union-184-68447
68447,Licenciado Ignacio Martínez Bautista,San Juan Bautista Tuxtepec,184,licenciado-ignacio-martinez-bautista-184-68447
68447,La Reforma,San Juan Bautista Tuxtepec,184,la-reforma-184-68447
68447,Bethania,San Juan Bautista Tuxtepec,184,bethania-184-68447
68447,Camalotal,San Juan Bautista Tuxtepec,184,camalotal-184-68447
68447,Fuente Misteriosa,San Juan Bautista Tuxtepec,184,fuente-misteriosa-184-68447
68447,Ojo de Agua,San Juan Bautista Tuxtepec,184,ojo-de-agua-184-68447
68447,Rodeo Arroyo Pepesca,San Juan Bautista Tuxtepec,184,rodeo-arroyo-pepesca-184-68447
68447,San Miguel Obispo,San Juan Bautista Tuxtepec,184,san-miguel-obispo-184-68447
68447,Santa María Obispo,San Juan Bautista Tuxtepec,184,santa-maria-obispo-184-68447
68447,El Paraíso Zacatal,San Juan Bautista Tuxtepec,184,el-paraiso-zacatal-184-68447
68448,San Juan Bautista de Matamoros,San Juan Bautista Tuxtepec,184,san-juan-bautista-de-matamoros-184-68448
68448,Las Delicias,San Juan Bautista Tuxtepec,184,las-delicias-184-68448
68448,Benemérito Juárez,San Juan Bautista Tuxtepec,184,benemerito-juarez-184-68448
68449,Agua Fría Piedra del Sol,San Juan Bautista Tuxtepec,184,agua-fria-piedra-del-sol-184-68449
68449,General Lázaro Cárdenas,San Juan Bautista Tuxtepec,184,general-lazaro-cardenas-184-68449
68449,Pueblo Nuevo Ojo de Agua,San Juan Bautista Tuxtepec,184,pueblo-nuevo-ojo-de-agua-184-68449
68449,La Carlota,San Juan Bautista Tuxtepec,184,la-carlota-184-68449
68449,San Felipe de la Peña,San Juan Bautista Tuxtepec,184,san-felipe-de-la-pena-184-68449
68450,Loma San Juan,San Pedro Ixcatlán,309,loma-san-juan-309-68450
68450,San Fernando,San Pedro Ixcatlán,309,san-fernando-309-68450
68450,La Raya de Ixcatlán,San Pedro Ixcatlán,309,la-raya-de-ixcatlan-309-68450
68450,San Pedro Ixcatlán,San Pedro Ixcatlán,309,san-pedro-ixcatlan-309-68450
68451,La Cabeza de Tílpam,San Pedro Ixcatlán,309,la-cabeza-de-tilpam-309-68451
68451,Emiliano Zapata,San Pedro Ixcatlán,309,emiliano-zapata-309-68451
68451,El Progreso,San Pedro Ixcatlán,309,el-progreso-309-68451
68451,San Felipe Tilpan,San Pedro Ixcatlán,309,san-felipe-tilpan-309-68451
68452,Cerro Benito Juárez,San Pedro Ixcatlán,309,cerro-benito-juarez-309-68452
68452,Arroyo Zontle,San Pedro Ixcatlán,309,arroyo-zontle-309-68452
68452,Cerro Quemado,San Pedro Ixcatlán,309,cerro-quemado-309-68452
68452,Cerro Camarón,San Pedro Ixcatlán,309,cerro-camaron-309-68452
68454,La Luna,San Pedro Ixcatlán,309,la-luna-309-68454
68454,Arroyo Murciélago,San Pedro Ixcatlán,309,arroyo-murcielago-309-68454
68454,La Laguna,San Pedro Ixcatlán,309,la-laguna-309-68454
68454,Camino Sacristán,San Pedro Ixcatlán,309,camino-sacristan-309-68454
68456,Las Margaritas,San José Chiltepec,166,las-margaritas-166-68456
68456,El Manguito (Rancho San Felipe),San José Chiltepec,166,el-manguito-rancho-san-felipe-166-68456
68456,San Felipe,San José Chiltepec,166,san-felipe-166-68456
68456,Tierra Negra,San José Chiltepec,166,tierra-negra-166-68456
68456,Fortino J. Pinacho,San José Chiltepec,166,fortino-j-pinacho-166-68456
68456,Cerro Flores,San José Chiltepec,166,cerro-flores-166-68456
68456,El Tablero,San José Chiltepec,166,el-tablero-166-68456
68456,Arroyo Anguila,San José Chiltepec,166,arroyo-anguila-166-68456
68456,La Joya Manantial,San José Chiltepec,166,la-joya-manantial-166-68456
68456,Arroyo Choápam,San José Chiltepec,166,arroyo-choapam-166-68456
68456,San José Chiltepec,San José Chiltepec,166,san-jose-chiltepec-166-68456
68456,Peña Rubia,San José Chiltepec,166,pena-rubia-166-68456
68457,La Guadalupe,San José Chiltepec,166,la-guadalupe-166-68457
68457,Pueblo Viejo,San José Chiltepec,166,pueblo-viejo-166-68457
68458,El Fortín,San José Chiltepec,166,el-fortin-166-68458
68458,Arroyo Fríjol,San José Chiltepec,166,arroyo-frijol-166-68458
68459,Plan de Águila,San José Chiltepec,166,plan-de-aguila-166-68459
68459,Leyes de Reforma,San José Chiltepec,166,leyes-de-reforma-166-68459
68459,San Isidro Naranjal,San José Chiltepec,166,san-isidro-naranjal-166-68459
68460,Arroyo Espuma,San Felipe Jalapa de Díaz,134,arroyo-espuma-134-68460
68460,Arroyo Zapotillo,San Felipe Jalapa de Díaz,134,arroyo-zapotillo-134-68460
68460,Arroyo Venado,San Felipe Jalapa de Díaz,134,arroyo-venado-134-68460
68460,San Felipe Jalapa de Díaz Centro,San Felipe Jalapa de Díaz,134,san-felipe-jalapa-de-diaz-centro-134-68460
68460,Colorado,San Felipe Jalapa de Díaz,134,colorado-134-68460
68460,Laja,San Felipe Jalapa de Díaz,134,laja-134-68460
68460,Chico,San Felipe Jalapa de Díaz,134,chico-134-68460
68462,Los Zarates,San Felipe Jalapa de Díaz,134,los-zarates-134-68462
68462,Camino Zacatal,San Felipe Jalapa de Díaz,134,camino-zacatal-134-68462
68462,Sección Los Roques,San Felipe Jalapa de Díaz,134,seccion-los-roques-134-68462
68462,El Crucero,San Felipe Jalapa de Díaz,134,el-crucero-134-68462
68462,Arroyo Grande,San Felipe Jalapa de Díaz,134,arroyo-grande-134-68462
68462,Sección Los Palacios,San Felipe Jalapa de Díaz,134,seccion-los-palacios-134-68462
68462,Arroyo Culebra,San Felipe Jalapa de Díaz,134,arroyo-culebra-134-68462
68462,La Central,San Felipe Jalapa de Díaz,134,la-central-134-68462
68462,Agua de Tierra (Sección la Montaña),San Felipe Jalapa de Díaz,134,agua-de-tierra-seccion-la-montana-134-68462
68462,Sección Arroyo Crecido,San Felipe Jalapa de Díaz,134,seccion-arroyo-crecido-134-68462
68462,Sección la Montaña (Agua de Tierra),San Felipe Jalapa de Díaz,134,seccion-la-montana-agua-de-tierra-134-68462
68462,Chuparrosa,San Felipe Jalapa de Díaz,134,chuparrosa-134-68462
68462,La Sorpresa,San Felipe Jalapa de Díaz,134,la-sorpresa-134-68462
68462,La Permuta,San Felipe Jalapa de Díaz,134,la-permuta-134-68462
68463,Camino de Ixcatlán,San Felipe Jalapa de Díaz,134,camino-de-ixcatlan-134-68463
68463,Paso del Toro,San Felipe Jalapa de Díaz,134,paso-del-toro-134-68463
68463,Los Bibiano,San Felipe Jalapa de Díaz,134,los-bibiano-134-68463
68463,Loma de San Juan,San Felipe Jalapa de Díaz,134,loma-de-san-juan-134-68463
68463,Arroyo Venado (Sección Tercera),San Felipe Jalapa de Díaz,134,arroyo-venado-seccion-tercera-134-68463
68464,Playa Chica,San Felipe Jalapa de Díaz,134,playa-chica-134-68464
68464,La Concha,San Felipe Jalapa de Díaz,134,la-concha-134-68464
68464,Loma Naranja,San Felipe Jalapa de Díaz,134,loma-naranja-134-68464
68464,Santo Tomás,San Felipe Jalapa de Díaz,134,santo-tomas-134-68464
68465,Santa María Jacatepec,Santa María Jacatepec,417,santa-maria-jacatepec-417-68465
68465,Vega del Sol,Santa María Jacatepec,417,vega-del-sol-417-68465
68466,Adalberto Vélez,Santa María Jacatepec,417,adalberto-velez-417-68466
68466,Nuevo Málzaga,Santa María Jacatepec,417,nuevo-malzaga-417-68466
68466,San Agustín,Santa María Jacatepec,417,san-agustin-417-68466
68466,La Joya de Santa María Jacatepec,Santa María Jacatepec,417,la-joya-de-santa-maria-jacatepec-417-68466
68466,Macedonio Alcalá,Santa María Jacatepec,417,macedonio-alcala-417-68466
68467,La Florida,Santa María Jacatepec,417,la-florida-417-68467
68467,Loma del Carmen,Santa María Jacatepec,417,loma-del-carmen-417-68467
68468,Cerro Concha,Santa María Jacatepec,417,cerro-concha-417-68468
68470,Buenavista,San Lucas Ojitlán,232,buenavista-232-68470
68470,General Sebastián Ortiz,San Lucas Ojitlán,232,general-sebastian-ortiz-232-68470
68470,Loma Alta,San Lucas Ojitlán,232,loma-alta-232-68470
68470,San Lucas Ojitlán,San Lucas Ojitlán,232,san-lucas-ojitlan-232-68470
68470,Los Ángeles,San Lucas Ojitlán,232,los-angeles-232-68470
68470,Esperanza,San Lucas Ojitlán,232,esperanza-232-68470
68472,Laguna Arroyo Grande,San Lucas Ojitlán,232,laguna-arroyo-grande-232-68472
68472,Arroyo Manantial,San Lucas Ojitlán,232,arroyo-manantial-232-68472
68472,Nuevo Arroyo Camarón,San Lucas Ojitlán,232,nuevo-arroyo-camaron-232-68472
68472,Arroyo Culebra,San Lucas Ojitlán,232,arroyo-culebra-232-68472
68472,El Mirador,San Lucas Ojitlán,232,el-mirador-232-68472
68472,20 de Noviembre (Vista Hermosa),San Lucas Ojitlán,232,20-de-noviembre-vista-hermosa-232-68472
68472,Loma de Piedra,San Lucas Ojitlán,232,loma-de-piedra-232-68472
68473,Loma de Cedro,San Lucas Ojitlán,232,loma-de-cedro-232-68473
68473,Vista Hermosa,San Lucas Ojitlán,232,vista-hermosa-232-68473
68473,Yucatán,San Lucas Ojitlán,232,yucatan-232-68473
68473,Puerto Ángel,San Lucas Ojitlán,232,puerto-angel-232-68473
68473,El Platanar,San Lucas Ojitlán,232,el-platanar-232-68473
68473,Cacahuatal,San Lucas Ojitlán,232,cacahuatal-232-68473
68473,Profesor Florentino Terán Sánchez,San Lucas Ojitlán,232,profesor-florentino-teran-sanchez-232-68473
68473,Nuevo Paso Limón,San Lucas Ojitlán,232,nuevo-paso-limon-232-68473
68473,El Nanche,San Lucas Ojitlán,232,el-nanche-232-68473
68473,Pueblo Nuevo,San Lucas Ojitlán,232,pueblo-nuevo-232-68473
68474,Heladio Ramírez López,San Lucas Ojitlán,232,heladio-ramirez-lopez-232-68474
68474,Santa Rosa de Lima,San Lucas Ojitlán,232,santa-rosa-de-lima-232-68474
68474,Alfredo Vladmir Bonfil,San Lucas Ojitlán,232,alfredo-vladmir-bonfil-232-68474
68475,Laguna Escondida,San Lucas Ojitlán,232,laguna-escondida-232-68475
68475,Nuevo Aguacate,San Lucas Ojitlán,232,nuevo-aguacate-232-68475
68476,Villa de Guadalupe,San Lucas Ojitlán,232,villa-de-guadalupe-232-68476
68476,Monte Bello,San Lucas Ojitlán,232,monte-bello-232-68476
68476,Nueva José López Portillo,San Lucas Ojitlán,232,nueva-jose-lopez-portillo-232-68476
68476,Vicente Guerrero,San Lucas Ojitlán,232,vicente-guerrero-232-68476
68476,El Cafetal Segundo,San Lucas Ojitlán,232,el-cafetal-segundo-232-68476
68476,Arroyo Camarón,San Lucas Ojitlán,232,arroyo-camaron-232-68476
68477,Playa de Soyaltepec,San Lucas Ojitlán,232,playa-de-soyaltepec-232-68477
68477,San José Lagunas,San Lucas Ojitlán,232,san-jose-lagunas-232-68477
68477,Arroyo Caracol Arriba,San Lucas Ojitlán,232,arroyo-caracol-arriba-232-68477
68477,Arroyo Caracol Ideal,San Lucas Ojitlán,232,arroyo-caracol-ideal-232-68477
68477,Francisco I. Madero,San Lucas Ojitlán,232,francisco-i-madero-232-68477
68477,Arroyo Camalote,San Lucas Ojitlán,232,arroyo-camalote-232-68477
68477,El Ideal,San Lucas Ojitlán,232,el-ideal-232-68477
68479,Mazin Grande,San Lucas Ojitlán,232,mazin-grande-232-68479
68480,Nuevo Valle Real,San Juan Bautista Valle Nacional,559,nuevo-valle-real-559-68480
68480,El Castillo,San Juan Bautista Valle Nacional,559,el-castillo-559-68480
68480,San Juan Bautista Valle Nacional Centro,San Juan Bautista Valle Nacional,559,san-juan-bautista-valle-nacional-centro-559-68480
68480,12 de Marzo,San Juan Bautista Valle Nacional,559,12-de-marzo-559-68480
68480,Ejidal,San Juan Bautista Valle Nacional,559,ejidal-559-68480
68480,El Arenal,San Juan Bautista Valle Nacional,559,el-arenal-559-68480
68480,La Gran Lucha,San Juan Bautista Valle Nacional,559,la-gran-lucha-559-68480
68480,Las Piedras,San Juan Bautista Valle Nacional,559,las-piedras-559-68480
68480,Municipal,San Juan Bautista Valle Nacional,559,municipal-559-68480
68480,Playa Bruja,San Juan Bautista Valle Nacional,559,playa-bruja-559-68480
68480,Chinanteca,San Juan Bautista Valle Nacional,559,chinanteca-559-68480
68480,Isleta Delfín,San Juan Bautista Valle Nacional,559,isleta-delfin-559-68480
68482,Tres Marías,San Juan Bautista Valle Nacional,559,tres-marias-559-68482
68482,Cerro Armadillo Chico,San Juan Bautista Valle Nacional,559,cerro-armadillo-chico-559-68482
68482,Cerro Marín,San Juan Bautista Valle Nacional,559,cerro-marin-559-68482
68482,San Isidro Chinantilla,San Juan Bautista Valle Nacional,559,san-isidro-chinantilla-559-68482
68482,San Bernardo,San Juan Bautista Valle Nacional,559,san-bernardo-559-68482
68482,Paso del Jobo,San Juan Bautista Valle Nacional,559,paso-del-jobo-559-68482
68483,Miguel Hidalgo,San Juan Bautista Valle Nacional,559,miguel-hidalgo-559-68483
68483,Monte Negro,San Juan Bautista Valle Nacional,559,monte-negro-559-68483
68483,Rinconada,San Juan Bautista Valle Nacional,559,rinconada-559-68483
68483,San Cristóbal la Vega,San Juan Bautista Valle Nacional,559,san-cristobal-la-vega-559-68483
68483,Santa Fe y la Mar,San Juan Bautista Valle Nacional,559,santa-fe-y-la-mar-559-68483
68484,Hondura de Nanche,San Juan Bautista Valle Nacional,559,hondura-de-nanche-559-68484
68484,Paso Nuevo La Hamaca,San Juan Bautista Valle Nacional,559,paso-nuevo-la-hamaca-559-68484
68485,Loma Santa Fe,San Juan Bautista Valle Nacional,559,loma-santa-fe-559-68485
68485,Monte Bello,San Juan Bautista Valle Nacional,559,monte-bello-559-68485
68485,San Mateo Yetla,San Juan Bautista Valle Nacional,559,san-mateo-yetla-559-68485
68485,Santiago Progreso,San Juan Bautista Valle Nacional,559,santiago-progreso-559-68485
68486,Rancho Ojoche,San Juan Bautista Valle Nacional,559,rancho-ojoche-559-68486
68486,Cerro Cangrejo,San Juan Bautista Valle Nacional,559,cerro-cangrejo-559-68486
68486,Cerro Armadillo Grande,San Juan Bautista Valle Nacional,559,cerro-armadillo-grande-559-68486
68486,Cerro Cangrejo Grande,San Juan Bautista Valle Nacional,559,cerro-cangrejo-grande-559-68486
68486,San Juan Palatla,San Juan Bautista Valle Nacional,559,san-juan-palatla-559-68486
68487,Rancho Cafetal,San Juan Bautista Valle Nacional,559,rancho-cafetal-559-68487
68487,Loma San Rafael,San Juan Bautista Valle Nacional,559,loma-san-rafael-559-68487
68487,Arroyo Tortuga,San Juan Bautista Valle Nacional,559,arroyo-tortuga-559-68487
68487,Arroyo Seco,San Juan Bautista Valle Nacional,559,arroyo-seco-559-68487
68487,San Rafael Agua Del Pescadito,San Juan Bautista Valle Nacional,559,san-rafael-agua-del-pescadito-559-68487
68487,Cerro Mirador,San Juan Bautista Valle Nacional,559,cerro-mirador-559-68487
68487,Rancho Grande,San Juan Bautista Valle Nacional,559,rancho-grande-559-68487
68487,San Antonio Ocote,San Juan Bautista Valle Nacional,559,san-antonio-ocote-559-68487
68488,San Isidro Laguna,San Juan Bautista Valle Nacional,559,san-isidro-laguna-559-68488
68488,Cerro de Pita,San Juan Bautista Valle Nacional,559,cerro-de-pita-559-68488
68488,San Lucas Arroyo Palomo,San Juan Bautista Valle Nacional,559,san-lucas-arroyo-palomo-559-68488
68488,San Antonio Otate,San Juan Bautista Valle Nacional,559,san-antonio-otate-559-68488
68488,San Felipe de León,San Juan Bautista Valle Nacional,559,san-felipe-de-leon-559-68488
68488,Arroyo Colorado,San Juan Bautista Valle Nacional,559,arroyo-colorado-559-68488
68488,Arroyo de Banco,San Juan Bautista Valle Nacional,559,arroyo-de-banco-559-68488
68490,Ampliación Aeropuerto,San Felipe Usila,136,ampliacion-aeropuerto-136-68490
68490,San Felipe Usila,San Felipe Usila,136,san-felipe-usila-136-68490
68491,Piedra de Azúcar,San Felipe Usila,136,piedra-de-azucar-136-68491
68491,Santa Flora,San Felipe Usila,136,santa-flora-136-68491
68493,San Antonio Analco,San Felipe Usila,136,san-antonio-analco-136-68493
68493,Peña Blanca,San Felipe Usila,136,pena-blanca-136-68493
68494,San Antonio del Barrio,San Felipe Usila,136,san-antonio-del-barrio-136-68494
68494,Santa Cruz Tepetotutla,San Felipe Usila,136,santa-cruz-tepetotutla-136-68494
68495,Arroyo Tambor,San Felipe Usila,136,arroyo-tambor-136-68495
68495,Caracol Estrella,San Felipe Usila,136,caracol-estrella-136-68495
68496,Arroyo Iguana,San Felipe Usila,136,arroyo-iguana-136-68496
68496,Paso Escaleras,San Felipe Usila,136,paso-escaleras-136-68496
68496,General Emiliano Zapata,San Felipe Usila,136,general-emiliano-zapata-136-68496
68497,Santiago Tlatepusco,San Felipe Usila,136,santiago-tlatepusco-136-68497
68497,Santo Tomás Texas,San Felipe Usila,136,santo-tomas-texas-136-68497
68500,Huautla de Jiménez,Huautla de Jiménez,041,huautla-de-jimenez-041-68500
68500,Santa Catarina Buenavista,Huautla de Jiménez,041,santa-catarina-buenavista-041-68500
68500,Cerro Azteca,Huautla de Jiménez,041,cerro-azteca-041-68500
68500,Plan de la Salida,Huautla de Jiménez,041,plan-de-la-salida-041-68500
68500,Plan de Basura,Huautla de Jiménez,041,plan-de-basura-041-68500
68500,Plan de Carril,Huautla de Jiménez,041,plan-de-carril-041-68500
68500,Loma de La Plaza,Huautla de Jiménez,041,loma-de-la-plaza-041-68500
68500,Loma Fortín,Huautla de Jiménez,041,loma-fortin-041-68500
68501,Plan de Ocote,Huautla de Jiménez,041,plan-de-ocote-041-68501
68501,Cerro Zongolica,Huautla de Jiménez,041,cerro-zongolica-041-68501
68501,La Mina,Huautla de Jiménez,041,la-mina-041-68501
68501,Llano de Águila,Huautla de Jiménez,041,llano-de-aguila-041-68501
68501,Agua Sangre,Huautla de Jiménez,041,agua-sangre-041-68501
68501,Llano Viejo,Huautla de Jiménez,041,llano-viejo-041-68501
68501,Loma Maguey,Huautla de Jiménez,041,loma-maguey-041-68501
68501,Agua Catitla,Huautla de Jiménez,041,agua-catitla-041-68501
68501,Loma Chilar,Huautla de Jiménez,041,loma-chilar-041-68501
68501,Santa Cruz de Juárez,Huautla de Jiménez,041,santa-cruz-de-juarez-041-68501
68501,Patio Iglesia,Huautla de Jiménez,041,patio-iglesia-041-68501
68502,La Providencia,Huautla de Jiménez,041,la-providencia-041-68502
68502,Agua de Pluma,Huautla de Jiménez,041,agua-de-pluma-041-68502
68502,Agua de Tinta,Huautla de Jiménez,041,agua-de-tinta-041-68502
68502,Agua de Tigre,Huautla de Jiménez,041,agua-de-tigre-041-68502
68502,Agua de Cuerno,Huautla de Jiménez,041,agua-de-cuerno-041-68502
68502,Agua Neblina,Huautla de Jiménez,041,agua-neblina-041-68502
68502,Agua de Cerro,Huautla de Jiménez,041,agua-de-cerro-041-68502
68502,Río Santiago,Huautla de Jiménez,041,rio-santiago-041-68502
68502,Zongolica,Huautla de Jiménez,041,zongolica-041-68502
68502,Plan Carlota,Huautla de Jiménez,041,plan-carlota-041-68502
68503,Agua de Tierra,Huautla de Jiménez,041,agua-de-tierra-041-68503
68503,Los Pinos,Huautla de Jiménez,041,los-pinos-041-68503
68503,Agua Pegado,Huautla de Jiménez,041,agua-pegado-041-68503
68503,Encinal Huautla,Huautla de Jiménez,041,encinal-huautla-041-68503
68503,Agua del Monte,Huautla de Jiménez,041,agua-del-monte-041-68503
68503,Agua de Álamo,Huautla de Jiménez,041,agua-de-alamo-041-68503
68503,San Agustín Zaragoza,Huautla de Jiménez,041,san-agustin-zaragoza-041-68503
68503,San Andrés Hidalgo,Huautla de Jiménez,041,san-andres-hidalgo-041-68503
68504,Agua Canoa,Huautla de Jiménez,041,agua-canoa-041-68504
68504,Agua de Lluvia,Huautla de Jiménez,041,agua-de-lluvia-041-68504
68504,Loma Chapultepec,Huautla de Jiménez,041,loma-chapultepec-041-68504
68505,La Finca,Huautla de Jiménez,041,la-finca-041-68505
68505,Cerro Iglesia,Huautla de Jiménez,041,cerro-iglesia-041-68505
68505,Agua de Flor,Huautla de Jiménez,041,agua-de-flor-041-68505
68505,Agua de Yerba Santa,Huautla de Jiménez,041,agua-de-yerba-santa-041-68505
68505,Agua Flor Fría,Huautla de Jiménez,041,agua-flor-fria-041-68505
68505,Del Valle,Huautla de Jiménez,041,del-valle-041-68505
68505,San Felipe,Huautla de Jiménez,041,san-felipe-041-68505
68505,Agua de la Rosa,Huautla de Jiménez,041,agua-de-la-rosa-041-68505
68505,Nezahualcoyotl,Huautla de Jiménez,041,nezahualcoyotl-041-68505
68506,Agua de Tijera,Huautla de Jiménez,041,agua-de-tijera-041-68506
68506,Piedra Colorada,Huautla de Jiménez,041,piedra-colorada-041-68506
68506,Agua de Carrizo,Huautla de Jiménez,041,agua-de-carrizo-041-68506
68506,Cerro Ocote,Huautla de Jiménez,041,cerro-ocote-041-68506
68506,Poza Rica San Andrés,Huautla de Jiménez,041,poza-rica-san-andres-041-68506
68506,Plan de Escoba,Huautla de Jiménez,041,plan-de-escoba-041-68506
68506,Agua de Llano,Huautla de Jiménez,041,agua-de-llano-041-68506
68506,Agua Flor Fría,Huautla de Jiménez,041,agua-flor-fria-041-68506
68506,Llano Verde,Huautla de Jiménez,041,llano-verde-041-68506
68506,5 de Mayo,Huautla de Jiménez,041,5-de-mayo-041-68506
68508,Peña Campana,Huautla de Jiménez,041,pena-campana-041-68508
68508,Palo de Marca,Huautla de Jiménez,041,palo-de-marca-041-68508
68508,Agua Temazcal,Huautla de Jiménez,041,agua-temazcal-041-68508
68508,Loma Alta,Huautla de Jiménez,041,loma-alta-041-68508
68508,Llano de Lodo,Huautla de Jiménez,041,llano-de-lodo-041-68508
68508,El Carrizal,Huautla de Jiménez,041,el-carrizal-041-68508
68508,Loma Nopal,Huautla de Jiménez,041,loma-nopal-041-68508
68508,Xochitonalco,Huautla de Jiménez,041,xochitonalco-041-68508
68508,Agua Cabeza de León,Huautla de Jiménez,041,agua-cabeza-de-leon-041-68508
68510,Santa Herminia,Santa María Chilchotla,406,santa-herminia-406-68510
68510,Lote 31,Santa María Chilchotla,406,lote-31-406-68510
68510,Agua de Cueva,Santa María Chilchotla,406,agua-de-cueva-406-68510
68510,San José Cañaltepec,Santa María Chilchotla,406,san-jose-canaltepec-406-68510
68510,La Revolución,Santa María Chilchotla,406,la-revolucion-406-68510
68510,Agua de Gancho,Santa María Chilchotla,406,agua-de-gancho-406-68510
68510,Santa María Chilchotla,Santa María Chilchotla,406,santa-maria-chilchotla-406-68510
68510,María Luisa,Santa María Chilchotla,406,maria-luisa-406-68510
68510,Joya María,Santa María Chilchotla,406,joya-maria-406-68510
68511,San Julio,Santa María Chilchotla,406,san-julio-406-68511
68511,Villa Alta,Santa María Chilchotla,406,villa-alta-406-68511
68511,Tierra Colorada,Santa María Chilchotla,406,tierra-colorada-406-68511
68511,Loma Limón,Santa María Chilchotla,406,loma-limon-406-68511
68511,Río Lodo,Santa María Chilchotla,406,rio-lodo-406-68511
68511,Arroyo Zontle,Santa María Chilchotla,406,arroyo-zontle-406-68511
68511,Loma Grande,Santa María Chilchotla,406,loma-grande-406-68511
68511,Loma Larga,Santa María Chilchotla,406,loma-larga-406-68511
68511,Loma Alta,Santa María Chilchotla,406,loma-alta-406-68511
68511,Hungaria,Santa María Chilchotla,406,hungaria-406-68511
68511,Rancho Nuevo,Santa María Chilchotla,406,rancho-nuevo-406-68511
68511,San Telésforo,Santa María Chilchotla,406,san-telesforo-406-68511
68511,Arroyo Venado,Santa María Chilchotla,406,arroyo-venado-406-68511
68511,Agua de Paxtle,Santa María Chilchotla,406,agua-de-paxtle-406-68511
68511,Patio Iglesia,Santa María Chilchotla,406,patio-iglesia-406-68511
68511,Río Sapo,Santa María Chilchotla,406,rio-sapo-406-68511
68511,Paso Cocuyo,Santa María Chilchotla,406,paso-cocuyo-406-68511
68512,Loma Verde,Santa María Chilchotla,406,loma-verde-406-68512
68512,Piedra de Fierro,Santa María Chilchotla,406,piedra-de-fierro-406-68512
68512,Cuauhtémoc,Santa María Chilchotla,406,cuauhtemoc-406-68512
68512,La Reforma,Santa María Chilchotla,406,la-reforma-406-68512
68512,Santa Rosa,Santa María Chilchotla,406,santa-rosa-406-68512
68512,Piedra Ancha,Santa María Chilchotla,406,piedra-ancha-406-68512
68512,El Vergel,Santa María Chilchotla,406,el-vergel-406-68512
68512,San Julio,Santa María Chilchotla,406,san-julio-406-68512
68512,La Soledad,Santa María Chilchotla,406,la-soledad-406-68512
68512,Rancho de Oro,Santa María Chilchotla,406,rancho-de-oro-406-68512
68512,Emiliano Zapata,Santa María Chilchotla,406,emiliano-zapata-406-68512
68512,San Martín de Porres,Santa María Chilchotla,406,san-martin-de-porres-406-68512
68512,Vista Hermosa,Santa María Chilchotla,406,vista-hermosa-406-68512
68512,San José Lindavista,Santa María Chilchotla,406,san-jose-lindavista-406-68512
68512,Monte Horeb,Santa María Chilchotla,406,monte-horeb-406-68512
68512,La Trinidad,Santa María Chilchotla,406,la-trinidad-406-68512
68512,Monte Cristo,Santa María Chilchotla,406,monte-cristo-406-68512
68512,San Juan,Santa María Chilchotla,406,san-juan-406-68512
68512,Pueblo Nuevo,Santa María Chilchotla,406,pueblo-nuevo-406-68512
68512,Barranca Seca,Santa María Chilchotla,406,barranca-seca-406-68512
68512,El Edén,Santa María Chilchotla,406,el-eden-406-68512
68512,Rancho Nuevo,Santa María Chilchotla,406,rancho-nuevo-406-68512
68512,Villa Azueta,Santa María Chilchotla,406,villa-azueta-406-68512
68512,Ricardo Flores Magón,Santa María Chilchotla,406,ricardo-flores-magon-406-68512
68513,Monte Sinaí,Santa María Chilchotla,406,monte-sinai-406-68513
68513,San Gregorio,Santa María Chilchotla,406,san-gregorio-406-68513
68513,La Paz,Santa María Chilchotla,406,la-paz-406-68513
68513,La Luz,Santa María Chilchotla,406,la-luz-406-68513
68513,Benito Juárez,Santa María Chilchotla,406,benito-juarez-406-68513
68513,El Naranjo,Santa María Chilchotla,406,el-naranjo-406-68513
68513,Peña Quemada,Santa María Chilchotla,406,pena-quemada-406-68513
68513,Amatlán de los Reyes,Santa María Chilchotla,406,amatlan-de-los-reyes-406-68513
68513,Cerro Carlota (Santa Carlota),Santa María Chilchotla,406,cerro-carlota-santa-carlota-406-68513
68513,Cueva Blanca,Santa María Chilchotla,406,cueva-blanca-406-68513
68513,Loma Bonita,Santa María Chilchotla,406,loma-bonita-406-68513
68513,Dolores Primera Sección,Santa María Chilchotla,406,dolores-primera-seccion-406-68513
68513,Dolores Segunda Sección,Santa María Chilchotla,406,dolores-segunda-seccion-406-68513
68513,San Martín Río Petlapa,Santa María Chilchotla,406,san-martin-rio-petlapa-406-68513
68513,San Miguel Nuevo,Santa María Chilchotla,406,san-miguel-nuevo-406-68513
68513,San Francisco,Santa María Chilchotla,406,san-francisco-406-68513
68513,San Rafael,Santa María Chilchotla,406,san-rafael-406-68513
68513,Santa Eustolia,Santa María Chilchotla,406,santa-eustolia-406-68513
68513,Santa Cecilia,Santa María Chilchotla,406,santa-cecilia-406-68513
68514,Clemencia,Santa María Chilchotla,406,clemencia-406-68514
68514,Voladero,Santa María Chilchotla,406,voladero-406-68514
68514,Santa Elena,Santa María Chilchotla,406,santa-elena-406-68514
68514,Agua de Niño,Santa María Chilchotla,406,agua-de-nino-406-68514
68514,Monte de los Olivos,Santa María Chilchotla,406,monte-de-los-olivos-406-68514
68514,Rancho Cacao,Santa María Chilchotla,406,rancho-cacao-406-68514
68514,Congregación Francisco I. Madero,Santa María Chilchotla,406,congregacion-francisco-i-madero-406-68514
68514,San Agustín,Santa María Chilchotla,406,san-agustin-406-68514
68514,El Mirador,Santa María Chilchotla,406,el-mirador-406-68514
68514,Río Seco,Santa María Chilchotla,406,rio-seco-406-68514
68514,Rancho Alegre,Santa María Chilchotla,406,rancho-alegre-406-68514
68514,Loma Mango,Santa María Chilchotla,406,loma-mango-406-68514
68514,San Antonio,Santa María Chilchotla,406,san-antonio-406-68514
68514,Guadalupe,Santa María Chilchotla,406,guadalupe-406-68514
68515,Santa Ana Ateixtlahuaca,Santa Ana Ateixtlahuaca,354,santa-ana-ateixtlahuaca-354-68515
68518,San Lorenzo Cuaunecuiltitla,San Lorenzo Cuaunecuiltitla,228,san-lorenzo-cuaunecuiltitla-228-68518
68520,San Francisco Huehuetlán,San Francisco Huehuetlán,142,san-francisco-huehuetlan-142-68520
68523,Papalocuatla,San Francisco Huehuetlán,142,papalocuatla-142-68523
68524,San Pedro Ocopetatillo,San Pedro Ocopetatillo,322,san-pedro-ocopetatillo-322-68524
68527,Piedra Tendida,Santa Cruz Acatepec,374,piedra-tendida-374-68527
68527,Agua Peñafiel,Santa Cruz Acatepec,374,agua-penafiel-374-68527
68527,Santa Cruz Acatepec,Santa Cruz Acatepec,374,santa-cruz-acatepec-374-68527
68530,Agua Iglesia,Eloxochitlán de Flores Magón,029,agua-iglesia-029-68530
68530,Agua de Cueva,Eloxochitlán de Flores Magón,029,agua-de-cueva-029-68530
68530,Escopeta,Eloxochitlán de Flores Magón,029,escopeta-029-68530
68530,El Cimiento,Eloxochitlán de Flores Magón,029,el-cimiento-029-68530
68530,Moctezuma,Eloxochitlán de Flores Magón,029,moctezuma-029-68530
68530,Eloxochitlán de Flores Magón,Eloxochitlán de Flores Magón,029,eloxochitlan-de-flores-magon-029-68530
68532,Agua Torcida,Eloxochitlán de Flores Magón,029,agua-torcida-029-68532
68532,Plan de Cebolla (Cebollín),Eloxochitlán de Flores Magón,029,plan-de-cebolla-cebollin-029-68532
68532,La Raya San Pedro,Eloxochitlán de Flores Magón,029,la-raya-san-pedro-029-68532
68532,La Tranca,Eloxochitlán de Flores Magón,029,la-tranca-029-68532
68532,Corral,Eloxochitlán de Flores Magón,029,corral-029-68532
68532,Peña Colorada,Eloxochitlán de Flores Magón,029,pena-colorada-029-68532
68533,Puerto Rosete,Eloxochitlán de Flores Magón,029,puerto-rosete-029-68533
68534,Agua Blanca,Eloxochitlán de Flores Magón,029,agua-blanca-029-68534
68534,Agua Ancha,Eloxochitlán de Flores Magón,029,agua-ancha-029-68534
68534,San José Buenavista,Eloxochitlán de Flores Magón,029,san-jose-buenavista-029-68534
68535,Tepantitlán,Santiago Texcalcingo,490,tepantitlan-490-68535
68535,Tamazulapam,Santiago Texcalcingo,490,tamazulapam-490-68535
68535,Atempa,Santiago Texcalcingo,490,atempa-490-68535
68535,Santiago Texcalcingo,Santiago Texcalcingo,490,santiago-texcalcingo-490-68535
68536,Pelixtitlan,Santiago Texcalcingo,490,pelixtitlan-490-68536
68537,Buena Vista,Santiago Texcalcingo,490,buena-vista-490-68537
68537,Huashintlán,Santiago Texcalcingo,490,huashintlan-490-68537
68537,Loma Bonita,Santiago Texcalcingo,490,loma-bonita-490-68537
68540,Purísima,Teotitlán de Flores Magón,545,purisima-545-68540
68540,San Isidro,Teotitlán de Flores Magón,545,san-isidro-545-68540
68540,El Calvario,Teotitlán de Flores Magón,545,el-calvario-545-68540
68540,Teotitlán de Flores Magón Centro,Teotitlán de Flores Magón,545,teotitlan-de-flores-magon-centro-545-68540
68540,Benito Juárez,Teotitlán de Flores Magón,545,benito-juarez-545-68540
68540,San Miguel,Teotitlán de Flores Magón,545,san-miguel-545-68540
68540,Miguel Hidalgo,Teotitlán de Flores Magón,545,miguel-hidalgo-545-68540
68540,Emiliano Zapata,Teotitlán de Flores Magón,545,emiliano-zapata-545-68540
68540,Guadalupe Victoria,Teotitlán de Flores Magón,545,guadalupe-victoria-545-68540
68540,Vázquez Colmenares,Teotitlán de Flores Magón,545,vazquez-colmenares-545-68540
68540,Las Arboledas,Teotitlán de Flores Magón,545,las-arboledas-545-68540
68540,San Jerónimo,Teotitlán de Flores Magón,545,san-jeronimo-545-68540
68542,San Bernardino,Teotitlán de Flores Magón,545,san-bernardino-545-68542
68543,Ignacio Mejía,Teotitlán de Flores Magón,545,ignacio-mejia-545-68543
68544,Ayacuautla,Santa María Teopoxco,434,ayacuautla-434-68544
68544,Tecuanapam,Santa María Teopoxco,434,tecuanapam-434-68544
68544,Guadalupe Victoria,Santa María Teopoxco,434,guadalupe-victoria-434-68544
68544,San Nicolás,Santa María Teopoxco,434,san-nicolas-434-68544
68544,Los Duraznos,Santa María Teopoxco,434,los-duraznos-434-68544
68544,Santa María Teopoxco,Santa María Teopoxco,434,santa-maria-teopoxco-434-68544
68545,Villa Nueva,Santa María Teopoxco,434,villa-nueva-434-68545
68545,Loma Alta,Santa María Teopoxco,434,loma-alta-434-68545
68545,Santa Cruz Ocotzocuautla,Santa María Teopoxco,434,santa-cruz-ocotzocuautla-434-68545
68545,Tepetitlán,Santa María Teopoxco,434,tepetitlan-434-68545
68545,Buena Vista,Santa María Teopoxco,434,buena-vista-434-68545
68547,San Martín Toxpalan,San Martín Toxpalan,244,san-martin-toxpalan-244-68547
68548,Lagunillas,San Martín Toxpalan,244,lagunillas-244-68548
68548,Cuixtepec,San Martín Toxpalan,244,cuixtepec-244-68548
68548,El Duraznillo,San Martín Toxpalan,244,el-duraznillo-244-68548
68548,Capultitla,San Martín Toxpalan,244,capultitla-244-68548
68548,Ignacio Zaragoza,San Martín Toxpalan,244,ignacio-zaragoza-244-68548
68550,San Jerónimo Tecóatl,San Jerónimo Tecóatl,163,san-jeronimo-tecoatl-163-68550
68551,Los Naranjos,San Jerónimo Tecóatl,163,los-naranjos-163-68551
68552,Plan de Guadalupe,San Jerónimo Tecóatl,163,plan-de-guadalupe-163-68552
68553,Llano de Agua,Santa María la Asunción,396,llano-de-agua-396-68553
68553,Santa María Asunción,Santa María la Asunción,396,santa-maria-asuncion-396-68553
68555,Río Tuerto (Rancho Carrera),Huautepec,040,rio-tuerto-rancho-carrera-040-68555
68555,Cueva de los Seres,Huautepec,040,cueva-de-los-seres-040-68555
68555,Los Pinos,Huautepec,040,los-pinos-040-68555
68555,Agua Esperanza,Huautepec,040,agua-esperanza-040-68555
68555,Agua Colorada,Huautepec,040,agua-colorada-040-68555
68555,Llano Aguacatal,Huautepec,040,llano-aguacatal-040-68555
68555,Agua de Borrego,Huautepec,040,agua-de-borrego-040-68555
68555,Agua Evangelista,Huautepec,040,agua-evangelista-040-68555
68555,Loma de Abejón,Huautepec,040,loma-de-abejon-040-68555
68555,Agua de Tinta,Huautepec,040,agua-de-tinta-040-68555
68555,El Mirador Peña Blanca,Huautepec,040,el-mirador-pena-blanca-040-68555
68555,Barrio Velasco,Huautepec,040,barrio-velasco-040-68555
68555,Llano Platanal,Huautepec,040,llano-platanal-040-68555
68555,Agua Come Tigre,Huautepec,040,agua-come-tigre-040-68555
68555,Agua Pajarito,Huautepec,040,agua-pajarito-040-68555
68555,Laguna,Huautepec,040,laguna-040-68555
68555,Peña Blanca Buena Vista,Huautepec,040,pena-blanca-buena-vista-040-68555
68555,El Camarón,Huautepec,040,el-camaron-040-68555
68555,Huautepec,Huautepec,040,huautepec-040-68555
68557,Loma de Hueso,San Juan Coatzóspam,187,loma-de-hueso-187-68557
68557,San Isidro,San Juan Coatzóspam,187,san-isidro-187-68557
68557,San Juan Coatzospam,San Juan Coatzóspam,187,san-juan-coatzospam-187-68557
68558,Loma de la Plaza,San Juan Coatzóspam,187,loma-de-la-plaza-187-68558
68558,Agua Español,San Juan Coatzóspam,187,agua-espanol-187-68558
68560,Loma Izote,San Lucas Zoquiápam,234,loma-izote-234-68560
68560,El Paxtle,San Lucas Zoquiápam,234,el-paxtle-234-68560
68560,San Lucas Zoquiapam,San Lucas Zoquiápam,234,san-lucas-zoquiapam-234-68560
68561,Loma de Águila,San Lucas Zoquiápam,234,loma-de-aguila-234-68561
68561,San Marcos Liquidámbar,San Lucas Zoquiápam,234,san-marcos-liquidambar-234-68561
68561,Guadalupe,San Lucas Zoquiápam,234,guadalupe-234-68561
68561,Cerro de Arena,San Lucas Zoquiápam,234,cerro-de-arena-234-68561
68561,Otatitlán (Loma Otatitlán),San Lucas Zoquiápam,234,otatitlan-loma-otatitlan-234-68561
68561,Loma Caballo,San Lucas Zoquiápam,234,loma-caballo-234-68561
68561,La Palmera,San Lucas Zoquiápam,234,la-palmera-234-68561
68561,Tierra Colorada,San Lucas Zoquiápam,234,tierra-colorada-234-68561
68561,El Vizaje,San Lucas Zoquiápam,234,el-vizaje-234-68561
68561,Loma Ocotitlán,San Lucas Zoquiápam,234,loma-ocotitlan-234-68561
68561,San José Vista Hermosa,San Lucas Zoquiápam,234,san-jose-vista-hermosa-234-68561
68562,Buena Vista,San Lucas Zoquiápam,234,buena-vista-234-68562
68562,San Martín San Isidro,San Lucas Zoquiápam,234,san-martin-san-isidro-234-68562
68562,San Isidro Zoquiapan,San Lucas Zoquiápam,234,san-isidro-zoquiapan-234-68562
68563,San Juan la Unión,San Lucas Zoquiápam,234,san-juan-la-union-234-68563
68563,Llano de Álamo,San Lucas Zoquiápam,234,llano-de-alamo-234-68563
68563,Agua de Niño,San Lucas Zoquiápam,234,agua-de-nino-234-68563
68564,Agua Negra,San Lucas Zoquiápam,234,agua-negra-234-68564
68564,San Martín,San Lucas Zoquiápam,234,san-martin-234-68564
68564,Los Frailes,San Lucas Zoquiápam,234,los-frailes-234-68564
68564,Peña Colorada,San Lucas Zoquiápam,234,pena-colorada-234-68564
68564,Peña Blanca,San Lucas Zoquiápam,234,pena-blanca-234-68564
68565,San Antonio Nanahuatipam,San Antonio Nanahuatípam,109,san-antonio-nanahuatipam-109-68565
68569,San Gabriel Casa Blanca,San Antonio Nanahuatípam,109,san-gabriel-casa-blanca-109-68569
68570,San José Tenango,San José Tenango,171,san-jose-tenango-171-68570
68571,Piedras Negras,San José Tenango,171,piedras-negras-171-68571
68571,Llano de Arnica,San José Tenango,171,llano-de-arnica-171-68571
68572,Agua de Golondrina,San José Tenango,171,agua-de-golondrina-171-68572
68572,Agua Golondrina Sección II,San José Tenango,171,agua-golondrina-seccion-ii-171-68572
68572,Pozo de Águila,San José Tenango,171,pozo-de-aguila-171-68572
68572,Agua Tinta (Pozo de Águila),San José Tenango,171,agua-tinta-pozo-de-aguila-171-68572
68572,Cerro de la Cruz (Puerto Buenavista),San José Tenango,171,cerro-de-la-cruz-puerto-buenavista-171-68572
68572,Sitio Iglesia,San José Tenango,171,sitio-iglesia-171-68572
68572,Génova Nuevo Progreso,San José Tenango,171,genova-nuevo-progreso-171-68572
68572,Agua Iglesia,San José Tenango,171,agua-iglesia-171-68572
68572,Cañada de Mamey,San José Tenango,171,canada-de-mamey-171-68572
68572,Puerto Buenavista,San José Tenango,171,puerto-buenavista-171-68572
68572,Sitio Caballero,San José Tenango,171,sitio-caballero-171-68572
68572,Rancho Avendaño,San José Tenango,171,rancho-avendano-171-68572
68573,Agua de Cedro,San José Tenango,171,agua-de-cedro-171-68573
68573,Cerro Central,San José Tenango,171,cerro-central-171-68573
68573,Cerro Otate,San José Tenango,171,cerro-otate-171-68573
68573,San Martín Caballero,San José Tenango,171,san-martin-caballero-171-68573
68573,Cerro Negro,San José Tenango,171,cerro-negro-171-68573
68573,Tierra Colorada (Agua Colorada),San José Tenango,171,tierra-colorada-agua-colorada-171-68573
68573,Agua Dulce,San José Tenango,171,agua-dulce-171-68573
68573,Rancho Antonio,San José Tenango,171,rancho-antonio-171-68573
68573,Piedra de la Luz,San José Tenango,171,piedra-de-la-luz-171-68573
68573,Teocuatlán,San José Tenango,171,teocuatlan-171-68573
68573,Agua Apestosa,San José Tenango,171,agua-apestosa-171-68573
68573,Llano Nuevo de la Cruz,San José Tenango,171,llano-nuevo-de-la-cruz-171-68573
68573,Cerro Alto,San José Tenango,171,cerro-alto-171-68573
68573,Loma de la Cruz,San José Tenango,171,loma-de-la-cruz-171-68573
68573,Rancho Herrera,San José Tenango,171,rancho-herrera-171-68573
68573,Rancho Guadalupe,San José Tenango,171,rancho-guadalupe-171-68573
68573,Agua Camarón (San Martín),San José Tenango,171,agua-camaron-san-martin-171-68573
68573,San Isidro,San José Tenango,171,san-isidro-171-68573
68573,Rancho Pineda,San José Tenango,171,rancho-pineda-171-68573
68573,Rancho Peinecillo,San José Tenango,171,rancho-peinecillo-171-68573
68573,Las Ruinas,San José Tenango,171,las-ruinas-171-68573
68573,Peña Blanca,San José Tenango,171,pena-blanca-171-68573
68573,Altamira,San José Tenango,171,altamira-171-68573
68574,Cerro Palmera,San José Tenango,171,cerro-palmera-171-68574
68574,Aguacatitla,San José Tenango,171,aguacatitla-171-68574
68574,Unión de Hidalgo,San José Tenango,171,union-de-hidalgo-171-68574
68574,Cerro Trueno,San José Tenango,171,cerro-trueno-171-68574
68574,Vista Hermosa,San José Tenango,171,vista-hermosa-171-68574
68574,Agua San José,San José Tenango,171,agua-san-jose-171-68574
68574,Piedra del Sol,San José Tenango,171,piedra-del-sol-171-68574
68574,Agua Fría,San José Tenango,171,agua-fria-171-68574
68574,Agua Pescado,San José Tenango,171,agua-pescado-171-68574
68574,Cerro Caballero,San José Tenango,171,cerro-caballero-171-68574
68575,Boca del Río San Mateo,San Mateo Yoloxochitlán,249,boca-del-rio-san-mateo-249-68575
68575,La Reforma,San Mateo Yoloxochitlán,249,la-reforma-249-68575
68575,San Mateo Yoloxochitlán,San Mateo Yoloxochitlán,249,san-mateo-yoloxochitlan-249-68575
68577,La Soledad Piedra Ancha,San Bartolomé Ayautla,116,la-soledad-piedra-ancha-116-68577
68577,San Bartolomé Ayautla,San Bartolomé Ayautla,116,san-bartolome-ayautla-116-68577
68578,La Providencia,San Bartolomé Ayautla,116,la-providencia-116-68578
68580,Platanillo,Mazatlán Villa de Flores,058,platanillo-058-68580
68580,El Sabino,Mazatlán Villa de Flores,058,el-sabino-058-68580
68580,Piedra Conejo,Mazatlán Villa de Flores,058,piedra-conejo-058-68580
68580,El Relámpago,Mazatlán Villa de Flores,058,el-relampago-058-68580
68580,La Raya,Mazatlán Villa de Flores,058,la-raya-058-68580
68580,La Juquilita,Mazatlán Villa de Flores,058,la-juquilita-058-68580
68580,Piedra Ancha,Mazatlán Villa de Flores,058,piedra-ancha-058-68580
68580,Agua Pajarito,Mazatlán Villa de Flores,058,agua-pajarito-058-68580
68580,Piedra Mazacoátl,Mazatlán Villa de Flores,058,piedra-mazacoatl-058-68580
68580,Mazatlán Villa de Flores,Mazatlán Villa de Flores,058,mazatlan-villa-de-flores-058-68580
68582,Caracol 2,Mazatlán Villa de Flores,058,caracol-2-058-68582
68582,Loma Celosa,Mazatlán Villa de Flores,058,loma-celosa-058-68582
68582,Capulín Naranjo,Mazatlán Villa de Flores,058,capulin-naranjo-058-68582
68582,Barrio El Coyote,Mazatlán Villa de Flores,058,barrio-el-coyote-058-68582
68582,La Laguna,Mazatlán Villa de Flores,058,la-laguna-058-68582
68582,Loma Delgada,Mazatlán Villa de Flores,058,loma-delgada-058-68582
68582,Barrio del Panteón,Mazatlán Villa de Flores,058,barrio-del-panteon-058-68582
68582,Nogaltepec,Mazatlán Villa de Flores,058,nogaltepec-058-68582
68582,Cruz de Plata,Mazatlán Villa de Flores,058,cruz-de-plata-058-68582
68582,Peña Blanca,Mazatlán Villa de Flores,058,pena-blanca-058-68582
68582,Salina Cruz,Mazatlán Villa de Flores,058,salina-cruz-058-68582
68582,Las Minas,Mazatlán Villa de Flores,058,las-minas-058-68582
68582,Llano Teotitlán,Mazatlán Villa de Flores,058,llano-teotitlan-058-68582
68582,La Toma,Mazatlán Villa de Flores,058,la-toma-058-68582
68582,Pochotepec,Mazatlán Villa de Flores,058,pochotepec-058-68582
68582,Santiago Mirador,Mazatlán Villa de Flores,058,santiago-mirador-058-68582
68582,Naranjo Pochotepec,Mazatlán Villa de Flores,058,naranjo-pochotepec-058-68582
68582,Ocote Gordo (Barrio Ocote),Mazatlán Villa de Flores,058,ocote-gordo-barrio-ocote-058-68582
68583,Almolonga,Mazatlán Villa de Flores,058,almolonga-058-68583
68583,Los Reyes,Mazatlán Villa de Flores,058,los-reyes-058-68583
68583,Aguacatitla,Mazatlán Villa de Flores,058,aguacatitla-058-68583
68583,Cacahuatlán,Mazatlán Villa de Flores,058,cacahuatlan-058-68583
68583,Piedra de León,Mazatlán Villa de Flores,058,piedra-de-leon-058-68583
68583,El Progreso,Mazatlán Villa de Flores,058,el-progreso-058-68583
68583,La Ihualeja,Mazatlán Villa de Flores,058,la-ihualeja-058-68583
68583,Agua Duende,Mazatlán Villa de Flores,058,agua-duende-058-68583
68583,Agua de Cerro,Mazatlán Villa de Flores,058,agua-de-cerro-058-68583
68583,San Pedro,Mazatlán Villa de Flores,058,san-pedro-058-68583
68583,Loma Cozahuico,Mazatlán Villa de Flores,058,loma-cozahuico-058-68583
68583,Llano Largo,Mazatlán Villa de Flores,058,llano-largo-058-68583
68583,Buenavista,Mazatlán Villa de Flores,058,buenavista-058-68583
68583,El Corral,Mazatlán Villa de Flores,058,el-corral-058-68583
68583,Peña Delgada,Mazatlán Villa de Flores,058,pena-delgada-058-68583
68583,San Salvador,Mazatlán Villa de Flores,058,san-salvador-058-68583
68583,Agua Mosquito,Mazatlán Villa de Flores,058,agua-mosquito-058-68583
68583,San Simón Coyoltepec,Mazatlán Villa de Flores,058,san-simon-coyoltepec-058-68583
68583,El Malagar,Mazatlán Villa de Flores,058,el-malagar-058-68583
68583,El Trapiche Viejo,Mazatlán Villa de Flores,058,el-trapiche-viejo-058-68583
68584,Loma Alta,Mazatlán Villa de Flores,058,loma-alta-058-68584
68584,El Encinal,Mazatlán Villa de Flores,058,el-encinal-058-68584
68584,Cerro Central,Mazatlán Villa de Flores,058,cerro-central-058-68584
68584,Loma Mediana,Mazatlán Villa de Flores,058,loma-mediana-058-68584
68584,Arroyo Zapote,Mazatlán Villa de Flores,058,arroyo-zapote-058-68584
68584,Soyaltitla,Mazatlán Villa de Flores,058,soyaltitla-058-68584
68584,Loma Grande,Mazatlán Villa de Flores,058,loma-grande-058-68584
68584,Llano de Fresno,Mazatlán Villa de Flores,058,llano-de-fresno-058-68584
68585,San Juan de los Cues,San Juan de los Cués,206,san-juan-de-los-cues-206-68585
68588,San Antonio Nopalera,San Juan de los Cués,206,san-antonio-nopalera-206-68588
68590,Santa María Tecomavaca,Santa María Tecomavaca,431,santa-maria-tecomavaca-431-68590
68595,Santa María Ixcatlán,Santa María Ixcatlán,416,santa-maria-ixcatlan-416-68595
68600,Cuicatlán Centro,San Juan Bautista Cuicatlán,177,cuicatlan-centro-177-68600
68601,San Juan Coyula,San Juan Bautista Cuicatlán,177,san-juan-coyula-177-68601
68602,Estación Quiotepec,San Juan Bautista Cuicatlán,177,estacion-quiotepec-177-68602
68602,Santiago Quiotepec,San Juan Bautista Cuicatlán,177,santiago-quiotepec-177-68602
68603,San Francisco Tutepetongo,San Juan Bautista Cuicatlán,177,san-francisco-tutepetongo-177-68603
68603,Santiago Dominguillo,San Juan Bautista Cuicatlán,177,santiago-dominguillo-177-68603
68604,San José del Chilar,San Juan Bautista Cuicatlán,177,san-jose-del-chilar-177-68604
68604,San Pedro Chicozapote,San Juan Bautista Cuicatlán,177,san-pedro-chicozapote-177-68604
68604,Santa Catarina Tlaxila,San Juan Bautista Cuicatlán,177,santa-catarina-tlaxila-177-68604
68604,Iberia,San Juan Bautista Cuicatlán,177,iberia-177-68604
68605,Guadalupe de los Obos,San Juan Bautista Cuicatlán,177,guadalupe-de-los-obos-177-68605
68605,San Pedro Nodon,San Juan Bautista Cuicatlán,177,san-pedro-nodon-177-68605
68606,Zaragoza,San Juan Bautista Cuicatlán,177,zaragoza-177-68606
68606,Cuauhtémoc,San Juan Bautista Cuicatlán,177,cuauhtemoc-177-68606
68606,Río Chiquito,San Juan Bautista Cuicatlán,177,rio-chiquito-177-68606
68606,Emiliano Zapata,San Juan Bautista Cuicatlán,177,emiliano-zapata-177-68606
68606,La Garita,San Juan Bautista Cuicatlán,177,la-garita-177-68606
68607,Grande,San Juan Bautista Cuicatlán,177,grande-177-68607
68607,Ojo de Agua,San Juan Bautista Cuicatlán,177,ojo-de-agua-177-68607
68607,Tecomavaca,San Juan Bautista Cuicatlán,177,tecomavaca-177-68607
68607,Galeana,San Juan Bautista Cuicatlán,177,galeana-177-68607
68607,La Cruz,San Juan Bautista Cuicatlán,177,la-cruz-177-68607
68607,Guadalupe,San Juan Bautista Cuicatlán,177,guadalupe-177-68607
68609,San Gabriel Almoloya,San Juan Bautista Cuicatlán,177,san-gabriel-almoloya-177-68609
68609,Santa María Almoloyas,San Juan Bautista Cuicatlán,177,santa-maria-almoloyas-177-68609
68610,Reforma,Cuyamecalco Villa de Zaragoza,024,reforma-024-68610
68610,La Orilla,Cuyamecalco Villa de Zaragoza,024,la-orilla-024-68610
68610,Agua Tabaco,Cuyamecalco Villa de Zaragoza,024,agua-tabaco-024-68610
68610,Cuyamecalco Villa de Zaragoza,Cuyamecalco Villa de Zaragoza,024,cuyamecalco-villa-de-zaragoza-024-68610
68610,Joya Durazno,Cuyamecalco Villa de Zaragoza,024,joya-durazno-024-68610
68611,San Francisco la Raya,Cuyamecalco Villa de Zaragoza,024,san-francisco-la-raya-024-68611
68611,Loma del Viento,Cuyamecalco Villa de Zaragoza,024,loma-del-viento-024-68611
68611,Santa María Buenos Aires,Cuyamecalco Villa de Zaragoza,024,santa-maria-buenos-aires-024-68611
68611,Buenos Aires,Cuyamecalco Villa de Zaragoza,024,buenos-aires-024-68611
68612,La Ciénega (Guadalupe la Ciénega),Cuyamecalco Villa de Zaragoza,024,la-cienega-guadalupe-la-cienega-024-68612
68614,Santa Ana Cuauhtémoc,Santa Ana Cuauhtémoc,355,santa-ana-cuauhtemoc-355-68614
68617,Primera Sección (Barrio Agua del Barrio),Chiquihuitlán de Benito Juárez,027,primera-seccion-barrio-agua-del-barrio-027-68617
68617,Segunda Sección,Chiquihuitlán de Benito Juárez,027,segunda-seccion-027-68617
68617,Tercera Sección,Chiquihuitlán de Benito Juárez,027,tercera-seccion-027-68617
68617,Cuarta Sección,Chiquihuitlán de Benito Juárez,027,cuarta-seccion-027-68617
68617,Tierra Agria,Chiquihuitlán de Benito Juárez,027,tierra-agria-027-68617
68617,Agua del Corral (Zacatal),Chiquihuitlán de Benito Juárez,027,agua-del-corral-zacatal-027-68617
68617,Campo de Aviación,Chiquihuitlán de Benito Juárez,027,campo-de-aviacion-027-68617
68617,El Aguacate,Chiquihuitlán de Benito Juárez,027,el-aguacate-027-68617
68617,La Laguna (Loma del Cacalote),Chiquihuitlán de Benito Juárez,027,la-laguna-loma-del-cacalote-027-68617
68617,Loma Anillo,Chiquihuitlán de Benito Juárez,027,loma-anillo-027-68617
68617,Loma de Silla,Chiquihuitlán de Benito Juárez,027,loma-de-silla-027-68617
68617,Loma Ojiteca,Chiquihuitlán de Benito Juárez,027,loma-ojiteca-027-68617
68617,Wilfredo Hernández,Chiquihuitlán de Benito Juárez,027,wilfredo-hernandez-027-68617
68618,La Concepción,Chiquihuitlán de Benito Juárez,027,la-concepcion-027-68618
68618,Agua Espina,Chiquihuitlán de Benito Juárez,027,agua-espina-027-68618
68618,Agua Perrito (El Carrizal),Chiquihuitlán de Benito Juárez,027,agua-perrito-el-carrizal-027-68618
68618,Agua Tendida,Chiquihuitlán de Benito Juárez,027,agua-tendida-027-68618
68618,Agua Trapo,Chiquihuitlán de Benito Juárez,027,agua-trapo-027-68618
68620,Los Pinos,San Pedro Teutila,330,los-pinos-330-68620
68620,Lázaro Cárdenas,San Pedro Teutila,330,lazaro-cardenas-330-68620
68620,Guerrero,San Pedro Teutila,330,guerrero-330-68620
68620,San Pedro Teutila,San Pedro Teutila,330,san-pedro-teutila-330-68620
68620,Santo Domingo del Río,San Pedro Teutila,330,santo-domingo-del-rio-330-68620
68621,Piedra Ancha o la Raya,San Pedro Teutila,330,piedra-ancha-o-la-raya-330-68621
68622,San Juan Teutila,San Pedro Teutila,330,san-juan-teutila-330-68622
68624,Palo Mora,San Miguel Santa Flor,276,palo-mora-276-68624
68624,San Miguel Santa Flor,San Miguel Santa Flor,276,san-miguel-santa-flor-276-68624
68627,El Palmar,Santa María Tlalixtac,438,el-palmar-438-68627
68627,Santa María Tlalixtac,Santa María Tlalixtac,438,santa-maria-tlalixtac-438-68627
68627,Tlalixtac Viejo,Santa María Tlalixtac,438,tlalixtac-viejo-438-68627
68630,Flor Batavia,San Andrés Teotilálpam,098,flor-batavia-098-68630
68631,San Andrés Teotilalpam,San Andrés Teotilálpam,098,san-andres-teotilalpam-098-68631
68632,Santa Cruz Teotilálpan,San Andrés Teotilálpam,098,santa-cruz-teotilalpan-098-68632
68633,Lucrecia,San Andrés Teotilálpam,098,lucrecia-098-68633
68633,Constitución,San Andrés Teotilálpam,098,constitucion-098-68633
68634,Río Hondo,San Andrés Teotilálpam,098,rio-hondo-098-68634
68635,El Ocotal,San Francisco Chapulapa,139,el-ocotal-139-68635
68635,San Alejo el Progreso,San Francisco Chapulapa,139,san-alejo-el-progreso-139-68635
68635,San Francisco Chapulapa,San Francisco Chapulapa,139,san-francisco-chapulapa-139-68635
68636,Agua Neblina,San Francisco Chapulapa,139,agua-neblina-139-68636
68636,Monte Flor,San Francisco Chapulapa,139,monte-flor-139-68636
68636,Hierba Buena,San Francisco Chapulapa,139,hierba-buena-139-68636
68638,Santo Tomás,San Francisco Chapulapa,139,santo-tomas-139-68638
68638,La Reforma,San Francisco Chapulapa,139,la-reforma-139-68638
68638,Guadalupe Siete Cerros,San Francisco Chapulapa,139,guadalupe-siete-cerros-139-68638
68640,Concepción Pápalo,Concepción Pápalo,019,concepcion-papalo-019-68640
68640,San Lorenzo Pápalo,Concepción Pápalo,019,san-lorenzo-papalo-019-68640
68641,Peña Blanca,Concepción Pápalo,019,pena-blanca-019-68641
68643,San Francisco Pueblo Nuevo,Concepción Pápalo,019,san-francisco-pueblo-nuevo-019-68643
68643,Aserradero Pápalo (Tierra Colorada),Concepción Pápalo,019,aserradero-papalo-tierra-colorada-019-68643
68643,San Francisco de Asís,Concepción Pápalo,019,san-francisco-de-asis-019-68643
68644,Tecomaltianguisco,Concepción Pápalo,019,tecomaltianguisco-019-68644
68644,Coapan de Guerrero,Concepción Pápalo,019,coapan-de-guerrero-019-68644
68645,Santos Reyes Pápalo,Santos Reyes Pápalo,527,santos-reyes-papalo-527-68645
68650,San Juan Bautista Tlacoatzintepec,San Juan Bautista Tlacoatzintepec,182,san-juan-bautista-tlacoatzintepec-182-68650
68651,San Esteban Teltitlán,San Juan Bautista Tlacoatzintepec,182,san-esteban-teltitlan-182-68651
68652,La Soledad,San Juan Bautista Tlacoatzintepec,182,la-soledad-182-68652
68652,Arroyo Platanal,San Juan Bautista Tlacoatzintepec,182,arroyo-platanal-182-68652
68652,San Pedro la Alianza,San Juan Bautista Tlacoatzintepec,182,san-pedro-la-alianza-182-68652
68655,Santa María Pápalo,Santa María Pápalo,425,santa-maria-papalo-425-68655
68659,Teponapa,Santa María Pápalo,425,teponapa-425-68659
68659,Peña Verde,Santa María Pápalo,425,pena-verde-425-68659
68660,San Juan Tepeuxila,San Juan Tepeuxila,220,san-juan-tepeuxila-220-68660
68660,San Juan Teponaxtla,San Juan Tepeuxila,220,san-juan-teponaxtla-220-68660
68660,San Pedro Cuyaltepec,San Juan Tepeuxila,220,san-pedro-cuyaltepec-220-68660
68660,San Sebastián Tlacolula,San Juan Tepeuxila,220,san-sebastian-tlacolula-220-68660
68661,San Andrés Papalo,San Juan Tepeuxila,220,san-andres-papalo-220-68661
68665,San Juan Zapotitlan,San Pedro Sochiápam,326,san-juan-zapotitlan-326-68665
68665,San Pedro Sochiápam,San Pedro Sochiápam,326,san-pedro-sochiapam-326-68665
68665,Santiago Quetzalapa,San Pedro Sochiápam,326,santiago-quetzalapa-326-68665
68666,San Juan Zautla,San Pedro Sochiápam,326,san-juan-zautla-326-68666
68670,Tomellín,Valerio Trujano,558,tomellin-558-68670
68672,Valerio Trujano,Valerio Trujano,558,valerio-trujano-558-68672
68675,San Pedro Jocotipac,San Pedro Jocotipac,313,san-pedro-jocotipac-313-68675
68680,Santa María Texcatitlan,Santa María Texcatitlán,436,santa-maria-texcatitlan-436-68680
68685,Jaltepetongo,San Pedro Jaltepetongo,311,jaltepetongo-311-68685
68691,San Francisco Cotahuixtla,Santiago Nacaltepec,478,san-francisco-cotahuixtla-478-68691
68692,Santiago Nacaltepec,Santiago Nacaltepec,478,santiago-nacaltepec-478-68692
68694,El Moral,Santiago Nacaltepec,478,el-moral-478-68694
68695,San Juan Tonaltepec,Santiago Nacaltepec,478,san-juan-tonaltepec-478-68695
68696,La Unión,Santiago Nacaltepec,478,la-union-478-68696
68696,San José Aragón,Santiago Nacaltepec,478,san-jose-aragon-478-68696
68700,Natividad,Natividad,062,natividad-062-68700
68700,San Vicente,Natividad,062,san-vicente-062-68700
68700,Unidad Deportiva,Natividad,062,unidad-deportiva-062-68700
68700,El Colorado,Natividad,062,el-colorado-062-68700
68700,Agua Blanca,Natividad,062,agua-blanca-062-68700
68704,San Juan Quiotepec,San Juan Quiotepec,214,san-juan-quiotepec-214-68704
68706,Maninaltepec,San Juan Quiotepec,214,maninaltepec-214-68706
68706,Santa María Nieves,San Juan Quiotepec,214,santa-maria-nieves-214-68706
68706,Santa María Totomoxtla,San Juan Quiotepec,214,santa-maria-totomoxtla-214-68706
68707,San Pedro Yolox,San Pedro Yólox,336,san-pedro-yolox-336-68707
68708,San Martín Buenavista,San Pedro Yólox,336,san-martin-buenavista-336-68708
68708,Rosario Temextitlán,San Pedro Yólox,336,rosario-temextitlan-336-68708
68708,San Francisco la Reforma,San Pedro Yólox,336,san-francisco-la-reforma-336-68708
68710,Santiago Comaltepec,Santiago Comaltepec,458,santiago-comaltepec-458-68710
68711,La Esperanza,Santiago Comaltepec,458,la-esperanza-458-68711
68712,Soledad Tectitlán,Santiago Comaltepec,458,soledad-tectitlan-458-68712
68714,San Martín Soloyapan,Santiago Comaltepec,458,san-martin-soloyapan-458-68714
68715,Abejones,Abejones,001,abejones-001-68715
68720,San Pablo Macuiltianguis,San Pablo Macuiltianguis,296,san-pablo-macuiltianguis-296-68720
68722,San Juan Luvina,San Pablo Macuiltianguis,296,san-juan-luvina-296-68722
68725,Ixtlán de Juárez,Ixtlán de Juárez,042,ixtlan-de-juarez-042-68725
68725,Santa María Yahuiche,Ixtlán de Juárez,042,santa-maria-yahuiche-042-68725
68725,La Asunción,Ixtlán de Juárez,042,la-asuncion-042-68725
68725,La Soledad,Ixtlán de Juárez,042,la-soledad-042-68725
68725,San Pedro,Ixtlán de Juárez,042,san-pedro-042-68725
68725,San Francisco,Ixtlán de Juárez,042,san-francisco-042-68725
68726,San Gaspar Yagalaxi,Ixtlán de Juárez,042,san-gaspar-yagalaxi-042-68726
68726,La Josefina,Ixtlán de Juárez,042,la-josefina-042-68726
68726,La Palma,Ixtlán de Juárez,042,la-palma-042-68726
68727,Santo Domingo Cacalotepec,Ixtlán de Juárez,042,santo-domingo-cacalotepec-042-68727
68727,San Juan Yagila,Ixtlán de Juárez,042,san-juan-yagila-042-68727
68727,Santa Cruz Yagavila,Ixtlán de Juárez,042,santa-cruz-yagavila-042-68727
68727,Santa María Zoogachi,Ixtlán de Juárez,042,santa-maria-zoogachi-042-68727
68727,Santiago Teotlaxco,Ixtlán de Juárez,042,santiago-teotlaxco-042-68727
68728,La Luz,Ixtlán de Juárez,042,la-luz-042-68728
68728,San Miguel Tiltepec,Ixtlán de Juárez,042,san-miguel-tiltepec-042-68728
68728,Santa María Josaa,Ixtlán de Juárez,042,santa-maria-josaa-042-68728
68730,San Juan Atepec,San Juan Atepec,173,san-juan-atepec-173-68730
68734,San Pedro Yaneri,San Pedro Yaneri,335,san-pedro-yaneri-335-68734
68735,San Juan Tepanzacolco,San Pedro Yaneri,335,san-juan-tepanzacolco-335-68735
68737,San Miguel Aloapan,San Miguel Aloápam,260,san-miguel-aloapan-260-68737
68737,San Isidro Aloapam,San Miguel Aloápam,260,san-isidro-aloapam-260-68737
68740,Teococuilco de Marcos Pérez,Teococuilco de Marcos Pérez,544,teococuilco-de-marcos-perez-544-68740
68745,Santa Ana Yareni,Santa Ana Yareni,359,santa-ana-yareni-359-68745
68748,San Juan Evangelista Analco,San Juan Evangelista Analco,196,san-juan-evangelista-analco-196-68748
68750,Santa María Jaltianguis,Santa María Jaltianguis,419,santa-maria-jaltianguis-419-68750
68754,San Miguel del Río,San Miguel del Río,267,san-miguel-del-rio-267-68754
68757,San Juan Chicomezúchil,San Juan Chicomezúchil,191,san-juan-chicomezuchil-191-68757
68760,Capulálpam de Méndez,Capulálpam de Méndez,247,capulalpam-de-mendez-247-68760
68764,Nuevo Zoquiápam,Nuevo Zoquiápam,504,nuevo-zoquiapam-504-68764
68765,San Matias Zoquiapan,Nuevo Zoquiápam,504,san-matias-zoquiapan-504-68765
68767,San Andrés Yatuni,Santiago Xiacuí,496,san-andres-yatuni-496-68767
68767,Santiago Xiacui,Santiago Xiacuí,496,santiago-xiacui-496-68767
68768,Francisco I. Madero,Santiago Xiacuí,496,francisco-i-madero-496-68768
68768,Trinidad Ixtlán,Santiago Xiacuí,496,trinidad-ixtlan-496-68768
68770,Guelatao de Juárez,Guelatao de Juárez,035,guelatao-de-juarez-035-68770
68774,Santa Catarina Ixtepeji,Santa Catarina Ixtepeji,363,santa-catarina-ixtepeji-363-68774
68775,El Cerezal,Santa Catarina Ixtepeji,363,el-cerezal-363-68775
68776,El Punto,Santa Catarina Ixtepeji,363,el-punto-363-68776
68776,San Pedro Nexicho,Santa Catarina Ixtepeji,363,san-pedro-nexicho-363-68776
68777,Tierra Colorada,Santa Catarina Ixtepeji,363,tierra-colorada-363-68777
68778,San Miguel Yotao,San Miguel Yotao,288,san-miguel-yotao-288-68778
68780,Latuvi,Santa Catarina Lachatao,365,latuvi-365-68780
68780,Santa Catarina Lachatao,Santa Catarina Lachatao,365,santa-catarina-lachatao-365-68780
68783,Benito Juárez,Santa Catarina Lachatao,365,benito-juarez-365-68783
68783,La Nevería,Santa Catarina Lachatao,365,la-neveria-365-68783
68785,Cuajimoloyas,San Miguel Amatlán,262,cuajimoloyas-262-68785
68786,San Miguel Amatlán,San Miguel Amatlán,262,san-miguel-amatlan-262-68786
68790,Santa María Yavesía,Santa María Yavesía,443,santa-maria-yavesia-443-68790
68795,Santiago Laxopa,Santiago Laxopa,473,santiago-laxopa-473-68795
68796,Santa Catarina Yahuio,Santiago Laxopa,473,santa-catarina-yahuio-473-68796
68796,San Sebastián Guiloxí,Santiago Laxopa,473,san-sebastian-guiloxi-473-68796
68800,San Ildefonso Villa Alta,San Ildefonso Villa Alta,156,san-ildefonso-villa-alta-156-68800
68801,San Francisco Yatee,San Ildefonso Villa Alta,156,san-francisco-yatee-156-68801
68803,San Juan Yalahui,San Ildefonso Villa Alta,156,san-juan-yalahui-156-68803
68804,San Juan Tagui,San Ildefonso Villa Alta,156,san-juan-tagui-156-68804
68804,Santa Catarina Yetze-lalag,San Ildefonso Villa Alta,156,santa-catarina-yetze-lalag-156-68804
68804,San Juan Yetzacovi,San Ildefonso Villa Alta,156,san-juan-yetzacovi-156-68804
68805,Santiago Camotlan,Santiago Camotlán,457,santiago-camotlan-457-68805
68806,San Miguel Reagui,Santiago Camotlán,457,san-miguel-reagui-457-68806
68807,San Francisco Yovego,Santiago Camotlán,457,san-francisco-yovego-457-68807
68807,Cristo Rey la Selva,Santiago Camotlán,457,cristo-rey-la-selva-457-68807
68807,Arroyo Macho,Santiago Camotlán,457,arroyo-macho-457-68807
68807,Asunción Lachicila,Santiago Camotlán,457,asuncion-lachicila-457-68807
68807,La Chachalaca,Santiago Camotlán,457,la-chachalaca-457-68807
68810,San Juan Yaee,San Juan Yaeé,222,san-juan-yaee-222-68810
68811,Santiago Yagallo,San Juan Yaeé,222,santiago-yagallo-222-68811
68812,Santa María Lachichina,San Juan Yaeé,222,santa-maria-lachichina-222-68812
68814,Santiago Lalopa,Santiago Lalopa,471,santiago-lalopa-471-68814
68817,San Juan Yatzona,San Juan Yatzona,223,san-juan-yatzona-223-68817
68820,Villa Talea de Castro,Villa Talea de Castro,280,villa-talea-de-castro-280-68820
68820,Santa Gertrudis,Villa Talea de Castro,280,santa-gertrudis-280-68820
68821,San Bartolomé Yatoni,Villa Talea de Castro,280,san-bartolome-yatoni-280-68821
68822,Otatitlán de Morelos,Villa Talea de Castro,280,otatitlan-de-morelos-280-68822
68824,Tanetze de Zaragoza,Tanetze de Zaragoza,541,tanetze-de-zaragoza-541-68824
68826,Santa María Yaviche,Tanetze de Zaragoza,541,santa-maria-yaviche-541-68826
68827,San Juan Juquila Vijanos,San Juan Juquila Vijanos,201,san-juan-juquila-vijanos-201-68827
68828,San Felipe el Porvenir,San Juan Juquila Vijanos,201,san-felipe-el-porvenir-201-68828
68828,Las Delicias,San Juan Juquila Vijanos,201,las-delicias-201-68828
68828,Reforma,San Juan Juquila Vijanos,201,reforma-201-68828
68828,Lachi-Ragui (Llano Lumbre),San Juan Juquila Vijanos,201,lachi-ragui-llano-lumbre-201-68828
68830,San Cristóbal Lachirioag,San Cristóbal Lachirioag,128,san-cristobal-lachirioag-128-68830
68834,Santa María Temaxcalapa,Santa María Temaxcalapa,432,santa-maria-temaxcalapa-432-68834
68837,Santo Domingo Roayaga,Santo Domingo Roayaga,514,santo-domingo-roayaga-514-68837
68838,Tonaguía,Santo Domingo Roayaga,514,tonaguia-514-68838
68840,Santa María Yalina,Santa María Yalina,442,santa-maria-yalina-442-68840
68844,San Andrés Solaga,San Andrés Solaga,097,san-andres-solaga-097-68844
68844,Santo Domingo Yojovi,San Andrés Solaga,097,santo-domingo-yojovi-097-68844
68846,Santa María Tavehua,San Andrés Solaga,097,santa-maria-tavehua-097-68846
68847,San Juan Tabaa,San Juan Tabaá,216,san-juan-tabaa-216-68847
68850,San Melchor Betaza,San Melchor Betaza,257,san-melchor-betaza-257-68850
68851,Santo Tomás Lachitaá,San Melchor Betaza,257,santo-tomas-lachitaa-257-68851
68854,San Andrés Yaá,San Andrés Yaá,100,san-andres-yaa-100-68854
68857,San Bartolomé Zoogocho,San Bartolomé Zoogocho,120,san-bartolome-zoogocho-120-68857
68860,San Baltazar Yatzachi el Bajo,San Baltazar Yatzachi el Bajo,114,san-baltazar-yatzachi-el-bajo-114-68860
68861,Santa María Yohueche,San Baltazar Yatzachi el Bajo,114,santa-maria-yohueche-114-68861
68865,Yatzachi el Alto,San Baltazar Yatzachi el Bajo,114,yatzachi-el-alto-114-68865
68865,San Jerónimo Zoochina,San Baltazar Yatzachi el Bajo,114,san-jeronimo-zoochina-114-68865
68865,Santa María Xochixtepec,San Baltazar Yatzachi el Bajo,114,santa-maria-xochixtepec-114-68865
68866,Santiago Zoochila,Santiago Zoochila,503,santiago-zoochila-503-68866
68870,Villa Hidalgo Yalálag,Villa Hidalgo Yalálag,038,villa-hidalgo-yalalag-038-68870
68875,San Francisco Cajonos,San Francisco Cajonos,138,san-francisco-cajonos-138-68875
68877,San Miguel Cajonos,San Francisco Cajonos,138,san-miguel-cajonos-138-68877
68880,San Mateo Cajonos,San Mateo Cajonos,246,san-mateo-cajonos-246-68880
68885,San Pedro Cajonos,San Pedro Cajonos,303,san-pedro-cajonos-303-68885
68890,Santo Domingo Xagacia,Santo Domingo Xagacía,522,santo-domingo-xagacia-522-68890
68895,San Pablo Yaganiza,San Pablo Yaganiza,299,san-pablo-yaganiza-299-68895
68900,Santiago Choápam,Santiago Choápam,460,santiago-choapam-460-68900
68900,5 de Mayo,Santiago Choápam,460,5-de-mayo-460-68900
68901,Santo Domingo Latani,Santiago Choápam,460,santo-domingo-latani-460-68901
68903,San Jacinto Yaveloxi,Santiago Choápam,460,san-jacinto-yaveloxi-460-68903
68904,La Ermita o Maninaltepec,Santiago Choápam,460,la-ermita-o-maninaltepec-460-68904
68905,Santa María Yahuivé,Santiago Choápam,460,santa-maria-yahuive-460-68905
68906,San Juan Teotalcingo,Santiago Choápam,460,san-juan-teotalcingo-460-68906
68907,San Juan del Río,Santiago Choápam,460,san-juan-del-rio-460-68907
68920,Monte Negro,Santiago Jocotepec,468,monte-negro-468-68920
68920,Río Chiquito,Santiago Jocotepec,468,rio-chiquito-468-68920
68920,Santiago Jocotepec,Santiago Jocotepec,468,santiago-jocotepec-468-68920
68921,San Antonio las Palmas,Santiago Jocotepec,468,san-antonio-las-palmas-468-68921
68922,Playa Limón,Santiago Jocotepec,468,playa-limon-468-68922
68923,Arroyo Tinta,Santiago Jocotepec,468,arroyo-tinta-468-68923
68923,San Pedro Tepinapa (Comunal),Santiago Jocotepec,468,san-pedro-tepinapa-comunal-468-68923
68924,La Alicia,Santiago Jocotepec,468,la-alicia-468-68924
68924,Linda Vista,Santiago Jocotepec,468,linda-vista-468-68924
68924,Plan Mata de Caña,Santiago Jocotepec,468,plan-mata-de-cana-468-68924
68924,Rancho Palmar,Santiago Jocotepec,468,rancho-palmar-468-68924
68924,San Vicente Arroyo Jabalí,Santiago Jocotepec,468,san-vicente-arroyo-jabali-468-68924
68925,Bailey,Santiago Jocotepec,468,bailey-468-68925
68925,La Isla,Santiago Jocotepec,468,la-isla-468-68925
68925,Piedra de Parroquín,Santiago Jocotepec,468,piedra-de-parroquin-468-68925
68925,Plan de San Luis,Santiago Jocotepec,468,plan-de-san-luis-468-68925
68925,Plan Martín Chino,Santiago Jocotepec,468,plan-martin-chino-468-68925
68925,Soledad Vista Hermosa,Santiago Jocotepec,468,soledad-vista-hermosa-468-68925
68926,El Ojo de Agua,Santiago Jocotepec,468,el-ojo-de-agua-468-68926
68926,La Esperanza,Santiago Jocotepec,468,la-esperanza-468-68926
68926,Luis Echeverría,Santiago Jocotepec,468,luis-echeverria-468-68926
68926,Paso de San Jacobo,Santiago Jocotepec,468,paso-de-san-jacobo-468-68926
68926,San José Río Manso (Nuevo Río Manso),Santiago Jocotepec,468,san-jose-rio-manso-nuevo-rio-manso-468-68926
68927,Arroyo Bobo,Santiago Jocotepec,468,arroyo-bobo-468-68927
68927,El Porvenir,Santiago Jocotepec,468,el-porvenir-468-68927
68927,San Miguel Lachixola,Santiago Jocotepec,468,san-miguel-lachixola-468-68927
68928,San Pedro Tepinapa (Ejidal),Santiago Jocotepec,468,san-pedro-tepinapa-ejidal-468-68928
68940,Ignacio Zaragoza,San Juan Lalana,205,ignacio-zaragoza-205-68940
68940,Paso del Águila,San Juan Lalana,205,paso-del-aguila-205-68940
68940,San Juan Lalana,San Juan Lalana,205,san-juan-lalana-205-68940
68940,San Lorenzo,San Juan Lalana,205,san-lorenzo-205-68940
68941,San Miguel y La Matilde,San Juan Lalana,205,san-miguel-y-la-matilde-205-68941
68942,San Isidro Arenal,San Juan Lalana,205,san-isidro-arenal-205-68942
68943,La Esperanza,San Juan Lalana,205,la-esperanza-205-68943
68944,Yogope,San Juan Lalana,205,yogope-205-68944
68944,Arroyo Blanco,San Juan Lalana,205,arroyo-blanco-205-68944
68945,Arroyo Tomate,San Juan Lalana,205,arroyo-tomate-205-68945
68946,Monte Negro,San Juan Lalana,205,monte-negro-205-68946
68947,San José Río Manzo,San Juan Lalana,205,san-jose-rio-manzo-205-68947
68947,Villa Nueva,San Juan Lalana,205,villa-nueva-205-68947
68950,Asunción Lacova,San Juan Lalana,205,asuncion-lacova-205-68950
68950,Santa Cecilia de Madero,San Juan Lalana,205,santa-cecilia-de-madero-205-68950
68955,Santa María la Nopalera,San Juan Lalana,205,santa-maria-la-nopalera-205-68955
68957,San Pedro Tres Arroyos,San Juan Lalana,205,san-pedro-tres-arroyos-205-68957
68957,Santiago Jalahui,San Juan Lalana,205,santiago-jalahui-205-68957
68960,La Trinidad,Santiago Yaveo,498,la-trinidad-498-68960
68960,San Juan Jaltepec,Santiago Yaveo,498,san-juan-jaltepec-498-68960
68960,Santiago Yaveo,Santiago Yaveo,498,santiago-yaveo-498-68960
68960,Zapotitancillo,Santiago Yaveo,498,zapotitancillo-498-68960
68961,Santa María Yaveo,Santiago Yaveo,498,santa-maria-yaveo-498-68961
68962,Campo Nuevo,Santiago Yaveo,498,campo-nuevo-498-68962
68963,Tierra Quemada,Santiago Yaveo,498,tierra-quemada-498-68963
68963,Francisco Villa,Santiago Yaveo,498,francisco-villa-498-68963
68965,Bella Vista,Santiago Yaveo,498,bella-vista-498-68965
68970,Dolores Hidalgo,Santiago Yaveo,498,dolores-hidalgo-498-68970
68980,San Juan Petlapa,San Juan Petlapa,212,san-juan-petlapa-212-68980
68986,Santa María Lovani,San Juan Petlapa,212,santa-maria-lovani-212-68986
68987,Santa Isabel Cajonos,San Juan Petlapa,212,santa-isabel-cajonos-212-68987
68987,San Juan Toavela,San Juan Petlapa,212,san-juan-toavela-212-68987
68990,San Juan Comaltepec,San Juan Comaltepec,189,san-juan-comaltepec-189-68990
68990,San Juan Lealao,San Juan Comaltepec,189,san-juan-lealao-189-68990
68995,San Isidro Tres Arroyos,San Juan Comaltepec,189,san-isidro-tres-arroyos-189-68995
68997,Hondura Lucero,San Juan Comaltepec,189,hondura-lucero-189-68997
68997,Lachixova,San Juan Comaltepec,189,lachixova-189-68997
69000,Heroica Ciudad de Huajuapan de León Centro,Heroica Ciudad de Huajuapan de León,039,heroica-ciudad-de-huajuapan-de-leon-centro-039-69000
69002,Saucitlán de Morelos,Heroica Ciudad de Huajuapan de León,039,saucitlan-de-morelos-039-69002
69003,Bella Vista,Heroica Ciudad de Huajuapan de León,039,bella-vista-039-69003
69003,Insurgentes,Heroica Ciudad de Huajuapan de León,039,insurgentes-039-69003
69003,José López Álavez,Heroica Ciudad de Huajuapan de León,039,jose-lopez-alavez-039-69003
69003,Las Lomas,Heroica Ciudad de Huajuapan de León,039,las-lomas-039-69003
69003,Pedregal de la Mixteca,Heroica Ciudad de Huajuapan de León,039,pedregal-de-la-mixteca-039-69003
69003,Valerio Trujano,Heroica Ciudad de Huajuapan de León,039,valerio-trujano-039-69003
69004,Acatlima,Heroica Ciudad de Huajuapan de León,039,acatlima-039-69004
69004,Villa Universitaria,Heroica Ciudad de Huajuapan de León,039,villa-universitaria-039-69004
69005,La Estancia Tercera Sección,Heroica Ciudad de Huajuapan de León,039,la-estancia-tercera-seccion-039-69005
69005,Volcanes,Heroica Ciudad de Huajuapan de León,039,volcanes-039-69005
69005,San Ángel,Heroica Ciudad de Huajuapan de León,039,san-angel-039-69005
69005,Chapultepec,Heroica Ciudad de Huajuapan de León,039,chapultepec-039-69005
69005,San Isidro Oriente,Heroica Ciudad de Huajuapan de León,039,san-isidro-oriente-039-69005
69005,Santa Teresa,Heroica Ciudad de Huajuapan de León,039,santa-teresa-039-69005
69005,Antonio de León FOVISSSTE,Heroica Ciudad de Huajuapan de León,039,antonio-de-leon-fovissste-039-69005
69005,Altavista Juárez,Heroica Ciudad de Huajuapan de León,039,altavista-juarez-039-69005
69005,Del Maestro 1a Sección,Heroica Ciudad de Huajuapan de León,039,del-maestro-1a-seccion-039-69005
69005,El Calvario,Heroica Ciudad de Huajuapan de León,039,el-calvario-039-69005
69005,Las Huertas,Heroica Ciudad de Huajuapan de León,039,las-huertas-039-69005
69005,Puerta del Sol,Heroica Ciudad de Huajuapan de León,039,puerta-del-sol-039-69005
69005,San Antonio,Heroica Ciudad de Huajuapan de León,039,san-antonio-039-69005
69005,Santa Cruz,Heroica Ciudad de Huajuapan de León,039,santa-cruz-039-69005
69005,Santa Rosa 1a. Sección,Heroica Ciudad de Huajuapan de León,039,santa-rosa-1a-seccion-039-69005
69005,Vista Hermosa,Heroica Ciudad de Huajuapan de León,039,vista-hermosa-039-69005
69005,San Diego,Heroica Ciudad de Huajuapan de León,039,san-diego-039-69005
69005,Los Naranjos,Heroica Ciudad de Huajuapan de León,039,los-naranjos-039-69005
69005,Lindavista,Heroica Ciudad de Huajuapan de León,039,lindavista-039-69005
69005,Las Flores,Heroica Ciudad de Huajuapan de León,039,las-flores-039-69005
69005,San Mateo,Heroica Ciudad de Huajuapan de León,039,san-mateo-039-69005
69005,Monte Albán,Heroica Ciudad de Huajuapan de León,039,monte-alban-039-69005
69005,Agua Dulce,Heroica Ciudad de Huajuapan de León,039,agua-dulce-039-69005
69005,Héroes de la Independencia,Heroica Ciudad de Huajuapan de León,039,heroes-de-la-independencia-039-69005
69005,El Tanque,Heroica Ciudad de Huajuapan de León,039,el-tanque-039-69005
69005,Del Maestro 2a Sección,Heroica Ciudad de Huajuapan de León,039,del-maestro-2a-seccion-039-69005
69005,Antonio de León FOVISSSTE 2da. Sección,Heroica Ciudad de Huajuapan de León,039,antonio-de-leon-fovissste-2da-seccion-039-69005
69005,Antonio de León FOVISSSTE 3ra. Sección,Heroica Ciudad de Huajuapan de León,039,antonio-de-leon-fovissste-3ra-seccion-039-69005
69005,Las Peñitas,Heroica Ciudad de Huajuapan de León,039,las-penitas-039-69005
69005,La Esperanza,Heroica Ciudad de Huajuapan de León,039,la-esperanza-039-69005
69005,Villa de Los Ángeles,Heroica Ciudad de Huajuapan de León,039,villa-de-los-angeles-039-69005
69005,La Ermita,Heroica Ciudad de Huajuapan de León,039,la-ermita-039-69005
69005,La Estancia,Heroica Ciudad de Huajuapan de León,039,la-estancia-039-69005
69005,La SARH,Heroica Ciudad de Huajuapan de León,039,la-sarh-039-69005
69005,Santa Rosa 2a. Sección,Heroica Ciudad de Huajuapan de León,039,santa-rosa-2a-seccion-039-69005
69006,La Soledad,Heroica Ciudad de Huajuapan de León,039,la-soledad-039-69006
69006,San Isidro Poniente,Heroica Ciudad de Huajuapan de León,039,san-isidro-poniente-039-69006
69006,Santa Isabel,Heroica Ciudad de Huajuapan de León,039,santa-isabel-039-69006
69006,El Mirador,Heroica Ciudad de Huajuapan de León,039,el-mirador-039-69006
69006,Esquipulas,Heroica Ciudad de Huajuapan de León,039,esquipulas-039-69006
69006,La Merced,Heroica Ciudad de Huajuapan de León,039,la-merced-039-69006
69006,Las Campanas,Heroica Ciudad de Huajuapan de León,039,las-campanas-039-69006
69006,Los Presidentes,Heroica Ciudad de Huajuapan de León,039,los-presidentes-039-69006
69006,Militar,Heroica Ciudad de Huajuapan de León,039,militar-039-69006
69006,Morelos,Heroica Ciudad de Huajuapan de León,039,morelos-039-69006
69006,Reforma 1a. Sección,Heroica Ciudad de Huajuapan de León,039,reforma-1a-seccion-039-69006
69006,Río Balsas,Heroica Ciudad de Huajuapan de León,039,rio-balsas-039-69006
69006,San Miguel,Heroica Ciudad de Huajuapan de León,039,san-miguel-039-69006
69006,Tepeyac,Heroica Ciudad de Huajuapan de León,039,tepeyac-039-69006
69006,Los Presidentes 2da. Sección,Heroica Ciudad de Huajuapan de León,039,los-presidentes-2da-seccion-039-69006
69006,Reforma Agraria,Heroica Ciudad de Huajuapan de León,039,reforma-agraria-039-69006
69006,La Joya,Heroica Ciudad de Huajuapan de León,039,la-joya-039-69006
69006,Sinahi 1a. Sección,Heroica Ciudad de Huajuapan de León,039,sinahi-1a-seccion-039-69006
69006,Buenavista,Heroica Ciudad de Huajuapan de León,039,buenavista-039-69006
69006,Antonio de León,Heroica Ciudad de Huajuapan de León,039,antonio-de-leon-039-69006
69006,Fidepal,Heroica Ciudad de Huajuapan de León,039,fidepal-039-69006
69006,Solano,Heroica Ciudad de Huajuapan de León,039,solano-039-69006
69006,La Antorcha,Heroica Ciudad de Huajuapan de León,039,la-antorcha-039-69006
69006,Lázaro Cárdenas 2da. Sección,Heroica Ciudad de Huajuapan de León,039,lazaro-cardenas-2da-seccion-039-69006
69006,Los Pinos 2a. Sección,Heroica Ciudad de Huajuapan de León,039,los-pinos-2a-seccion-039-69006
69006,Reforma 2a. Sección,Heroica Ciudad de Huajuapan de León,039,reforma-2a-seccion-039-69006
69007,Aviación 1a Secc,Heroica Ciudad de Huajuapan de León,039,aviacion-1a-secc-039-69007
69007,Aviación 2a. Secc,Heroica Ciudad de Huajuapan de León,039,aviacion-2a-secc-039-69007
69007,Las Animas,Heroica Ciudad de Huajuapan de León,039,las-animas-039-69007
69007,Los Álamos 1a. Sección,Heroica Ciudad de Huajuapan de León,039,los-alamos-1a-seccion-039-69007
69007,Aviación Poniente,Heroica Ciudad de Huajuapan de León,039,aviacion-poniente-039-69007
69007,Del Carmen,Heroica Ciudad de Huajuapan de León,039,del-carmen-039-69007
69007,Cuauhtémoc,Heroica Ciudad de Huajuapan de León,039,cuauhtemoc-039-69007
69007,Del Valle,Heroica Ciudad de Huajuapan de León,039,del-valle-039-69007
69007,El Rosario,Heroica Ciudad de Huajuapan de León,039,el-rosario-039-69007
69007,Mixteca de Cárdenas INFONAVIT,Heroica Ciudad de Huajuapan de León,039,mixteca-de-cardenas-infonavit-039-69007
69007,Jardines del Sur,Heroica Ciudad de Huajuapan de León,039,jardines-del-sur-039-69007
69007,La Providencia,Heroica Ciudad de Huajuapan de León,039,la-providencia-039-69007
69007,Niños Héroes,Heroica Ciudad de Huajuapan de León,039,ninos-heroes-039-69007
69007,Salto del Agua,Heroica Ciudad de Huajuapan de León,039,salto-del-agua-039-69007
69007,San Pedro de los Pinos,Heroica Ciudad de Huajuapan de León,039,san-pedro-de-los-pinos-039-69007
69007,Sinahi 2a. Sección,Heroica Ciudad de Huajuapan de León,039,sinahi-2a-seccion-039-69007
69007,San Rafael 2 Sección,Heroica Ciudad de Huajuapan de León,039,san-rafael-2-seccion-039-69007
69007,San Rafael 1 Sección,Heroica Ciudad de Huajuapan de León,039,san-rafael-1-seccion-039-69007
69007,Las Palmas,Heroica Ciudad de Huajuapan de León,039,las-palmas-039-69007
69007,El Carmen II,Heroica Ciudad de Huajuapan de León,039,el-carmen-ii-039-69007
69007,El Rosario 2da. Sección,Heroica Ciudad de Huajuapan de León,039,el-rosario-2da-seccion-039-69007
69007,Lázaro Cárdenas 1ra. Sección,Heroica Ciudad de Huajuapan de León,039,lazaro-cardenas-1ra-seccion-039-69007
69007,Los Álamos 2da. Sección,Heroica Ciudad de Huajuapan de León,039,los-alamos-2da-seccion-039-69007
69007,Santa Fé,Heroica Ciudad de Huajuapan de León,039,santa-fe-039-69007
69007,Santa María Xochixtlapilco,Heroica Ciudad de Huajuapan de León,039,santa-maria-xochixtlapilco-039-69007
69008,Llano Grande,Heroica Ciudad de Huajuapan de León,039,llano-grande-039-69008
69008,Dolores,Heroica Ciudad de Huajuapan de León,039,dolores-039-69008
69008,El Castillo,Heroica Ciudad de Huajuapan de León,039,el-castillo-039-69008
69008,El Rincón,Heroica Ciudad de Huajuapan de León,039,el-rincon-039-69008
69008,La Junta,Heroica Ciudad de Huajuapan de León,039,la-junta-039-69008
69008,Rancho Ramírez,Heroica Ciudad de Huajuapan de León,039,rancho-ramirez-039-69008
69008,Rancho Reyes,Heroica Ciudad de Huajuapan de León,039,rancho-reyes-039-69008
69008,San Nicolás Tabernillas,Heroica Ciudad de Huajuapan de León,039,san-nicolas-tabernillas-039-69008
69008,Tabaco,Heroica Ciudad de Huajuapan de León,039,tabaco-039-69008
69008,Santa María Ayú,Heroica Ciudad de Huajuapan de León,039,santa-maria-ayu-039-69008
69008,Magdalena Tetaltepec,Heroica Ciudad de Huajuapan de León,039,magdalena-tetaltepec-039-69008
69008,Ahuehuetitlán de González,Heroica Ciudad de Huajuapan de León,039,ahuehuetitlan-de-gonzalez-039-69008
69008,Yuxichi,Heroica Ciudad de Huajuapan de León,039,yuxichi-039-69008
69009,Guadalupe Victoria,Heroica Ciudad de Huajuapan de León,039,guadalupe-victoria-039-69009
69009,El Girón,Heroica Ciudad de Huajuapan de León,039,el-giron-039-69009
69009,El Tatoto (Palo de Flor),Heroica Ciudad de Huajuapan de León,039,el-tatoto-palo-de-flor-039-69009
69009,El Zapote (El Zapote Juquilita),Heroica Ciudad de Huajuapan de León,039,el-zapote-el-zapote-juquilita-039-69009
69009,La Ciénega,Heroica Ciudad de Huajuapan de León,039,la-cienega-039-69009
69009,Núcleo Rural Universitario,Heroica Ciudad de Huajuapan de León,039,nucleo-rural-universitario-039-69009
69009,Ojo de Agua,Heroica Ciudad de Huajuapan de León,039,ojo-de-agua-039-69009
69009,Rancho Jesús,Heroica Ciudad de Huajuapan de León,039,rancho-jesus-039-69009
69009,El Molino,Heroica Ciudad de Huajuapan de León,039,el-molino-039-69009
69009,Santiago Chilixtlahuaca,Heroica Ciudad de Huajuapan de León,039,santiago-chilixtlahuaca-039-69009
69009,San Miguel Papalutla,Heroica Ciudad de Huajuapan de León,039,san-miguel-papalutla-039-69009
69009,San Pedro Yodoyuxi,Heroica Ciudad de Huajuapan de León,039,san-pedro-yodoyuxi-039-69009
69009,San Francisco Yosocuta,Heroica Ciudad de Huajuapan de León,039,san-francisco-yosocuta-039-69009
69010,Santa Lucía,Villa de Santiago Chazumba,459,santa-lucia-459-69010
69010,Tierra Blanca,Villa de Santiago Chazumba,459,tierra-blanca-459-69010
69010,Cerro Colorado,Villa de Santiago Chazumba,459,cerro-colorado-459-69010
69010,Lázaro Cárdenas,Villa de Santiago Chazumba,459,lazaro-cardenas-459-69010
69010,Villa de Santiago Chazumba,Villa de Santiago Chazumba,459,villa-de-santiago-chazumba-459-69010
69011,Santo Domingo Tianguistengo,Villa de Santiago Chazumba,459,santo-domingo-tianguistengo-459-69011
69012,San José Chichihualtepec,Villa de Santiago Chazumba,459,san-jose-chichihualtepec-459-69012
69013,Trinidad Huaxtepec,Villa de Santiago Chazumba,459,trinidad-huaxtepec-459-69013
69014,Acaquizápam,Villa de Santiago Chazumba,459,acaquizapam-459-69014
69015,Maninaltepec,Villa de Santiago Chazumba,459,maninaltepec-459-69015
69015,San Juan Nochixtlan,Villa de Santiago Chazumba,459,san-juan-nochixtlan-459-69015
69016,Olleras de Bustamante,Villa de Santiago Chazumba,459,olleras-de-bustamante-459-69016
69016,San Sebastián Frontera,Villa de Santiago Chazumba,459,san-sebastian-frontera-459-69016
69017,El Higo,Villa de Santiago Chazumba,459,el-higo-459-69017
69017,Lunatitlan Del Progreso,Villa de Santiago Chazumba,459,lunatitlan-del-progreso-459-69017
69020,Cosoltepec,Cosoltepec,022,cosoltepec-022-69020
69021,Joluxtla,Cosoltepec,022,joluxtla-022-69021
69023,Tultitlán de Guadalcázar,Cosoltepec,022,tultitlan-de-guadalcazar-022-69023
69030,San Pedro y San Pablo Tequixtepec,San Pedro y San Pablo Tequixtepec,340,san-pedro-y-san-pablo-tequixtepec-340-69030
69030,Tequixtepec,San Pedro y San Pablo Tequixtepec,340,tequixtepec-340-69030
69031,San Juan Yolotepec,San Pedro y San Pablo Tequixtepec,340,san-juan-yolotepec-340-69031
69032,San Francisco Huapanapam,San Pedro y San Pablo Tequixtepec,340,san-francisco-huapanapam-340-69032
69033,San Miguel Ixtápam,San Pedro y San Pablo Tequixtepec,340,san-miguel-ixtapam-340-69033
69034,Santa Catalina Chinango,San Pedro y San Pablo Tequixtepec,340,santa-catalina-chinango-340-69034
69038,Santa Maria Mixquitlahuaca,San Pedro y San Pablo Tequixtepec,340,santa-maria-mixquitlahuaca-340-69038
69040,San Juan Bautista Suchitepec,San Juan Bautista Suchitepec,181,san-juan-bautista-suchitepec-181-69040
69041,Cuautepec Guadalupe,San Juan Bautista Suchitepec,181,cuautepec-guadalupe-181-69041
69045,Santa Catarina Zapoquilla,Santa Catarina Zapoquila,373,santa-catarina-zapoquilla-373-69045
69047,Membrillos,Santa Catarina Zapoquila,373,membrillos-373-69047
69050,Santiago Miltepec,Santiago Miltepec,476,santiago-miltepec-476-69050
69052,La Providencia,Santiago Miltepec,476,la-providencia-476-69052
69055,San Jerónimo Silacayoapilla,San Jerónimo Silacayoapilla,160,san-jeronimo-silacayoapilla-160-69055
69057,Tejaltitlán,San Jerónimo Silacayoapilla,160,tejaltitlan-160-69057
69060,Zapotitlan Palmas,Zapotitlán Palmas,568,zapotitlan-palmas-568-69060
69062,Reforma,Zapotitlán Palmas,568,reforma-568-69062
69063,Presidente López Mateos,Zapotitlán Palmas,568,presidente-lopez-mateos-568-69063
69064,La Reforma,San Andrés Dinicuiti,089,la-reforma-089-69064
69064,San Andrés Dinicuiti,San Andrés Dinicuiti,089,san-andres-dinicuiti-089-69064
69064,Santa María Tutla,San Andrés Dinicuiti,089,santa-maria-tutla-089-69064
69064,Santiago del Río,San Andrés Dinicuiti,089,santiago-del-rio-089-69064
69064,San Antonio de León,San Andrés Dinicuiti,089,san-antonio-de-leon-089-69064
69065,Santiago Cacaloxtepec,Santiago Cacaloxtepec,456,santiago-cacaloxtepec-456-69065
69066,Corral de Piedra,Santiago Cacaloxtepec,456,corral-de-piedra-456-69066
69070,Asunción Cuyotepeji,Asunción Cuyotepeji,004,asuncion-cuyotepeji-004-69070
69080,Santa María Camotlán,Santa María Camotlán,400,santa-maria-camotlan-400-69080
69090,Emiliano Zapata,Santiago Huajolotitlán,462,emiliano-zapata-462-69090
69090,Las Tinajas de Loma Bonita,Santiago Huajolotitlán,462,las-tinajas-de-loma-bonita-462-69090
69090,Lázaro Cárdenas,Santiago Huajolotitlán,462,lazaro-cardenas-462-69090
69090,Huamúchil,Santiago Huajolotitlán,462,huamuchil-462-69090
69090,San Sebastián Progreso,Santiago Huajolotitlán,462,san-sebastian-progreso-462-69090
69090,Santiago Huajolotitlán,Santiago Huajolotitlán,462,santiago-huajolotitlan-462-69090
69091,El Zapote,Santiago Huajolotitlán,462,el-zapote-462-69091
69092,El Espinal,Santiago Huajolotitlán,462,el-espinal-462-69092
69092,Luz Nagore,Santiago Huajolotitlán,462,luz-nagore-462-69092
69093,San Francisco el Chico,Santiago Huajolotitlán,462,san-francisco-el-chico-462-69093
69093,Guadalupe de Cárdenas,Santiago Huajolotitlán,462,guadalupe-de-cardenas-462-69093
69094,San Francisco el Grande,Santiago Huajolotitlán,462,san-francisco-el-grande-462-69094
69100,Santiago Tamazola,Santiago Tamazola,484,santiago-tamazola-484-69100
69101,Santa Ana Rayón,Santiago Tamazola,484,santa-ana-rayon-484-69101
69104,San Luis Morelia,Santiago Tamazola,484,san-luis-morelia-484-69104
69105,San Bartolo Salinas,Santiago Tamazola,484,san-bartolo-salinas-484-69105
69106,San José Zocoteaca de Bravo,Santiago Tamazola,484,san-jose-zocoteaca-de-bravo-484-69106
69110,San Juan Cieneguilla,San Juan Cieneguilla,186,san-juan-cieneguilla-186-69110
69120,Zapotitlan Lagunas,Zapotitlán Lagunas,567,zapotitlan-lagunas-567-69120
69120,San Miguel Hidalgo,Zapotitlán Lagunas,567,san-miguel-hidalgo-567-69120
69120,Falda del Tepeyac,Zapotitlán Lagunas,567,falda-del-tepeyac-567-69120
69120,Paraje la Cruz Blanca,Zapotitlán Lagunas,567,paraje-la-cruz-blanca-567-69120
69123,Guadalupe Buenos Aires,Zapotitlán Lagunas,567,guadalupe-buenos-aires-567-69123
69123,San Isidro,Zapotitlán Lagunas,567,san-isidro-567-69123
69123,Cerro los Cuates,Zapotitlán Lagunas,567,cerro-los-cuates-567-69123
69123,El Naranjo,Zapotitlán Lagunas,567,el-naranjo-567-69123
69123,El Palmón Largo,Zapotitlán Lagunas,567,el-palmon-largo-567-69123
69123,La Soledad,Zapotitlán Lagunas,567,la-soledad-567-69123
69123,San Pedro Cuaxoxocatla,Zapotitlán Lagunas,567,san-pedro-cuaxoxocatla-567-69123
69124,Santa Cruz Vista Hermosa,Zapotitlán Lagunas,567,santa-cruz-vista-hermosa-567-69124
69126,Guadalupe del Recreo,Zapotitlán Lagunas,567,guadalupe-del-recreo-567-69126
69126,San José el Huamúchil,Zapotitlán Lagunas,567,san-jose-el-huamuchil-567-69126
69127,Santa Cruz Soledad (Las Casitas),Zapotitlán Lagunas,567,santa-cruz-soledad-las-casitas-567-69127
69127,Tlacotepec Lagunas,Zapotitlán Lagunas,567,tlacotepec-lagunas-567-69127
69130,San Juan Ihualtepec,San Juan Ihualtepec,199,san-juan-ihualtepec-199-69130
69139,San José Chepetlán,San Juan Ihualtepec,199,san-jose-chepetlan-199-69139
69140,San Nicolás Hidalgo,San Nicolás Hidalgo,290,san-nicolas-hidalgo-290-69140
69145,San Pedro Salinas,San Nicolás Hidalgo,290,san-pedro-salinas-290-69145
69150,Guadalupe de Ramírez,Guadalupe de Ramírez,034,guadalupe-de-ramirez-034-69150
69150,San José,Guadalupe de Ramírez,034,san-jose-034-69150
69150,San Antonio,Guadalupe de Ramírez,034,san-antonio-034-69150
69150,De Jesús,Guadalupe de Ramírez,034,de-jesus-034-69150
69154,San Ildefonso Salinas,Guadalupe de Ramírez,034,san-ildefonso-salinas-034-69154
69158,Santa María Salinas,Guadalupe de Ramírez,034,santa-maria-salinas-034-69158
69160,San Andrés Tepetlapa,San Andrés Tepetlapa,099,san-andres-tepetlapa-099-69160
69170,La Luz Tenexcalco,San Miguel Ahuehuetitlán,259,la-luz-tenexcalco-259-69170
69171,San Miguel Ahuehuetitlán,San Miguel Ahuehuetitlán,259,san-miguel-ahuehuetitlan-259-69171
69180,San Mateo Nejapam,San Mateo Nejápam,251,san-mateo-nejapam-251-69180
69183,Santo Domingo Hidalgo,San Mateo Nejápam,251,santo-domingo-hidalgo-251-69183
69190,San Juan Bautista Tlachichilco,San Juan Bautista Tlachichilco,183,san-juan-bautista-tlachichilco-183-69190
69193,Santa Bárbara Huacapa,San Juan Bautista Tlachichilco,183,santa-barbara-huacapa-183-69193
69200,Independencia,Tezoatlán de Segura y Luna,549,independencia-549-69200
69200,El Perú,Tezoatlán de Segura y Luna,549,el-peru-549-69200
69200,El Refugio,Tezoatlán de Segura y Luna,549,el-refugio-549-69200
69200,El Rosario,Tezoatlán de Segura y Luna,549,el-rosario-549-69200
69200,El Socorrito,Tezoatlán de Segura y Luna,549,el-socorrito-549-69200
69200,San José,Tezoatlán de Segura y Luna,549,san-jose-549-69200
69200,San Sebastián,Tezoatlán de Segura y Luna,549,san-sebastian-549-69200
69200,Tezoatlán de Segura y Luna Centro,Tezoatlán de Segura y Luna,549,tezoatlan-de-segura-y-luna-centro-549-69200
69201,Rosario de Nuevo,Tezoatlán de Segura y Luna,549,rosario-de-nuevo-549-69201
69201,Juquila de León,Tezoatlán de Segura y Luna,549,juquila-de-leon-549-69201
69201,San Juan Diquiyu,Tezoatlán de Segura y Luna,549,san-juan-diquiyu-549-69201
69202,San Isidro Zaragoza,Tezoatlán de Segura y Luna,549,san-isidro-zaragoza-549-69202
69202,Santa María Tindú,Tezoatlán de Segura y Luna,549,santa-maria-tindu-549-69202
69203,Rancho Juárez,Tezoatlán de Segura y Luna,549,rancho-juarez-549-69203
69203,San Marcos de Garzón,Tezoatlán de Segura y Luna,549,san-marcos-de-garzon-549-69203
69203,San Vicente del Palmar,Tezoatlán de Segura y Luna,549,san-vicente-del-palmar-549-69203
69204,San Andrés Yutatío,Tezoatlán de Segura y Luna,549,san-andres-yutatio-549-69204
69204,Yucuñuti de Benito Juárez,Tezoatlán de Segura y Luna,549,yucunuti-de-benito-juarez-549-69204
69205,San Martín del Río,Tezoatlán de Segura y Luna,549,san-martin-del-rio-549-69205
69205,San Isidro el Naranjo,Tezoatlán de Segura y Luna,549,san-isidro-el-naranjo-549-69205
69206,Santa Cruz Numá,Tezoatlán de Segura y Luna,549,santa-cruz-numa-549-69206
69206,San Juan Cuitito,Tezoatlán de Segura y Luna,549,san-juan-cuitito-549-69206
69207,Cuesta Blanca,Tezoatlán de Segura y Luna,549,cuesta-blanca-549-69207
69207,San Valentín Gómez,Tezoatlán de Segura y Luna,549,san-valentin-gomez-549-69207
69207,Yucuquimi de Ocampo,Tezoatlán de Segura y Luna,549,yucuquimi-de-ocampo-549-69207
69208,Santa Catarina Yutandú,Tezoatlán de Segura y Luna,549,santa-catarina-yutandu-549-69208
69209,Guadalupe de Cisneros,Tezoatlán de Segura y Luna,549,guadalupe-de-cisneros-549-69209
69209,Las Peñas,Tezoatlán de Segura y Luna,549,las-penas-549-69209
69210,Fresnillo de Trujano,Fresnillo de Trujano,032,fresnillo-de-trujano-032-69210
69211,Guamúchil de Guerrero o San Isidro,Fresnillo de Trujano,032,guamuchil-de-guerrero-o-san-isidro-032-69211
69214,Ciruelos de Guaponcingo,Fresnillo de Trujano,032,ciruelos-de-guaponcingo-032-69214
69220,Mogote Colorado (San Isidro),Santiago Ayuquililla,455,mogote-colorado-san-isidro-455-69220
69220,Santa Catarina Estancia,Santiago Ayuquililla,455,santa-catarina-estancia-455-69220
69220,Santiago Ayuquililla,Santiago Ayuquililla,455,santiago-ayuquililla-455-69220
69223,Guadalupe de Benito Juárez,Santiago Ayuquililla,455,guadalupe-de-benito-juarez-455-69223
69230,San José Ayuquila,San José Ayuquila,165,san-jose-ayuquila-165-69230
69231,El Centenario,San José Ayuquila,165,el-centenario-165-69231
69233,San Rafael,San José Ayuquila,165,san-rafael-165-69233
69235,Plan del Vergel,San Martín Zacatepec,245,plan-del-vergel-245-69235
69235,San Martín Zacatepec,San Martín Zacatepec,245,san-martin-zacatepec-245-69235
69240,San Miguel Amatitlán,San Miguel Amatitlán,261,san-miguel-amatitlan-261-69240
69241,San Lorenzo Vista Hermosa,San Miguel Amatitlán,261,san-lorenzo-vista-hermosa-261-69241
69243,Guadalupe Xonoxtle,San Miguel Amatitlán,261,guadalupe-xonoxtle-261-69243
69243,San José Tenería,San Miguel Amatitlán,261,san-jose-teneria-261-69243
69243,Venta Uribe de Juárez,San Miguel Amatitlán,261,venta-uribe-de-juarez-261-69243
69244,San Jorge el Zapote,San Miguel Amatitlán,261,san-jorge-el-zapote-261-69244
69244,Xoconoxtle,San Miguel Amatitlán,261,xoconoxtle-261-69244
69244,La Nueva Tenochtitlán,San Miguel Amatitlán,261,la-nueva-tenochtitlan-261-69244
69244,La Laguna,San Miguel Amatitlán,261,la-laguna-261-69244
69244,Santa Cruz el Limón,San Miguel Amatitlán,261,santa-cruz-el-limon-261-69244
69245,San Antonio Zahuatlán,San Miguel Amatitlán,261,san-antonio-zahuatlan-261-69245
69248,Santo Domingo Yolotepec,San Miguel Amatitlán,261,santo-domingo-yolotepec-261-69248
69248,Guadalupe Llano Grande,San Miguel Amatitlán,261,guadalupe-llano-grande-261-69248
69249,Concepción Porfirio Díaz,San Miguel Amatitlán,261,concepcion-porfirio-diaz-261-69249
69250,Mariscala de Juárez Centro,Mariscala de Juárez,055,mariscala-de-juarez-centro-055-69250
69250,20 de Noviembre,Mariscala de Juárez,055,20-de-noviembre-055-69250
69252,Santa Cruz el Fraile,Mariscala de Juárez,055,santa-cruz-el-fraile-055-69252
69252,Santa María Nieves,Mariscala de Juárez,055,santa-maria-nieves-055-69252
69253,Guadalupe Copaltepec,Mariscala de Juárez,055,guadalupe-copaltepec-055-69253
69253,Guadalupe la Huertilla,Mariscala de Juárez,055,guadalupe-la-huertilla-055-69253
69254,San Pedro Atoyac,Mariscala de Juárez,055,san-pedro-atoyac-055-69254
69255,San Miguel Carrizal,Mariscala de Juárez,055,san-miguel-carrizal-055-69255
69257,San Miguel Tiuxi,Mariscala de Juárez,055,san-miguel-tiuxi-055-69257
69260,Santa Cruz Tacache de Mina,Santa Cruz Tacache de Mina,381,santa-cruz-tacache-de-mina-381-69260
69262,San José de la Pradera,Santa Cruz Tacache de Mina,381,san-jose-de-la-pradera-381-69262
69265,La Colmena,San Simón Zahuatlán,352,la-colmena-352-69265
69265,Tierra Colorada,San Simón Zahuatlán,352,tierra-colorada-352-69265
69265,Juquilita,San Simón Zahuatlán,352,juquilita-352-69265
69265,Guadalupe Sabino (El Sabino),San Simón Zahuatlán,352,guadalupe-sabino-el-sabino-352-69265
69265,5 de Mayo,San Simón Zahuatlán,352,5-de-mayo-352-69265
69265,La Salud,San Simón Zahuatlán,352,la-salud-352-69265
69265,Santa Cruz,San Simón Zahuatlán,352,santa-cruz-352-69265
69265,San Simón Zahuatlán,San Simón Zahuatlán,352,san-simon-zahuatlan-352-69265
69266,San Miguel,San Simón Zahuatlán,352,san-miguel-352-69266
69267,Cañada del Tecolote,San Simón Zahuatlán,352,canada-del-tecolote-352-69267
69267,Rancho Nuevo,San Simón Zahuatlán,352,rancho-nuevo-352-69267
69268,Las Tres Cruces,San Simón Zahuatlán,352,las-tres-cruces-352-69268
69270,San Marcos Arteaga,San Marcos Arteaga,237,san-marcos-arteaga-237-69270
69273,Vista Hermosa Lázaro Cárdenas,San Marcos Arteaga,237,vista-hermosa-lazaro-cardenas-237-69273
69280,Guadalupe Morelos,San Jorge Nuchita,164,guadalupe-morelos-164-69280
69280,San Jorge Nuchita,San Jorge Nuchita,164,san-jorge-nuchita-164-69280
69282,San Miguel Allende,San Jorge Nuchita,164,san-miguel-allende-164-69282
69287,San José Buenavista,Santos Reyes Yucuná,529,san-jose-buenavista-529-69287
69287,San Francisco de las Flores,Santos Reyes Yucuná,529,san-francisco-de-las-flores-529-69287
69287,Santos Reyes Yucuna,Santos Reyes Yucuná,529,santos-reyes-yucuna-529-69287
69290,Natividad,Santo Domingo Tonalá,520,natividad-520-69290
69290,San Andrés Sabinillo,Santo Domingo Tonalá,520,san-andres-sabinillo-520-69290
69290,San Juan Reyes,Santo Domingo Tonalá,520,san-juan-reyes-520-69290
69290,Santo Domingo Tonala,Santo Domingo Tonalá,520,santo-domingo-tonala-520-69290
69290,Santa Catarina,Santo Domingo Tonalá,520,santa-catarina-520-69290
69292,San Isidro Laguna Seca,Santo Domingo Tonalá,520,san-isidro-laguna-seca-520-69292
69292,San Sebastián del Monte,Santo Domingo Tonalá,520,san-sebastian-del-monte-520-69292
69293,Yetla de Juárez,Santo Domingo Tonalá,520,yetla-de-juarez-520-69293
69296,Santo Domingo Yodohino,Santo Domingo Yodohino,524,santo-domingo-yodohino-524-69296
69300,La Ciénega,San Juan Bautista Coixtlahuaca,176,la-cienega-176-69300
69300,Río Blanco,San Juan Bautista Coixtlahuaca,176,rio-blanco-176-69300
69300,San Juan Bautista Coixtlahuaca,San Juan Bautista Coixtlahuaca,176,san-juan-bautista-coixtlahuaca-176-69300
69302,Río Poblano,San Juan Bautista Coixtlahuaca,176,rio-poblano-176-69302
69304,San Jerónimo Otla,San Juan Bautista Coixtlahuaca,176,san-jeronimo-otla-176-69304
69305,El Zapotal (Sección Tercera),San Juan Bautista Coixtlahuaca,176,el-zapotal-seccion-tercera-176-69305
69305,Santa Catarina Ocotlán,San Juan Bautista Coixtlahuaca,176,santa-catarina-ocotlan-176-69305
69307,Estancia,San Juan Bautista Coixtlahuaca,176,estancia-176-69307
69310,Tepelmeme Villa de Morelos,Tepelmeme Villa de Morelos,548,tepelmeme-villa-de-morelos-548-69310
69312,Puerto Mixteco,Tepelmeme Villa de Morelos,548,puerto-mixteco-548-69312
69313,Torrecilla,Tepelmeme Villa de Morelos,548,torrecilla-548-69313
69314,La Unión,Tepelmeme Villa de Morelos,548,la-union-548-69314
69320,Concepción Buenavista,Concepción Buenavista,018,concepcion-buenavista-018-69320
69321,San Miguel Astatla,Concepción Buenavista,018,san-miguel-astatla-018-69321
69321,Santa Cruz Corunda,Concepción Buenavista,018,santa-cruz-corunda-018-69321
69324,Río de las Palmas,Concepción Buenavista,018,rio-de-las-palmas-018-69324
69325,El Enebro,Concepción Buenavista,018,el-enebro-018-69325
69330,Santiago Ihuitlán Plumas,Santiago Ihuitlán Plumas,464,santiago-ihuitlan-plumas-464-69330
69333,San Antonio Abad,Santiago Ihuitlán Plumas,464,san-antonio-abad-464-69333
69340,Tlacotepec Plumas,Tlacotepec Plumas,552,tlacotepec-plumas-552-69340
69345,San Francisco Teopan,San Francisco Teopan,151,san-francisco-teopan-151-69345
69346,Llano Grande,San Francisco Teopan,151,llano-grande-151-69346
69350,Santa Magdalena Jicotlán,Santa Magdalena Jicotlán,047,santa-magdalena-jicotlan-047-69350
69355,San Mateo Tlapiltepec,San Mateo Tlapiltepec,256,san-mateo-tlapiltepec-256-69355
69360,San Miguel Tequixtepec,San Miguel Tequixtepec,283,san-miguel-tequixtepec-283-69360
69361,Santa Cruz Capulalpan,San Miguel Tequixtepec,283,santa-cruz-capulalpan-283-69361
69366,Nata,San Miguel Tequixtepec,283,nata-283-69366
69369,Palo Solo,San Miguel Tequixtepec,283,palo-solo-283-69369
69370,San Miguel Tulancingo,San Miguel Tulancingo,287,san-miguel-tulancingo-287-69370
69375,Santiago Tepetlapa,Santiago Tepetlapa,488,santiago-tepetlapa-488-69375
69380,San Cristóbal Suchixtlahuaca,San Cristóbal Suchixtlahuaca,129,san-cristobal-suchixtlahuaca-129-69380
69390,Santa María Nativitas,Santa María Nativitas,422,santa-maria-nativitas-422-69390
69393,San José Monte Verde,Santa María Nativitas,422,san-jose-monte-verde-422-69393
69394,San Pedro Buenavista,Santa María Nativitas,422,san-pedro-buenavista-422-69394
69400,Silacayoápam,Silacayoápam,537,silacayoapam-537-69400
69401,San Martín del Estado,Silacayoápam,537,san-martin-del-estado-537-69401
69402,Alfaro,Silacayoápam,537,alfaro-537-69402
69402,San Juan Huaxtepec,Silacayoápam,537,san-juan-huaxtepec-537-69402
69403,Santiago Patlanalá,Silacayoápam,537,santiago-patlanala-537-69403
69404,Los Reyes Michiapa,Silacayoápam,537,los-reyes-michiapa-537-69404
69405,San Andrés Montaña,Silacayoápam,537,san-andres-montana-537-69405
69406,San Sebastián Zoquiapan,Silacayoápam,537,san-sebastian-zoquiapan-537-69406
69407,San Jerónimo Progreso,Silacayoápam,537,san-jeronimo-progreso-537-69407
69408,San Miguel Aguacates,Silacayoápam,537,san-miguel-aguacates-537-69408
69409,San Vicente del Zapote,Silacayoápam,537,san-vicente-del-zapote-537-69409
69410,Santiago Asunción,Silacayoápam,537,santiago-asuncion-537-69410
69411,Del Carmen,Silacayoápam,537,del-carmen-537-69411
69411,San Juan Trujano,Silacayoápam,537,san-juan-trujano-537-69411
69412,San Antonio,Silacayoápam,537,san-antonio-537-69412
69420,Santiago Yucuyachi,Santiago Yucuyachi,501,santiago-yucuyachi-501-69420
69421,Santa Rosa de Juárez,Santiago Yucuyachi,501,santa-rosa-de-juarez-501-69421
69430,San Jerónimo Nuchita,San Lorenzo Victoria,230,san-jeronimo-nuchita-230-69430
69430,San Lorenzo Victoria,San Lorenzo Victoria,230,san-lorenzo-victoria-230-69430
69440,San Agustín Atenango,San Agustín Atenango,081,san-agustin-atenango-081-69440
69448,San Mateo de Libres,San Agustín Atenango,081,san-mateo-de-libres-081-69448
69449,San Francisco Paxtlahuaca,San Agustín Atenango,081,san-francisco-paxtlahuaca-081-69449
69450,El Calvario,Calihualá,011,el-calvario-011-69450
69450,Calihualá,Calihualá,011,calihuala-011-69450
69453,San Antonio o las Mesas,Calihualá,011,san-antonio-o-las-mesas-011-69453
69457,San José Sabinillo,Calihualá,011,san-jose-sabinillo-011-69457
69460,Santa Cruz de Bravo,Santa Cruz de Bravo,376,santa-cruz-de-bravo-376-69460
69470,Ixpantepec Nieves,Ixpantepec Nieves,065,ixpantepec-nieves-065-69470
69472,Guadalupe,Ixpantepec Nieves,065,guadalupe-065-69472
69473,Santa María Asunción,Ixpantepec Nieves,065,santa-maria-asuncion-065-69473
69474,Santa María Natividad,Ixpantepec Nieves,065,santa-maria-natividad-065-69474
69480,San Francisco Tlapancingo,San Francisco Tlapancingo,152,san-francisco-tlapancingo-152-69480
69485,San Marcos Natividad,San Francisco Tlapancingo,152,san-marcos-natividad-152-69485
69485,Guadalupe Nogales,San Francisco Tlapancingo,152,guadalupe-nogales-152-69485
69490,Santiago del Río,Santiago del Río,461,santiago-del-rio-461-69490
69492,San Francisco Higos,Santiago del Río,461,san-francisco-higos-461-69492
69500,San Francisco,San Pedro y San Pablo Teposcolula,339,san-francisco-339-69500
69500,San Pedro y San Pablo Teposcolula,San Pedro y San Pablo Teposcolula,339,san-pedro-y-san-pablo-teposcolula-339-69500
69501,Guadalupe Vista Hermosa,San Pedro y San Pablo Teposcolula,339,guadalupe-vista-hermosa-339-69501
69502,Guadalupe Tixa,San Pedro y San Pablo Teposcolula,339,guadalupe-tixa-339-69502
69502,San Miguel Tixa,San Pedro y San Pablo Teposcolula,339,san-miguel-tixa-339-69502
69503,San Felipe Ixtapa,San Pedro y San Pablo Teposcolula,339,san-felipe-ixtapa-339-69503
69504,Santo Tomás Tecolotitlán,San Pedro y San Pablo Teposcolula,339,santo-tomas-tecolotitlan-339-69504
69506,Yucuninde,San Pedro y San Pablo Teposcolula,339,yucuninde-339-69506
69506,Yodonocuito,San Pedro y San Pablo Teposcolula,339,yodonocuito-339-69506
69506,Yucumesa,San Pedro y San Pablo Teposcolula,339,yucumesa-339-69506
69506,La Campana,San Pedro y San Pablo Teposcolula,339,la-campana-339-69506
69506,El Molino,San Pedro y San Pablo Teposcolula,339,el-molino-339-69506
69507,La Trinidad Vista Hermosa,La Trinidad Vista Hermosa,556,la-trinidad-vista-hermosa-556-69507
69508,El Moral,La Trinidad Vista Hermosa,556,el-moral-556-69508
69509,El Encinal,La Trinidad Vista Hermosa,556,el-encinal-556-69509
69510,El Calvario,Villa de Tamazulápam del Progreso,540,el-calvario-540-69510
69510,La Curva (Paraje Yuyute),Villa de Tamazulápam del Progreso,540,la-curva-paraje-yuyute-540-69510
69510,La Canoa,Villa de Tamazulápam del Progreso,540,la-canoa-540-69510
69510,Xarashi,Villa de Tamazulápam del Progreso,540,xarashi-540-69510
69510,Tamazulápan Centro,Villa de Tamazulápam del Progreso,540,tamazulapan-centro-540-69510
69510,El Sabino,Villa de Tamazulápam del Progreso,540,el-sabino-540-69510
69510,Guadalupe,Villa de Tamazulápam del Progreso,540,guadalupe-540-69510
69512,San Cipriano,Villa de Tamazulápam del Progreso,540,san-cipriano-540-69512
69512,San Francisco,Villa de Tamazulápam del Progreso,540,san-francisco-540-69512
69512,Santa Rosa,Villa de Tamazulápam del Progreso,540,santa-rosa-540-69512
69513,Río del Oro,Villa de Tamazulápam del Progreso,540,rio-del-oro-540-69513
69516,San Pedro Nopala,San Pedro Nopala,321,san-pedro-nopala-321-69516
69519,San Pedro Yococuno,San Pedro Nopala,321,san-pedro-yococuno-321-69519
69520,Teotongo,Teotongo,547,teotongo-547-69520
69524,El Progreso,Teotongo,547,el-progreso-547-69524
69526,Laguna Seca,San Antonio Acutla,106,laguna-seca-106-69526
69526,San Antonio Acutla,San Antonio Acutla,106,san-antonio-acutla-106-69526
69530,Villa Tejúpam de la Unión,Villa Tejúpam de la Unión,486,villa-tejupam-de-la-union-486-69530
69530,Cuarta Sección,Villa Tejúpam de la Unión,486,cuarta-seccion-486-69530
69530,Primera Sección (Nuñu),Villa Tejúpam de la Unión,486,primera-seccion-nunu-486-69530
69530,Segunda Sección,Villa Tejúpam de la Unión,486,segunda-seccion-486-69530
69530,Tercera Sección (Diniyaya),Villa Tejúpam de la Unión,486,tercera-seccion-diniyaya-486-69530
69533,Chocani,Villa Tejúpam de la Unión,486,chocani-486-69533
69534,Yuyusa (Yuyuza),Villa Tejúpam de la Unión,486,yuyusa-yuyuza-486-69534
69534,La Presa,Villa Tejúpam de la Unión,486,la-presa-486-69534
69534,Llano del Capulín,Villa Tejúpam de la Unión,486,llano-del-capulin-486-69534
69534,Santa Catarina,Villa Tejúpam de la Unión,486,santa-catarina-486-69534
69535,Yodobada,Villa Tejúpam de la Unión,486,yodobada-486-69535
69535,Monteverde,Villa Tejúpam de la Unión,486,monteverde-486-69535
69535,Tierra Blanca,Villa Tejúpam de la Unión,486,tierra-blanca-486-69535
69535,Yudaba,Villa Tejúpam de la Unión,486,yudaba-486-69535
69536,Santo Domingo Tonaltepec,Santo Domingo Tonaltepec,521,santo-domingo-tonaltepec-521-69536
69537,Vista Hermosa,Santo Domingo Tonaltepec,521,vista-hermosa-521-69537
69537,San Francisco Río Blanco,Santo Domingo Tonaltepec,521,san-francisco-rio-blanco-521-69537
69540,Villa de Chilapa de Díaz,Villa de Chilapa de Díaz,405,villa-de-chilapa-de-diaz-405-69540
69541,Santo Domingo Nundo,Villa de Chilapa de Díaz,405,santo-domingo-nundo-405-69541
69545,San Marcos Monte de León,Villa de Chilapa de Díaz,405,san-marcos-monte-de-leon-405-69545
69546,San Antonino Monte Verde,San Antonino Monte Verde,105,san-antonino-monte-verde-105-69546
69546,San Antonio Yodonduza Monteverde,San Antonino Monte Verde,105,san-antonio-yodonduza-monteverde-105-69546
69546,San Francisco Caballua,San Antonino Monte Verde,105,san-francisco-caballua-105-69546
69547,San José Monteverde,San Antonino Monte Verde,105,san-jose-monteverde-105-69547
69547,San Miguel Monteverde,San Antonino Monte Verde,105,san-miguel-monteverde-105-69547
69548,San Isidro Monteverde,San Antonino Monte Verde,105,san-isidro-monteverde-105-69548
69548,Guadalupe Monteverde,San Antonino Monte Verde,105,guadalupe-monteverde-105-69548
69550,San Andrés Lagunas Centro,San Andrés Lagunas,093,san-andres-lagunas-centro-093-69550
69550,Primera Sección,San Andrés Lagunas,093,primera-seccion-093-69550
69550,Segunda Sección,San Andrés Lagunas,093,segunda-seccion-093-69550
69550,Tercera Sección,San Andrés Lagunas,093,tercera-seccion-093-69550
69552,La Soledad,San Andrés Lagunas,093,la-soledad-093-69552
69553,Guadalupe Lagunas,San Andrés Lagunas,093,guadalupe-lagunas-093-69553
69555,San Isidro Lagunas,San Andrés Lagunas,093,san-isidro-lagunas-093-69555
69556,San Pedro Yucunama,San Pedro Yucunama,341,san-pedro-yucunama-341-69556
69560,San Juan Teposcolula,San Juan Teposcolula,221,san-juan-teposcolula-221-69560
69561,San Miguel Marcos Pérez,San Juan Teposcolula,221,san-miguel-marcos-perez-221-69561
69562,Santa María Pozoltepec,San Juan Teposcolula,221,santa-maria-pozoltepec-221-69562
69563,Refugio de Morelos,San Juan Teposcolula,221,refugio-de-morelos-221-69563
69564,La Rosa,San Juan Teposcolula,221,la-rosa-221-69564
69565,San Bartolo Soyaltepec,San Bartolo Soyaltepec,121,san-bartolo-soyaltepec-121-69565
69566,La Unión Soyaltepec,San Bartolo Soyaltepec,121,la-union-soyaltepec-121-69566
69567,Gavillera,San Bartolo Soyaltepec,121,gavillera-121-69567
69569,San Pedro Añane,San Bartolo Soyaltepec,121,san-pedro-anane-121-69569
69570,San José,Santiago Yolomécatl,499,san-jose-499-69570
69570,Santiago Yolomécatl,Santiago Yolomécatl,499,santiago-yolomecatl-499-69570
69574,San Sebastián Nicananduta,San Sebastián Nicananduta,346,san-sebastian-nicananduta-346-69574
69577,Santo Domingo Tlatayapam,Santo Domingo Tlatayápam,518,santo-domingo-tlatayapam-518-69577
69580,Santa María Nduayaco,Santa María Nduayaco,423,santa-maria-nduayaco-423-69580
69581,Santo Domingo Ticú,Santa María Nduayaco,423,santo-domingo-ticu-423-69581
69582,San José de Gracia,Santa María Nduayaco,423,san-jose-de-gracia-423-69582
69584,Unión Paz y Progreso,Santa María Nduayaco,423,union-paz-y-progreso-423-69584
69585,San Vicente Nuñu,San Vicente Nuñú,536,san-vicente-nunu-536-69585
69590,San Pedro Topiltepec,San Pedro Topiltepec,332,san-pedro-topiltepec-332-69590
69591,Santa María Tiltepec,San Pedro Topiltepec,332,santa-maria-tiltepec-332-69591
69595,Santiago Nejapilla,Santiago Nejapilla,479,santiago-nejapilla-479-69595
69600,El Zitún,Asunción Nochixtlán,006,el-zitun-006-69600
69600,Yodondoyo,Asunción Nochixtlán,006,yodondoyo-006-69600
69600,Las Tres Cruces,Asunción Nochixtlán,006,las-tres-cruces-006-69600
69600,Mixteca,Asunción Nochixtlán,006,mixteca-006-69600
69600,La Joya,Asunción Nochixtlán,006,la-joya-006-69600
69600,Arboledas,Asunción Nochixtlán,006,arboledas-006-69600
69600,Loma de la Era,Asunción Nochixtlán,006,loma-de-la-era-006-69600
69600,La Labor,Asunción Nochixtlán,006,la-labor-006-69600
69600,Las Flores,Asunción Nochixtlán,006,las-flores-006-69600
69600,Asunción Nochixtlán Centro,Asunción Nochixtlán,006,asuncion-nochixtlan-centro-006-69600
69600,El Calvario,Asunción Nochixtlán,006,el-calvario-006-69600
69600,Emiliano Zapata,Asunción Nochixtlán,006,emiliano-zapata-006-69600
69600,Chocano,Asunción Nochixtlán,006,chocano-006-69600
69600,Santa Teresa,Asunción Nochixtlán,006,santa-teresa-006-69600
69600,Jardín,Asunción Nochixtlán,006,jardin-006-69600
69600,La Peña,Asunción Nochixtlán,006,la-pena-006-69600
69600,Del Maestro,Asunción Nochixtlán,006,del-maestro-006-69600
69600,El Fresno,Asunción Nochixtlán,006,el-fresno-006-69600
69600,Vee Ñuu Savi,Asunción Nochixtlán,006,vee-nuu-savi-006-69600
69600,María,Asunción Nochixtlán,006,maria-006-69600
69600,Tinquehue,Asunción Nochixtlán,006,tinquehue-006-69600
69603,20 de Noviembre,Asunción Nochixtlán,006,20-de-noviembre-006-69603
69603,Valle Encantado,Asunción Nochixtlán,006,valle-encantado-006-69603
69603,Santiago Buena Vista (Ticúa),Asunción Nochixtlán,006,santiago-buena-vista-ticua-006-69603
69605,Santa Cruz Río Salinas,Asunción Nochixtlán,006,santa-cruz-rio-salinas-006-69605
69605,El Cortijo,Asunción Nochixtlán,006,el-cortijo-006-69605
69605,Santa María Tinú,Asunción Nochixtlán,006,santa-maria-tinu-006-69605
69605,Nuevo Morelos,Asunción Nochixtlán,006,nuevo-morelos-006-69605
69606,Santiago Mitlatongo,Asunción Nochixtlán,006,santiago-mitlatongo-006-69606
69607,Santiago Ixtaltepec,Asunción Nochixtlán,006,santiago-ixtaltepec-006-69607
69607,La Cumbre,Asunción Nochixtlán,006,la-cumbre-006-69607
69607,Santiago Amatlán,Asunción Nochixtlán,006,santiago-amatlan-006-69607
69608,San Miguel Adéquez (Adequés),Asunción Nochixtlán,006,san-miguel-adequez-adeques-006-69608
69608,Santa Catarina Adequez,Asunción Nochixtlán,006,santa-catarina-adequez-006-69608
69608,San Pedro Quilitongo,Asunción Nochixtlán,006,san-pedro-quilitongo-006-69608
69609,San Andrés Sachio,Asunción Nochixtlán,006,san-andres-sachio-006-69609
69610,Tierra Blanca,San Miguel Huautla,270,tierra-blanca-270-69610
69610,San Miguel Huautla,San Miguel Huautla,270,san-miguel-huautla-270-69610
69613,Cerro Verde,San Miguel Huautla,270,cerro-verde-270-69613
69614,Tepotzán,San Miguel Huautla,270,tepotzan-270-69614
69614,Tierra Colorada,San Miguel Huautla,270,tierra-colorada-270-69614
69615,Cerro Prieto,San Miguel Chicahua,264,cerro-prieto-264-69615
69615,San Miguel Chicahua,San Miguel Chicahua,264,san-miguel-chicahua-264-69615
69616,Yucuyaba,San Miguel Chicahua,264,yucuyaba-264-69616
69616,El Fortín Alto,San Miguel Chicahua,264,el-fortin-alto-264-69616
69617,La Corregidora Tierra Colorada,San Miguel Chicahua,264,la-corregidora-tierra-colorada-264-69617
69620,Santa María Apazco,Santa María Apazco,395,santa-maria-apazco-395-69620
69620,Tierra Colorada,Santa María Apazco,395,tierra-colorada-395-69620
69621,Pericón,Santa María Apazco,395,pericon-395-69621
69625,Santiago Apoala,Santiago Apoala,451,santiago-apoala-451-69625
69626,Tierra Colorada,Santiago Apoala,451,tierra-colorada-451-69626
69626,Unión Buena Vista (Yodocanit o Yodocani),Santiago Apoala,451,union-buena-vista-yodocanit-o-yodocani-451-69626
69627,Jazmín Morelos,Santiago Apoala,451,jazmin-morelos-451-69627
69628,San Antonio Nduayaco,Santiago Apoala,451,san-antonio-nduayaco-451-69628
69630,Santa María Chachoápam,Santa María Chachoápam,404,santa-maria-chachoapam-404-69630
69632,San Antonio Perales,Santa María Chachoápam,404,san-antonio-perales-404-69632
69633,San Agustín Montelobos,Santa María Chachoápam,404,san-agustin-montelobos-404-69633
69640,San Juan Ixtaltepec,San Pedro Coxcaltepec Cántaros,304,san-juan-ixtaltepec-304-69640
69641,San Pedro Coxcaltepec Cántaros,San Pedro Coxcaltepec Cántaros,304,san-pedro-coxcaltepec-cantaros-304-69641
69645,Yudodeñe,San Pedro Coxcaltepec Cántaros,304,yudodene-304-69645
69651,San Juan Tlalixtlahuaca,Santiago Huauclilla,463,san-juan-tlalixtlahuaca-463-69651
69657,San Bartolomé Zotula,Santiago Huauclilla,463,san-bartolome-zotula-463-69657
69659,Santiago Huauclilla,Santiago Huauclilla,463,santiago-huauclilla-463-69659
69660,Santo Domingo Yanhuitlán,Santo Domingo Yanhuitlán,523,santo-domingo-yanhuitlan-523-69660
69662,Xacañi,Santo Domingo Yanhuitlán,523,xacani-523-69662
69665,San Andrés Sinaxtla,San Andrés Sinaxtla,096,san-andres-sinaxtla-096-69665
69667,Santa María Suchixtlán,San Andrés Sinaxtla,096,santa-maria-suchixtlan-096-69667
69670,San Juan Yucuita,San Juan Yucuita,224,san-juan-yucuita-224-69670
69675,San Juan Sayultepec,San Juan Sayultepec,215,san-juan-sayultepec-215-69675
69676,San Andrés Andúa,San Juan Sayultepec,215,san-andres-andua-215-69676
69680,Santiago Tillo,Santiago Tillo,493,santiago-tillo-493-69680
69681,San Mateo Yucucui,Santiago Tillo,493,san-mateo-yucucui-493-69681
69685,San Francisco Chindúa,San Francisco Chindúa,140,san-francisco-chindua-140-69685
69685,Guadalupe Chindúa,San Francisco Chindúa,140,guadalupe-chindua-140-69685
69685,Pueblo Nuevo,San Francisco Chindúa,140,pueblo-nuevo-140-69685
69690,San Isidro,San Mateo Etlatongo,250,san-isidro-250-69690
69690,San Mateo Etlatongo,San Mateo Etlatongo,250,san-mateo-etlatongo-250-69690
69693,San Antonio Etlatongo,San Mateo Etlatongo,250,san-antonio-etlatongo-250-69693
69694,La Luz,San Mateo Etlatongo,250,la-luz-250-69694
69695,Santa Inés de Zaragoza,Santa Inés de Zaragoza,569,santa-ines-de-zaragoza-569-69695
69696,Carrizal (Laguna Zaragoza),Santa Inés de Zaragoza,569,carrizal-laguna-zaragoza-569-69696
69696,La Unión Zaragoza,Santa Inés de Zaragoza,569,la-union-zaragoza-569-69696
69697,La Paz,Santa Inés de Zaragoza,569,la-paz-569-69697
69698,Loma Larga,Santa Inés de Zaragoza,569,loma-larga-569-69698
69698,La Reforma,Santa Inés de Zaragoza,569,la-reforma-569-69698
69700,Santa Cecilia Itayuyu,Santiago Juxtlahuaca,469,santa-cecilia-itayuyu-469-69700
69700,Torre de Babel (Flechador del Sol),Santiago Juxtlahuaca,469,torre-de-babel-flechador-del-sol-469-69700
69700,San José,Santiago Juxtlahuaca,469,san-jose-469-69700
69700,95 Batallón de Infantería,Santiago Juxtlahuaca,469,95-batallon-de-infanteria-469-69700
69700,Lázaro Cárdenas,Santiago Juxtlahuaca,469,lazaro-cardenas-469-69700
69700,San Florencio,Santiago Juxtlahuaca,469,san-florencio-469-69700
69700,San Pedro el Bajo,Santiago Juxtlahuaca,469,san-pedro-el-bajo-469-69700
69700,Santo Niño de Atocha,Santiago Juxtlahuaca,469,santo-nino-de-atocha-469-69700
69700,Santiago Juxtlahuaca Centro,Santiago Juxtlahuaca,469,santiago-juxtlahuaca-centro-469-69700
69700,Guadalupe,Santiago Juxtlahuaca,469,guadalupe-469-69700
69700,Progreso,Santiago Juxtlahuaca,469,progreso-469-69700
69700,Del Maestro,Santiago Juxtlahuaca,469,del-maestro-469-69700
69700,La Esperanza,Santiago Juxtlahuaca,469,la-esperanza-469-69700
69700,La Soledad,Santiago Juxtlahuaca,469,la-soledad-469-69700
69700,Santa Cruz,Santiago Juxtlahuaca,469,santa-cruz-469-69700
69700,Aviación,Santiago Juxtlahuaca,469,aviacion-469-69700
69700,San Pedro el Alto,Santiago Juxtlahuaca,469,san-pedro-el-alto-469-69700
69700,Santo Domingo,Santiago Juxtlahuaca,469,santo-domingo-469-69700
69700,Las Pilas,Santiago Juxtlahuaca,469,las-pilas-469-69700
69700,Los Pinos,Santiago Juxtlahuaca,469,los-pinos-469-69700
69700,Las Américas,Santiago Juxtlahuaca,469,las-americas-469-69700
69702,San Juan Copala,Santiago Juxtlahuaca,469,san-juan-copala-469-69702
69702,Tilapa,Santiago Juxtlahuaca,469,tilapa-469-69702
69703,Santa María Asunción,Santiago Juxtlahuaca,469,santa-maria-asuncion-469-69703
69704,Santa Catarina Noltepec,Santiago Juxtlahuaca,469,santa-catarina-noltepec-469-69704
69705,Nicán,Santiago Juxtlahuaca,469,nican-469-69705
69706,San Miguel Cuevas,Santiago Juxtlahuaca,469,san-miguel-cuevas-469-69706
69707,Santiago Naranjas,Santiago Juxtlahuaca,469,santiago-naranjas-469-69707
69708,Santa Rosa Caxtlahuaca,Santiago Juxtlahuaca,469,santa-rosa-caxtlahuaca-469-69708
69708,Los Aguacates,Santiago Juxtlahuaca,469,los-aguacates-469-69708
69709,Unión de Cárdenas,Santiago Juxtlahuaca,469,union-de-cardenas-469-69709
69710,San Juan Piñas,Santiago Juxtlahuaca,469,san-juan-pinas-469-69710
69710,Zochiquilazala,Santiago Juxtlahuaca,469,zochiquilazala-469-69710
69710,San Pedro Chayuco,Santiago Juxtlahuaca,469,san-pedro-chayuco-469-69710
69712,Tacuya,Santiago Juxtlahuaca,469,tacuya-469-69712
69712,Yuchio,Santiago Juxtlahuaca,469,yuchio-469-69712
69713,Tinuma de Zaragoza,Santiago Juxtlahuaca,469,tinuma-de-zaragoza-469-69713
69714,Concepción Carrizal,Santiago Juxtlahuaca,469,concepcion-carrizal-469-69714
69715,Tierra Blanca,Santiago Juxtlahuaca,469,tierra-blanca-469-69715
69716,El Rastrojo,Santiago Juxtlahuaca,469,el-rastrojo-469-69716
69716,La Ladera,Santiago Juxtlahuaca,469,la-ladera-469-69716
69716,Cuyuchi,Santiago Juxtlahuaca,469,cuyuchi-469-69716
69717,Cruz Chiquita,Santiago Juxtlahuaca,469,cruz-chiquita-469-69717
69718,La Luz Llano de Nopal,Santiago Juxtlahuaca,469,la-luz-llano-de-nopal-469-69718
69718,Paso de Águila Copala,Santiago Juxtlahuaca,469,paso-de-aguila-copala-469-69718
69718,Río Metates,Santiago Juxtlahuaca,469,rio-metates-469-69718
69719,Santo Domingo del Progreso,Santiago Juxtlahuaca,469,santo-domingo-del-progreso-469-69719
69720,Agua Fría,Santiago Juxtlahuaca,469,agua-fria-469-69720
69724,Buena Vista Yucunicoco,Santiago Juxtlahuaca,469,buena-vista-yucunicoco-469-69724
69724,Santa Cruz Yucunicoco,Santiago Juxtlahuaca,469,santa-cruz-yucunicoco-469-69724
69724,Laguna Guadalupe Yucunicoco,Santiago Juxtlahuaca,469,laguna-guadalupe-yucunicoco-469-69724
69724,Lázaro Cárdenas Yucunicoco,Santiago Juxtlahuaca,469,lazaro-cardenas-yucunicoco-469-69724
69724,Cuauhtémoc Yucunicoco,Santiago Juxtlahuaca,469,cuauhtemoc-yucunicoco-469-69724
69724,Benito Juárez Yucunicoco,Santiago Juxtlahuaca,469,benito-juarez-yucunicoco-469-69724
69724,Zaragoza Yucunicoco,Santiago Juxtlahuaca,469,zaragoza-yucunicoco-469-69724
69724,Santa María Yucunicoco,Santiago Juxtlahuaca,469,santa-maria-yucunicoco-469-69724
69725,Cerro del Pájaro,Santiago Juxtlahuaca,469,cerro-del-pajaro-469-69725
69725,Cerro Cabeza,Santiago Juxtlahuaca,469,cerro-cabeza-469-69725
69725,Río Humo,Santiago Juxtlahuaca,469,rio-humo-469-69725
69725,Río Lagarto,Santiago Juxtlahuaca,469,rio-lagarto-469-69725
69726,Yosoyuxi Copala,Santiago Juxtlahuaca,469,yosoyuxi-copala-469-69726
69726,La Sabana,Santiago Juxtlahuaca,469,la-sabana-469-69726
69726,Cieneguilla,Santiago Juxtlahuaca,469,cieneguilla-469-69726
69729,Río Tejon,Santiago Juxtlahuaca,469,rio-tejon-469-69729
69730,San Miguel Tlacotepec,San Miguel Tlacotepec,286,san-miguel-tlacotepec-286-69730
69731,San Martín Sabinillo,San Miguel Tlacotepec,286,san-martin-sabinillo-286-69731
69735,Santiago Nuxaño,San Miguel Tlacotepec,286,santiago-nuxano-286-69735
69737,Guadalupe Nucate,San Miguel Tlacotepec,286,guadalupe-nucate-286-69737
69740,El Calvario,San Sebastián Tecomaxtlahuaca,348,el-calvario-348-69740
69740,Santa Cruz Verde,San Sebastián Tecomaxtlahuaca,348,santa-cruz-verde-348-69740
69740,Del Zopilote,San Sebastián Tecomaxtlahuaca,348,del-zopilote-348-69740
69740,Laguna Encantada,San Sebastián Tecomaxtlahuaca,348,laguna-encantada-348-69740
69740,San Pedro,San Sebastián Tecomaxtlahuaca,348,san-pedro-348-69740
69740,San Sebastián Tecomaxtlahuaca Centro,San Sebastián Tecomaxtlahuaca,348,san-sebastian-tecomaxtlahuaca-centro-348-69740
69742,Santa Cruz Yosondica,San Sebastián Tecomaxtlahuaca,348,santa-cruz-yosondica-348-69742
69742,San Mateo Tuñuchi,San Sebastián Tecomaxtlahuaca,348,san-mateo-tunuchi-348-69742
69743,San Isidro Zaragoza Alacrán,San Sebastián Tecomaxtlahuaca,348,san-isidro-zaragoza-alacran-348-69743
69743,Santo Niño Jesús Yucuyi,San Sebastián Tecomaxtlahuaca,348,santo-nino-jesus-yucuyi-348-69743
69743,San José Duraznos,San Sebastián Tecomaxtlahuaca,348,san-jose-duraznos-348-69743
69743,Río de Hielo Juárez,San Sebastián Tecomaxtlahuaca,348,rio-de-hielo-juarez-348-69743
69743,Guadalupe Nundaca,San Sebastián Tecomaxtlahuaca,348,guadalupe-nundaca-348-69743
69743,San Martín Duraznos,San Sebastián Tecomaxtlahuaca,348,san-martin-duraznos-348-69743
69744,San Sebastián los Cholula,San Sebastián Tecomaxtlahuaca,348,san-sebastian-los-cholula-348-69744
69744,El Portezuelo,San Sebastián Tecomaxtlahuaca,348,el-portezuelo-348-69744
69744,Agua Buena,San Sebastián Tecomaxtlahuaca,348,agua-buena-348-69744
69744,Santa Cruz Rancho Viejo,San Sebastián Tecomaxtlahuaca,348,santa-cruz-rancho-viejo-348-69744
69744,Yosoyu,San Sebastián Tecomaxtlahuaca,348,yosoyu-348-69744
69745,Yosondova,San Sebastián Tecomaxtlahuaca,348,yosondova-348-69745
69750,Cañada de Lobos,San Sebastián Tecomaxtlahuaca,348,canada-de-lobos-348-69750
69750,Guadalupe,San Sebastián Tecomaxtlahuaca,348,guadalupe-348-69750
69751,Sabino Solo,San Sebastián Tecomaxtlahuaca,348,sabino-solo-348-69751
69753,San Marcos Xinicuesta,San Sebastián Tecomaxtlahuaca,348,san-marcos-xinicuesta-348-69753
69760,Santos Reyes Tepejillo,Santos Reyes Tepejillo,528,santos-reyes-tepejillo-528-69760
69770,San Juan Mixtepec - Dto.08 Centro,San Juan Mixtepec -Dto. 08 -,208,san-juan-mixtepec---dto08-centro-208-69770
69770,San Miguel Lado,San Juan Mixtepec -Dto. 08 -,208,san-miguel-lado-208-69770
69770,De Jesús,San Juan Mixtepec -Dto. 08 -,208,de-jesus-208-69770
69770,San Pedro Calvario,San Juan Mixtepec -Dto. 08 -,208,san-pedro-calvario-208-69770
69770,Las Flores,San Juan Mixtepec -Dto. 08 -,208,las-flores-208-69770
69773,San Pedro Yososcuá,San Juan Mixtepec -Dto. 08 -,208,san-pedro-yososcua-208-69773
69773,Santa María Teposlantongo,San Juan Mixtepec -Dto. 08 -,208,santa-maria-teposlantongo-208-69773
69773,San Lucas,San Juan Mixtepec -Dto. 08 -,208,san-lucas-208-69773
69773,Tierra Blanca (Barrio San Pedro),San Juan Mixtepec -Dto. 08 -,208,tierra-blanca-barrio-san-pedro-208-69773
69773,Yosonduu,San Juan Mixtepec -Dto. 08 -,208,yosonduu-208-69773
69773,28 de Mayo,San Juan Mixtepec -Dto. 08 -,208,28-de-mayo-208-69773
69773,Escondido,San Juan Mixtepec -Dto. 08 -,208,escondido-208-69773
69773,Llano Grande,San Juan Mixtepec -Dto. 08 -,208,llano-grande-208-69773
69773,Ojo de Agua Blanca,San Juan Mixtepec -Dto. 08 -,208,ojo-de-agua-blanca-208-69773
69773,Río de la Piedra,San Juan Mixtepec -Dto. 08 -,208,rio-de-la-piedra-208-69773
69773,San Pedro Calvario,San Juan Mixtepec -Dto. 08 -,208,san-pedro-calvario-208-69773
69773,San Pedro Corral,San Juan Mixtepec -Dto. 08 -,208,san-pedro-corral-208-69773
69773,San Pedro Ituxión,San Juan Mixtepec -Dto. 08 -,208,san-pedro-ituxion-208-69773
69773,San Pedro Retoño,San Juan Mixtepec -Dto. 08 -,208,san-pedro-retono-208-69773
69773,Sección Centro Yososcua,San Juan Mixtepec -Dto. 08 -,208,seccion-centro-yososcua-208-69773
69773,Statzi,San Juan Mixtepec -Dto. 08 -,208,statzi-208-69773
69773,Yucumí,San Juan Mixtepec -Dto. 08 -,208,yucumi-208-69773
69774,Yerba Buena,San Juan Mixtepec -Dto. 08 -,208,yerba-buena-208-69774
69774,Pueblo Viejo,San Juan Mixtepec -Dto. 08 -,208,pueblo-viejo-208-69774
69774,Río Timbre,San Juan Mixtepec -Dto. 08 -,208,rio-timbre-208-69774
69774,Cerro de Lucero,San Juan Mixtepec -Dto. 08 -,208,cerro-de-lucero-208-69774
69774,Cerro Metates,San Juan Mixtepec -Dto. 08 -,208,cerro-metates-208-69774
69774,El Cuajilote,San Juan Mixtepec -Dto. 08 -,208,el-cuajilote-208-69774
69774,La Batea,San Juan Mixtepec -Dto. 08 -,208,la-batea-208-69774
69774,Rancho Diego,San Juan Mixtepec -Dto. 08 -,208,rancho-diego-208-69774
69774,Río Azucena,San Juan Mixtepec -Dto. 08 -,208,rio-azucena-208-69774
69774,San Sebastián Cahuandaca,San Juan Mixtepec -Dto. 08 -,208,san-sebastian-cahuandaca-208-69774
69774,Santiago Tiñó,San Juan Mixtepec -Dto. 08 -,208,santiago-tino-208-69774
69775,El Llano,San Juan Mixtepec -Dto. 08 -,208,el-llano-208-69775
69775,Arroyo del Sabino,San Juan Mixtepec -Dto. 08 -,208,arroyo-del-sabino-208-69775
69775,Cabayua,San Juan Mixtepec -Dto. 08 -,208,cabayua-208-69775
69775,Cima de la Peña,San Juan Mixtepec -Dto. 08 -,208,cima-de-la-pena-208-69775
69775,Independencia,San Juan Mixtepec -Dto. 08 -,208,independencia-208-69775
69775,Pié del Cerro (Chaá Yucu),San Juan Mixtepec -Dto. 08 -,208,pie-del-cerro-chaa-yucu-208-69775
69775,San Isidro,San Juan Mixtepec -Dto. 08 -,208,san-isidro-208-69775
69775,Yosoba,San Juan Mixtepec -Dto. 08 -,208,yosoba-208-69775
69776,Canama,San Juan Mixtepec -Dto. 08 -,208,canama-208-69776
69776,Santa Cruz,San Juan Mixtepec -Dto. 08 -,208,santa-cruz-208-69776
69776,Los Tejocotes,San Juan Mixtepec -Dto. 08 -,208,los-tejocotes-208-69776
69776,Santo Domingo Viejo,San Juan Mixtepec -Dto. 08 -,208,santo-domingo-viejo-208-69776
69776,Schiñuu y Matanza,San Juan Mixtepec -Dto. 08 -,208,schinuu-y-matanza-208-69776
69776,Arenal Centro,San Juan Mixtepec -Dto. 08 -,208,arenal-centro-208-69776
69776,Bajo la Peña,San Juan Mixtepec -Dto. 08 -,208,bajo-la-pena-208-69776
69776,Ciénega de la Ardilla,San Juan Mixtepec -Dto. 08 -,208,cienega-de-la-ardilla-208-69776
69776,Stucua,San Juan Mixtepec -Dto. 08 -,208,stucua-208-69776
69776,El Águila,San Juan Mixtepec -Dto. 08 -,208,el-aguila-208-69776
69776,El Cangrejo,San Juan Mixtepec -Dto. 08 -,208,el-cangrejo-208-69776
69776,El Capulín,San Juan Mixtepec -Dto. 08 -,208,el-capulin-208-69776
69776,Las Huertas,San Juan Mixtepec -Dto. 08 -,208,las-huertas-208-69776
69776,Llano Colorado,San Juan Mixtepec -Dto. 08 -,208,llano-colorado-208-69776
69776,Loma Bandera,San Juan Mixtepec -Dto. 08 -,208,loma-bandera-208-69776
69776,Loma Redonda,San Juan Mixtepec -Dto. 08 -,208,loma-redonda-208-69776
69776,Loma Reyes Almacén,San Juan Mixtepec -Dto. 08 -,208,loma-reyes-almacen-208-69776
69776,Milpa Tendida,San Juan Mixtepec -Dto. 08 -,208,milpa-tendida-208-69776
69776,Ojo de Agua Arenal,San Juan Mixtepec -Dto. 08 -,208,ojo-de-agua-arenal-208-69776
69776,Peña Blanca,San Juan Mixtepec -Dto. 08 -,208,pena-blanca-208-69776
69776,Río Verde,San Juan Mixtepec -Dto. 08 -,208,rio-verde-208-69776
69776,San Isidro Yucumay,San Juan Mixtepec -Dto. 08 -,208,san-isidro-yucumay-208-69776
69776,Yucunani,San Juan Mixtepec -Dto. 08 -,208,yucunani-208-69776
69777,El Mesón Mixtepec,San Juan Mixtepec -Dto. 08 -,208,el-meson-mixtepec-208-69777
69777,San Juan Cahuayaxi,San Juan Mixtepec -Dto. 08 -,208,san-juan-cahuayaxi-208-69777
69777,Cienega de Manzana,San Juan Mixtepec -Dto. 08 -,208,cienega-de-manzana-208-69777
69777,Lázaro Cárdenas,San Juan Mixtepec -Dto. 08 -,208,lazaro-cardenas-208-69777
69777,Mesón de Guadalupe,San Juan Mixtepec -Dto. 08 -,208,meson-de-guadalupe-208-69777
69777,Nueva Reforma,San Juan Mixtepec -Dto. 08 -,208,nueva-reforma-208-69777
69780,San José,San Martín Peras,242,san-jose-242-69780
69780,La Trinidad Peras,San Martín Peras,242,la-trinidad-peras-242-69780
69780,Guadalupe el Progreso,San Martín Peras,242,guadalupe-el-progreso-242-69780
69780,Santa Cruz Paredón,San Martín Peras,242,santa-cruz-paredon-242-69780
69780,Ahuajutla,San Martín Peras,242,ahuajutla-242-69780
69780,San Juan del Río,San Martín Peras,242,san-juan-del-rio-242-69780
69780,San Martín Peras,San Martín Peras,242,san-martin-peras-242-69780
69780,Santiago Petlacala,San Martín Peras,242,santiago-petlacala-242-69780
69782,El Espinal,San Martín Peras,242,el-espinal-242-69782
69782,Rincón Peras,San Martín Peras,242,rincon-peras-242-69782
69782,Las Huertas,San Martín Peras,242,las-huertas-242-69782
69782,Piedra Azul,San Martín Peras,242,piedra-azul-242-69782
69782,San Marcos de la Flor,San Martín Peras,242,san-marcos-de-la-flor-242-69782
69782,Guadalupe,San Martín Peras,242,guadalupe-242-69782
69783,Tierra Colorada,San Martín Peras,242,tierra-colorada-242-69783
69783,La Trinidad Escopeta,San Martín Peras,242,la-trinidad-escopeta-242-69783
69783,La Escopeta,San Martín Peras,242,la-escopeta-242-69783
69784,San Isidro la Raya,San Martín Peras,242,san-isidro-la-raya-242-69784
69784,La Candelaria,San Martín Peras,242,la-candelaria-242-69784
69784,San Marcos,San Martín Peras,242,san-marcos-242-69784
69784,San Isidro el Chiñón,San Martín Peras,242,san-isidro-el-chinon-242-69784
69784,San Jorge el Chiñón,San Martín Peras,242,san-jorge-el-chinon-242-69784
69784,Chiñón,San Martín Peras,242,chinon-242-69784
69786,Guadalupe Petlacala,San Martín Peras,242,guadalupe-petlacala-242-69786
69786,San Isidro Petlacala,San Martín Peras,242,san-isidro-petlacala-242-69786
69786,San Antonio Petlacala,San Martín Peras,242,san-antonio-petlacala-242-69786
69786,La Trinidad Petlacala,San Martín Peras,242,la-trinidad-petlacala-242-69786
69786,Rancho San Isidro Petlacala,San Martín Peras,242,rancho-san-isidro-petlacala-242-69786
69786,Cerro Hidalgo,San Martín Peras,242,cerro-hidalgo-242-69786
69787,Guadalupe San Miguel,San Martín Peras,242,guadalupe-san-miguel-242-69787
69787,San Isidro Aguacate,San Martín Peras,242,san-isidro-aguacate-242-69787
69787,San Miguel Peras,San Martín Peras,242,san-miguel-peras-242-69787
69788,Las Minas,San Martín Peras,242,las-minas-242-69788
69788,Santa Cruz,San Martín Peras,242,santa-cruz-242-69788
69790,Coicoyán de las Flores,Coicoyán de las Flores,016,coicoyan-de-las-flores-016-69790
69792,Santiago Tilapa,Coicoyán de las Flores,016,santiago-tilapa-016-69792
69793,Rancho Pastor,Coicoyán de las Flores,016,rancho-pastor-016-69793
69793,Los Ángeles,Coicoyán de las Flores,016,los-angeles-016-69793
69793,Coyul,Coicoyán de las Flores,016,coyul-016-69793
69794,Cerro de Aire (Yucutachi),Coicoyán de las Flores,016,cerro-de-aire-yucutachi-016-69794
69794,Llano Encino Amarillo,Coicoyán de las Flores,016,llano-encino-amarillo-016-69794
69794,Río Alumbrado,Coicoyán de las Flores,016,rio-alumbrado-016-69794
69795,Lázaro Cárdenas,Coicoyán de las Flores,016,lazaro-cardenas-016-69795
69799,El Jicaral,Coicoyán de las Flores,016,el-jicaral-016-69799
69799,Tierra Colorada,Coicoyán de las Flores,016,tierra-colorada-016-69799
69800,Cañada Alejandro,Heroica Ciudad de Tlaxiaco,397,canada-alejandro-397-69800
69800,Cruz de Tabaco,Heroica Ciudad de Tlaxiaco,397,cruz-de-tabaco-397-69800
69800,Guadalupe Hidalgo,Heroica Ciudad de Tlaxiaco,397,guadalupe-hidalgo-397-69800
69800,La Esperanza,Heroica Ciudad de Tlaxiaco,397,la-esperanza-397-69800
69800,Villa de las Flores,Heroica Ciudad de Tlaxiaco,397,villa-de-las-flores-397-69800
69800,La Barranca del Tabaco,Heroica Ciudad de Tlaxiaco,397,la-barranca-del-tabaco-397-69800
69800,San Sebastián,Heroica Ciudad de Tlaxiaco,397,san-sebastian-397-69800
69800,La Cruz Verde,Heroica Ciudad de Tlaxiaco,397,la-cruz-verde-397-69800
69800,Cañada el Curtidor,Heroica Ciudad de Tlaxiaco,397,canada-el-curtidor-397-69800
69800,El Mirador,Heroica Ciudad de Tlaxiaco,397,el-mirador-397-69800
69800,Ricardo Flores Magón,Heroica Ciudad de Tlaxiaco,397,ricardo-flores-magon-397-69800
69800,Kilómetro 12,Heroica Ciudad de Tlaxiaco,397,kilometro-12-397-69800
69800,La Mixteca,Heroica Ciudad de Tlaxiaco,397,la-mixteca-397-69800
69800,Licenciado Adolfo López Mateos,Heroica Ciudad de Tlaxiaco,397,licenciado-adolfo-lopez-mateos-397-69800
69800,Quetzalcoatl,Heroica Ciudad de Tlaxiaco,397,quetzalcoatl-397-69800
69800,Heroica Ciudad de Tlaxiaco Centro,Heroica Ciudad de Tlaxiaco,397,heroica-ciudad-de-tlaxiaco-centro-397-69800
69800,Benito Juárez,Heroica Ciudad de Tlaxiaco,397,benito-juarez-397-69800
69800,Las Huertas,Heroica Ciudad de Tlaxiaco,397,las-huertas-397-69800
69800,Ita-luu,Heroica Ciudad de Tlaxiaco,397,ita-luu-397-69800
69800,Hermosa Provincia,Heroica Ciudad de Tlaxiaco,397,hermosa-provincia-397-69800
69800,Morelos,Heroica Ciudad de Tlaxiaco,397,morelos-397-69800
69800,Linda Vista,Heroica Ciudad de Tlaxiaco,397,linda-vista-397-69800
69800,La Cascada,Heroica Ciudad de Tlaxiaco,397,la-cascada-397-69800
69800,La Lobera,Heroica Ciudad de Tlaxiaco,397,la-lobera-397-69800
69800,Guadalupe,Heroica Ciudad de Tlaxiaco,397,guadalupe-397-69800
69800,Llano Yosovee,Heroica Ciudad de Tlaxiaco,397,llano-yosovee-397-69800
69800,El Capulín,Heroica Ciudad de Tlaxiaco,397,el-capulin-397-69800
69800,La Arboleda,Heroica Ciudad de Tlaxiaco,397,la-arboleda-397-69800
69800,San Pedro,Heroica Ciudad de Tlaxiaco,397,san-pedro-397-69800
69800,San Bartolo,Heroica Ciudad de Tlaxiaco,397,san-bartolo-397-69800
69800,San Diego,Heroica Ciudad de Tlaxiaco,397,san-diego-397-69800
69800,San Nicolás,Heroica Ciudad de Tlaxiaco,397,san-nicolas-397-69800
69800,San Sebastián,Heroica Ciudad de Tlaxiaco,397,san-sebastian-397-69800-2766
69800,Cruz Llorada,Heroica Ciudad de Tlaxiaco,397,cruz-llorada-397-69800
69800,La Ladrillera,Heroica Ciudad de Tlaxiaco,397,la-ladrillera-397-69800
69800,Loma de las Manzanas,Heroica Ciudad de Tlaxiaco,397,loma-de-las-manzanas-397-69800
69800,Emiliano Zapata,Heroica Ciudad de Tlaxiaco,397,emiliano-zapata-397-69800
69800,Oaxaca,Heroica Ciudad de Tlaxiaco,397,oaxaca-397-69800
69800,Manuel Gómez Martínez,Heroica Ciudad de Tlaxiaco,397,manuel-gomez-martinez-397-69800
69800,El Calvario,Heroica Ciudad de Tlaxiaco,397,el-calvario-397-69800
69800,Llano Yosovee 1ra. Sección,Heroica Ciudad de Tlaxiaco,397,llano-yosovee-1ra-seccion-397-69800
69800,La Fundidora,Heroica Ciudad de Tlaxiaco,397,la-fundidora-397-69800
69800,El Nuevo Milenio,Heroica Ciudad de Tlaxiaco,397,el-nuevo-milenio-397-69800
69800,La Rivera,Heroica Ciudad de Tlaxiaco,397,la-rivera-397-69800
69800,Del Valle,Heroica Ciudad de Tlaxiaco,397,del-valle-397-69800
69800,Jardines del Pedregal,Heroica Ciudad de Tlaxiaco,397,jardines-del-pedregal-397-69800
69800,San Miguel,Heroica Ciudad de Tlaxiaco,397,san-miguel-397-69800
69802,Loma Santa Rosa,Heroica Ciudad de Tlaxiaco,397,loma-santa-rosa-397-69802
69802,Río Delgado,Heroica Ciudad de Tlaxiaco,397,rio-delgado-397-69802
69802,Cañada María (Primera Sección),Heroica Ciudad de Tlaxiaco,397,canada-maria-primera-seccion-397-69802
69802,Tierra Azul,Heroica Ciudad de Tlaxiaco,397,tierra-azul-397-69802
69802,El Carrizal,Heroica Ciudad de Tlaxiaco,397,el-carrizal-397-69802
69802,El Vergel,Heroica Ciudad de Tlaxiaco,397,el-vergel-397-69802
69802,Santa María Cuquila,Heroica Ciudad de Tlaxiaco,397,santa-maria-cuquila-397-69802
69803,San Miguel Progreso,Heroica Ciudad de Tlaxiaco,397,san-miguel-progreso-397-69803
69804,La Unión,Heroica Ciudad de Tlaxiaco,397,la-union-397-69804
69804,Palo de Letra,Heroica Ciudad de Tlaxiaco,397,palo-de-letra-397-69804
69804,Ojo de Agua,Heroica Ciudad de Tlaxiaco,397,ojo-de-agua-397-69804
69805,Santo Domingo Huendio,Heroica Ciudad de Tlaxiaco,397,santo-domingo-huendio-397-69805
69805,Joya Grande,Heroica Ciudad de Tlaxiaco,397,joya-grande-397-69805
69805,Llano de Guadalupe,Heroica Ciudad de Tlaxiaco,397,llano-de-guadalupe-397-69805
69805,Nueva Reforma,Heroica Ciudad de Tlaxiaco,397,nueva-reforma-397-69805
69805,San Felipe Tindaco,Heroica Ciudad de Tlaxiaco,397,san-felipe-tindaco-397-69805
69806,San Pedro Llano Grande,Heroica Ciudad de Tlaxiaco,397,san-pedro-llano-grande-397-69806
69806,Cañada Candelaria,Heroica Ciudad de Tlaxiaco,397,canada-candelaria-397-69806
69806,Atayiki Cuquila,Heroica Ciudad de Tlaxiaco,397,atayiki-cuquila-397-69806
69806,Escandaba Cuquila,Heroica Ciudad de Tlaxiaco,397,escandaba-cuquila-397-69806
69806,San Juan del Río,Heroica Ciudad de Tlaxiaco,397,san-juan-del-rio-397-69806
69806,Tee Ujia Progreso,Heroica Ciudad de Tlaxiaco,397,tee-ujia-progreso-397-69806
69806,Los Ángeles,Heroica Ciudad de Tlaxiaco,397,los-angeles-397-69806
69806,Yosonduva,Heroica Ciudad de Tlaxiaco,397,yosonduva-397-69806
69806,Loma de Tigre Cuquila,Heroica Ciudad de Tlaxiaco,397,loma-de-tigre-cuquila-397-69806
69806,El Ojite,Heroica Ciudad de Tlaxiaco,397,el-ojite-397-69806
69806,Juan Escutia Juquila,Heroica Ciudad de Tlaxiaco,397,juan-escutia-juquila-397-69806
69806,Santa Lucrecia,Heroica Ciudad de Tlaxiaco,397,santa-lucrecia-397-69806
69806,Plan de Guadalupe,Heroica Ciudad de Tlaxiaco,397,plan-de-guadalupe-397-69806
69806,San Isidro Juquila,Heroica Ciudad de Tlaxiaco,397,san-isidro-juquila-397-69806
69806,Agua Zarca,Heroica Ciudad de Tlaxiaco,397,agua-zarca-397-69806
69806,Benito Juárez Cuquila,Heroica Ciudad de Tlaxiaco,397,benito-juarez-cuquila-397-69806
69806,Campo de Aviación,Heroica Ciudad de Tlaxiaco,397,campo-de-aviacion-397-69806
69806,Yucuhillo,Heroica Ciudad de Tlaxiaco,397,yucuhillo-397-69806
69806,Mexicalcingo de los Granados,Heroica Ciudad de Tlaxiaco,397,mexicalcingo-de-los-granados-397-69806
69807,Unión Hidalgo,San Juan Ñumí,210,union-hidalgo-210-69807
69807,Peña Colorada,San Juan Ñumí,210,pena-colorada-210-69807
69807,San Antonio Nduaxico,San Juan Ñumí,210,san-antonio-nduaxico-210-69807
69807,San Juan Ñumi,San Juan Ñumí,210,san-juan-numi-210-69807
69808,Guadalupe Mirasol Ñumí,San Juan Ñumí,210,guadalupe-mirasol-numi-210-69808
69808,San Isidro Ñumi,San Juan Ñumí,210,san-isidro-numi-210-69808
69808,Santo Domingo Yosoñama,San Juan Ñumí,210,santo-domingo-yosonama-210-69808
69809,Sabinillo,San Juan Ñumí,210,sabinillo-210-69809
69809,San José Ñumi,San Juan Ñumí,210,san-jose-numi-210-69809
69809,San Pedro Ñumi,San Juan Ñumí,210,san-pedro-numi-210-69809
69809,Santa Rosa Ñumi,San Juan Ñumí,210,santa-rosa-numi-210-69809
69809,Río San Juan,San Juan Ñumí,210,rio-san-juan-210-69809
69809,San Pedro Yosoñama,San Juan Ñumí,210,san-pedro-yosonama-210-69809
69809,Vistahermosa,San Juan Ñumí,210,vistahermosa-210-69809
69809,San Isidro Yosoñama,San Juan Ñumí,210,san-isidro-yosonama-210-69809
69809,Buenavista,San Juan Ñumí,210,buenavista-210-69809
69809,La Paz Yosoñama,San Juan Ñumí,210,la-paz-yosonama-210-69809
69810,San Pedro Mártir Yucuxaco,San Pedro Mártir Yucuxaco,317,san-pedro-martir-yucuxaco-317-69810
69811,Cañada María,San Pedro Mártir Yucuxaco,317,canada-maria-317-69811
69812,Guadalupe Hidalgo,San Pedro Mártir Yucuxaco,317,guadalupe-hidalgo-317-69812
69815,San Martín Huamelúlpam,San Martín Huamelúlpam,239,san-martin-huamelulpam-239-69815
69815,Morelos,San Martín Huamelúlpam,239,morelos-239-69815
69815,Progreso,San Martín Huamelúlpam,239,progreso-239-69815
69815,Sección Primera,San Martín Huamelúlpam,239,seccion-primera-239-69815
69815,Segunda Sección,San Martín Huamelúlpam,239,segunda-seccion-239-69815
69816,Guadalupe,San Martín Huamelúlpam,239,guadalupe-239-69816
69816,Reforma,San Martín Huamelúlpam,239,reforma-239-69816
69816,Tercera Sección,San Martín Huamelúlpam,239,tercera-seccion-239-69816
69817,Totonundoo,San Martín Huamelúlpam,239,totonundoo-239-69817
69817,Yucunu,San Martín Huamelúlpam,239,yucunu-239-69817
69818,Unión,San Martín Huamelúlpam,239,union-239-69818
69818,Independencia,San Martín Huamelúlpam,239,independencia-239-69818
69820,San José,Santa Cruz Tayata,383,san-jose-383-69820
69820,La Estancia,Santa Cruz Tayata,383,la-estancia-383-69820
69820,Santa Cruz Tayata,Santa Cruz Tayata,383,santa-cruz-tayata-383-69820
69824,Ignacio Allende,Santiago Nundiche,480,ignacio-allende-480-69824
69824,Santiago Nundiche,Santiago Nundiche,480,santiago-nundiche-480-69824
69825,Yosocohoyo,Santiago Nundiche,480,yosocohoyo-480-69825
69825,Dolores Hidalgo,Santiago Nundiche,480,dolores-hidalgo-480-69825
69825,Cañada Tierra Blanca,Santiago Nundiche,480,canada-tierra-blanca-480-69825
69825,Ignacio Zaragoza,Santiago Nundiche,480,ignacio-zaragoza-480-69825
69825,Morelos,Santiago Nundiche,480,morelos-480-69825
69826,Hidalgo,Santiago Nundiche,480,hidalgo-480-69826
69827,Santa María del Rosario,Santa María del Rosario,408,santa-maria-del-rosario-408-69827
69828,San Isidro el Rosario,Santa María del Rosario,408,san-isidro-el-rosario-408-69828
69830,San Juan Achiutla,San Juan Achiutla,172,san-juan-achiutla-172-69830
69834,Santa Catarina Tayata,Santa Catarina Tayata,370,santa-catarina-tayata-370-69834
69836,Cuauhtémoc Tayata,Santa Catarina Tayata,370,cuauhtemoc-tayata-370-69836
69837,Buenavista,San Cristóbal Amoltepec,127,buenavista-127-69837
69837,San Cristóbal Amoltepec,San Cristóbal Amoltepec,127,san-cristobal-amoltepec-127-69837
69838,Cabeza del Río,San Cristóbal Amoltepec,127,cabeza-del-rio-127-69838
69838,Unión y Progreso,San Cristóbal Amoltepec,127,union-y-progreso-127-69838
69840,San Miguel Achiutla,San Miguel Achiutla,258,san-miguel-achiutla-258-69840
69841,San Sebastián Atoyaquillo,San Miguel Achiutla,258,san-sebastian-atoyaquillo-258-69841
69845,La Reforma Itunyoso,San Martín Itunyoso,240,la-reforma-itunyoso-240-69845
69845,La Concepción,San Martín Itunyoso,240,la-concepcion-240-69845
69845,San Martín Itunyoso,San Martín Itunyoso,240,san-martin-itunyoso-240-69845
69846,San José Xochitlán,San Martín Itunyoso,240,san-jose-xochitlan-240-69846
69848,Santa Juanita,Magdalena Peñasco,050,santa-juanita-050-69848
69848,Pueblo Viejo,Magdalena Peñasco,050,pueblo-viejo-050-69848
69848,La Cumbre,Magdalena Peñasco,050,la-cumbre-050-69848
69848,Guadalupe Peñasco,Magdalena Peñasco,050,guadalupe-penasco-050-69848
69848,San Juan del Río,Magdalena Peñasco,050,san-juan-del-rio-050-69848
69848,Mirasol,Magdalena Peñasco,050,mirasol-050-69848
69848,Cuesta Blanca,Magdalena Peñasco,050,cuesta-blanca-050-69848
69848,Banco de Tierra,Magdalena Peñasco,050,banco-de-tierra-050-69848
69848,Magdalena Peñasco,Magdalena Peñasco,050,magdalena-penasco-050-69848
69848,San Isidro Peñasco,Magdalena Peñasco,050,san-isidro-penasco-050-69848
69848,Yosocahua,Magdalena Peñasco,050,yosocahua-050-69848
69848,Ignacio Zaragoza,Magdalena Peñasco,050,ignacio-zaragoza-050-69848
69848,Cabacúa,Magdalena Peñasco,050,cabacua-050-69848
69850,San Bartolomé Yucuañe,San Bartolomé Yucuañe,119,san-bartolome-yucuane-119-69850
69855,Ojo de Agua,Santa Cruz Nundaco,379,ojo-de-agua-379-69855
69855,San Isidro Vista Hermosa,Santa Cruz Nundaco,379,san-isidro-vista-hermosa-379-69855
69855,Santa Cruz Nundaco,Santa Cruz Nundaco,379,santa-cruz-nundaco-379-69855
69859,San José Yatandoyo,Santa Cruz Nundaco,379,san-jose-yatandoyo-379-69859
69859,Loma Ñuhucua,Santa Cruz Nundaco,379,loma-nuhucua-379-69859
69860,San Agustín Tlacotepec,San Agustín Tlacotepec,086,san-agustin-tlacotepec-086-69860
69860,Loma Yosocutee,San Agustín Tlacotepec,086,loma-yosocutee-086-69860
69860,Ndicayuco,San Agustín Tlacotepec,086,ndicayuco-086-69860
69860,Yundi,San Agustín Tlacotepec,086,yundi-086-69860
69862,Totojá,San Agustín Tlacotepec,086,totoja-086-69862
69862,Nduyahillo,San Agustín Tlacotepec,086,nduyahillo-086-69862
69862,La Junta del Río,San Agustín Tlacotepec,086,la-junta-del-rio-086-69862
69862,Buena Vista,San Agustín Tlacotepec,086,buena-vista-086-69862
69862,Yuyacua,San Agustín Tlacotepec,086,yuyacua-086-69862
69863,Tixi,San Agustín Tlacotepec,086,tixi-086-69863
69864,San José Yosojica,San Agustín Tlacotepec,086,san-jose-yosojica-086-69864
69865,Santo Tomas Ocotepec,Santo Tomás Ocotepec,532,santo-tomas-ocotepec-532-69865
69866,Nunuma,Santo Tomás Ocotepec,532,nunuma-532-69866
69866,Plan Alemán,Santo Tomás Ocotepec,532,plan-aleman-532-69866
69866,Benito Juárez,Santo Tomás Ocotepec,532,benito-juarez-532-69866
69866,Lázaro Cárdenas,Santo Tomás Ocotepec,532,lazaro-cardenas-532-69866
69867,19 de Abril,Santo Tomás Ocotepec,532,19-de-abril-532-69867
69867,Francisco Villa,Santo Tomás Ocotepec,532,francisco-villa-532-69867
69867,Emiliano Zapata,Santo Tomás Ocotepec,532,emiliano-zapata-532-69867
69867,Morelos,Santo Tomás Ocotepec,532,morelos-532-69867
69867,Francisco I. Madero,Santo Tomás Ocotepec,532,francisco-i-madero-532-69867
69867,Genaro V. Vásquez,Santo Tomás Ocotepec,532,genaro-v-vasquez-532-69867
69867,Miguel Hidalgo,Santo Tomás Ocotepec,532,miguel-hidalgo-532-69867
69868,Emilio Portes Gil,Santo Tomás Ocotepec,532,emilio-portes-gil-532-69868
69868,Laguna Amarilla,Santo Tomás Ocotepec,532,laguna-amarilla-532-69868
69868,Yuyucu,Santo Tomás Ocotepec,532,yuyucu-532-69868
69870,San Isidro Siniyuco,San Antonio Sinicahua,110,san-isidro-siniyuco-110-69870
69870,San José,San Antonio Sinicahua,110,san-jose-110-69870
69870,San Antonio Sinicahua,San Antonio Sinicahua,110,san-antonio-sinicahua-110-69870
69873,La Unión,San Antonio Sinicahua,110,la-union-110-69873
69873,Buenavista,San Antonio Sinicahua,110,buenavista-110-69873
69873,Santa Cruz,San Antonio Sinicahua,110,santa-cruz-110-69873
69874,Jayucunino,San Antonio Sinicahua,110,jayucunino-110-69874
69874,Loma de Juárez,San Antonio Sinicahua,110,loma-de-juarez-110-69874
69875,San Mateo Peñasco,San Mateo Peñasco,252,san-mateo-penasco-252-69875
69875,San Pedro el Alto,San Mateo Peñasco,252,san-pedro-el-alto-252-69875
69880,Santa María Tataltepec,Santa María Tataltepec,430,santa-maria-tataltepec-430-69880
69885,San Pedro Molinos,San Pedro Molinos,320,san-pedro-molinos-320-69885
69890,Santa María Yosoyua,Santa María Yosoyúa,445,santa-maria-yosoyua-445-69890
69891,Santa Cruz,Santa María Yosoyúa,445,santa-cruz-445-69891
69891,Buenavista,Santa María Yosoyúa,445,buenavista-445-69891
69891,Guadalupe,Santa María Yosoyúa,445,guadalupe-445-69891
69895,San Juan Teita,San Juan Teita,218,san-juan-teita-218-69895
69900,El Nogal,Magdalena Jaltepec,046,el-nogal-046-69900
69900,Magdalena Jaltepec,Magdalena Jaltepec,046,magdalena-jaltepec-046-69900
69901,Santiago Buenavista,Magdalena Jaltepec,046,santiago-buenavista-046-69901
69901,Hidalgo,Magdalena Jaltepec,046,hidalgo-046-69901
69902,La Unión,Magdalena Jaltepec,046,la-union-046-69902
69903,Santa Cruz Mitlatongo,Magdalena Jaltepec,046,santa-cruz-mitlatongo-046-69903
69907,San Miguel,Magdalena Jaltepec,046,san-miguel-046-69907
69908,Morelos,Magdalena Jaltepec,046,morelos-046-69908
69909,El Venado,Magdalena Jaltepec,046,el-venado-046-69909
69910,Magdalena Yodocono de Porfirio Díaz,Magdalena Yodocono de Porfirio Díaz,562,magdalena-yodocono-de-porfirio-diaz-562-69910
69912,Santa Cruz Yodocono,Magdalena Yodocono de Porfirio Díaz,562,santa-cruz-yodocono-562-69912
69912,La Unión,Magdalena Yodocono de Porfirio Díaz,562,la-union-562-69912
69915,San Miguel Tecomatlán,San Miguel Tecomatlán,281,san-miguel-tecomatlan-281-69915
69920,Magdalena Zahuatlán,Magdalena Zahuatlán,054,magdalena-zahuatlan-054-69920
69925,San Francisco Nuxaño,San Francisco Nuxaño,147,san-francisco-nuxano-147-69925
69930,San Pedro Tidaá,San Pedro Tidaá,331,san-pedro-tidaa-331-69930
69935,La Loma,San Francisco Jaltepetongo,144,la-loma-144-69935
69935,San Francisco Jaltepetongo,San Francisco Jaltepetongo,144,san-francisco-jaltepetongo-144-69935
69936,El Llano,San Francisco Jaltepetongo,144,el-llano-144-69936
69936,El Tialle,San Francisco Jaltepetongo,144,el-tialle-144-69936
69936,Yuxaño,San Francisco Jaltepetongo,144,yuxano-144-69936
69937,San Isidro Jaltepetongo,San Francisco Jaltepetongo,144,san-isidro-jaltepetongo-144-69937
69940,Santiago Tilantongo,Santiago Tilantongo,492,santiago-tilantongo-492-69940
69940,El Socorro,Santiago Tilantongo,492,el-socorro-492-69940
69940,Yuuku-Yaquuz,Santiago Tilantongo,492,yuuku-yaquuz-492-69940
69940,Nuhduu,Santiago Tilantongo,492,nuhduu-492-69940
69940,El Carmen,Santiago Tilantongo,492,el-carmen-492-69940
69943,San José Tres Lagunas,Santiago Tilantongo,492,san-jose-tres-lagunas-492-69943
69943,Zaragoza,Santiago Tilantongo,492,zaragoza-492-69943
69943,La Labor,Santiago Tilantongo,492,la-labor-492-69943
69943,San Isidro,Santiago Tilantongo,492,san-isidro-492-69943
69943,La Providencia,Santiago Tilantongo,492,la-providencia-492-69943
69943,San Antonio,Santiago Tilantongo,492,san-antonio-492-69943
69943,Buenavista,Santiago Tilantongo,492,buenavista-492-69943
69943,El Progreso,Santiago Tilantongo,492,el-progreso-492-69943
69944,San Martín de las Palmas,Santiago Tilantongo,492,san-martin-de-las-palmas-492-69944
69944,Guadalupe Hidalgo,Santiago Tilantongo,492,guadalupe-hidalgo-492-69944
69944,El Carrizal,Santiago Tilantongo,492,el-carrizal-492-69944
69944,La Paz,Santiago Tilantongo,492,la-paz-492-69944
69945,Las Flores Tilantongo,Santiago Tilantongo,492,las-flores-tilantongo-492-69945
69945,Laguna Grande Tilantongo,Santiago Tilantongo,492,laguna-grande-tilantongo-492-69945
69945,General Vicente Guerrero,Santiago Tilantongo,492,general-vicente-guerrero-492-69945
69945,Narciso Mendoza,Santiago Tilantongo,492,narciso-mendoza-492-69945
69945,Galeana,Santiago Tilantongo,492,galeana-492-69945
69945,Monte Negro,Santiago Tilantongo,492,monte-negro-492-69945
69946,San Juan Diuxi,San Juan Diuxi,195,san-juan-diuxi-195-69946
69950,Monte Frío,San Andrés Nuxiño,094,monte-frio-094-69950
69950,La Joya,San Andrés Nuxiño,094,la-joya-094-69950
69950,El Capijul la Partida,San Andrés Nuxiño,094,el-capijul-la-partida-094-69950
69953,Cerro de Lobo (Chimedia),San Andrés Nuxiño,094,cerro-de-lobo-chimedia-094-69953
69953,Río Seco,San Andrés Nuxiño,094,rio-seco-094-69953
69953,Río Yutanume,San Andrés Nuxiño,094,rio-yutanume-094-69953
69953,San Andrés Nuxiño,San Andrés Nuxiño,094,san-andres-nuxino-094-69953
69954,Linda Vista Herradura,San Andrés Nuxiño,094,linda-vista-herradura-094-69954
69955,San Isidro Trementina,San Juan Tamazola,217,san-isidro-trementina-217-69955
69955,Monte Frío,San Juan Tamazola,217,monte-frio-217-69955
69955,Llano del Par,San Juan Tamazola,217,llano-del-par-217-69955
69955,San Juan Monte Flor,San Juan Tamazola,217,san-juan-monte-flor-217-69955
69955,San Juan Yuta,San Juan Tamazola,217,san-juan-yuta-217-69955
69955,Llano de la Canoa,San Juan Tamazola,217,llano-de-la-canoa-217-69955
69957,San José,San Juan Tamazola,217,san-jose-217-69957
69957,San Juan Tamazola,San Juan Tamazola,217,san-juan-tamazola-217-69957
69958,Yucuxina,San Juan Tamazola,217,yucuxina-217-69958
69960,El Porvenir,Santo Domingo Nuxaá,511,el-porvenir-511-69960
69960,El Sabinal,Santo Domingo Nuxaá,511,el-sabinal-511-69960
69960,Loma de Conejo,Santo Domingo Nuxaá,511,loma-de-conejo-511-69960
69960,Santo Domingo Nuxaa,Santo Domingo Nuxaá,511,santo-domingo-nuxaa-511-69960
69962,Cerro Machín,Santo Domingo Nuxaá,511,cerro-machin-511-69962
69962,Cañada de Flor,Santo Domingo Nuxaá,511,canada-de-flor-511-69962
69963,La Muralla,Santo Domingo Nuxaá,511,la-muralla-511-69963
69963,Ojo de Agua,Santo Domingo Nuxaá,511,ojo-de-agua-511-69963
69964,Llano de Ayuca,Santo Domingo Nuxaá,511,llano-de-ayuca-511-69964
69964,Río Comal,Santo Domingo Nuxaá,511,rio-comal-511-69964
69965,Río Plaza,Santo Domingo Nuxaá,511,rio-plaza-511-69965
69966,Piedra de Cal,Santo Domingo Nuxaá,511,piedra-de-cal-511-69966
69966,El Oro,Santo Domingo Nuxaá,511,el-oro-511-69966
69970,Yutanduchi de Guerrero,Yutanduchi de Guerrero,564,yutanduchi-de-guerrero-564-69970
69980,San Pedro Teozacoalco,San Pedro Teozacoalco,329,san-pedro-teozacoalco-329-69980
69982,San Isidro,San Pedro Teozacoalco,329,san-isidro-329-69982
69983,San José Río Minas,San Pedro Teozacoalco,329,san-jose-rio-minas-329-69983
69983,San Antonio el Progreso,San Pedro Teozacoalco,329,san-antonio-el-progreso-329-69983
69990,Guadalupe Victoria,San Miguel Piedras,274,guadalupe-victoria-274-69990
69990,San Miguel Piedras,San Miguel Piedras,274,san-miguel-piedras-274-69990
69991,Chidogo,San Miguel Piedras,274,chidogo-274-69991
69995,San Mateo Sindihui,San Mateo Sindihui,255,san-mateo-sindihui-255-69995
70000,Guadalupe,Juchitán de Zaragoza,043,guadalupe-043-70000
70000,Santa Clara,Juchitán de Zaragoza,043,santa-clara-043-70000
70000,San Pedro,Juchitán de Zaragoza,043,san-pedro-043-70000
70000,Adolfo C. Gurrión,Juchitán de Zaragoza,043,adolfo-c-gurrion-043-70000
70000,Ivo,Juchitán de Zaragoza,043,ivo-043-70000
70000,INFONAVIT Zapandu,Juchitán de Zaragoza,043,infonavit-zapandu-043-70000
70000,Juchitán Centro,Juchitán de Zaragoza,043,juchitan-centro-043-70000
70000,Felipe Pescador,Juchitán de Zaragoza,043,felipe-pescador-043-70000
70000,2a Sección,Juchitán de Zaragoza,043,2a-seccion-043-70000
70000,1a Sección,Juchitán de Zaragoza,043,1a-seccion-043-70000
70010,Cristóbal Colón,Juchitán de Zaragoza,043,cristobal-colon-043-70010
70010,Guadalupe Norte,Juchitán de Zaragoza,043,guadalupe-norte-043-70010
70010,Luis Donaldo Colosio,Juchitán de Zaragoza,043,luis-donaldo-colosio-043-70010
70013,Tierra y Libertad,Juchitán de Zaragoza,043,tierra-y-libertad-043-70013
70013,14 de Diciembre,Juchitán de Zaragoza,043,14-de-diciembre-043-70013
70013,El Ángel,Juchitán de Zaragoza,043,el-angel-043-70013
70013,Chapultepec,Juchitán de Zaragoza,043,chapultepec-043-70013
70013,Héroes Juchitecos,Juchitán de Zaragoza,043,heroes-juchitecos-043-70013
70013,28 de Enero,Juchitán de Zaragoza,043,28-de-enero-043-70013
70013,Angelita,Juchitán de Zaragoza,043,angelita-043-70013
70013,Eliseo Martínez Bello,Juchitán de Zaragoza,043,eliseo-martinez-bello-043-70013
70013,Los Pinos,Juchitán de Zaragoza,043,los-pinos-043-70013
70013,Mártires 31 de Julio,Juchitán de Zaragoza,043,martires-31-de-julio-043-70013
70013,Heliodoro Charis Castro,Juchitán de Zaragoza,043,heliodoro-charis-castro-043-70013
70013,5 de Febrero,Juchitán de Zaragoza,043,5-de-febrero-043-70013
70013,5 de Septiembre,Juchitán de Zaragoza,043,5-de-septiembre-043-70013
70013,Los Olivos,Juchitán de Zaragoza,043,los-olivos-043-70013
70013,25 de Mayo,Juchitán de Zaragoza,043,25-de-mayo-043-70013
70013,Los Alcatraces,Juchitán de Zaragoza,043,los-alcatraces-043-70013
70014,San Vicente Goola,Juchitán de Zaragoza,043,san-vicente-goola-043-70014
70014,Periférico Norte,Juchitán de Zaragoza,043,periferico-norte-043-70014
70014,La Planta,Juchitán de Zaragoza,043,la-planta-043-70014
70014,Gustavo Pineda,Juchitán de Zaragoza,043,gustavo-pineda-043-70014
70014,Heliodoro Vallejo Santander,Juchitán de Zaragoza,043,heliodoro-vallejo-santander-043-70014
70014,Magisterio Democrático,Juchitán de Zaragoza,043,magisterio-democratico-043-70014
70014,22 de Febrero,Juchitán de Zaragoza,043,22-de-febrero-043-70014
70014,Virgen de Guadalupe,Juchitán de Zaragoza,043,virgen-de-guadalupe-043-70014
70014,INFONAVIT Magisterial,Juchitán de Zaragoza,043,infonavit-magisterial-043-70014
70014,Lindavista,Juchitán de Zaragoza,043,lindavista-043-70014
70014,5 de Febrero,Juchitán de Zaragoza,043,5-de-febrero-043-70014
70015,La Joya,Juchitán de Zaragoza,043,la-joya-043-70015
70015,Jardín,Juchitán de Zaragoza,043,jardin-043-70015
70015,Monte de Dios,Juchitán de Zaragoza,043,monte-de-dios-043-70015
70020,Campesina,Juchitán de Zaragoza,043,campesina-043-70020
70020,6a Sección,Juchitán de Zaragoza,043,6a-seccion-043-70020
70020,7a Sección,Juchitán de Zaragoza,043,7a-seccion-043-70020
70020,5a Sección,Juchitán de Zaragoza,043,5a-seccion-043-70020
70020,San Vicente,Juchitán de Zaragoza,043,san-vicente-043-70020
70020,4a Sección,Juchitán de Zaragoza,043,4a-seccion-043-70020
70020,3a Sección,Juchitán de Zaragoza,043,3a-seccion-043-70020
70023,Santa Cruz de los Pescadores,Juchitán de Zaragoza,043,santa-cruz-de-los-pescadores-043-70023
70023,Rancho Tierra y Libertad,Juchitán de Zaragoza,043,rancho-tierra-y-libertad-043-70023
70023,5 de Septiembre,Juchitán de Zaragoza,043,5-de-septiembre-043-70023
70023,6 de Noviembre,Juchitán de Zaragoza,043,6-de-noviembre-043-70023
70023,17 de Julio,Juchitán de Zaragoza,043,17-de-julio-043-70023
70023,Tamarindo,Juchitán de Zaragoza,043,tamarindo-043-70023
70023,Lorenza Santiago Esteva,Juchitán de Zaragoza,043,lorenza-santiago-esteva-043-70023
70023,103,Juchitán de Zaragoza,043,103-043-70023
70023,16 de Septiembre,Juchitán de Zaragoza,043,16-de-septiembre-043-70023
70023,15 de Agosto,Juchitán de Zaragoza,043,15-de-agosto-043-70023
70024,Año de Juárez,Juchitán de Zaragoza,043,ano-de-juarez-043-70024
70024,General Heliodoro Charis Castro,Juchitán de Zaragoza,043,general-heliodoro-charis-castro-043-70024
70024,Playa Vicente,Juchitán de Zaragoza,043,playa-vicente-043-70024
70030,La Gloria,Juchitán de Zaragoza,043,la-gloria-043-70030
70030,La Esperanza,Juchitán de Zaragoza,043,la-esperanza-043-70030
70030,9a Sección,Juchitán de Zaragoza,043,9a-seccion-043-70030
70030,7 de Marzo,Juchitán de Zaragoza,043,7-de-marzo-043-70030
70030,Juquilita,Juchitán de Zaragoza,043,juquilita-043-70030
70033,10 de Mayo,Juchitán de Zaragoza,043,10-de-mayo-043-70033
70033,San Vicente Sur,Juchitán de Zaragoza,043,san-vicente-sur-043-70033
70033,Emiliano Zapata,Juchitán de Zaragoza,043,emiliano-zapata-043-70033
70034,Mariano Montero,Juchitán de Zaragoza,043,mariano-montero-043-70034
70034,La Amistad,Juchitán de Zaragoza,043,la-amistad-043-70034
70034,7 de Septiembre,Juchitán de Zaragoza,043,7-de-septiembre-043-70034
70034,José Yola,Juchitán de Zaragoza,043,jose-yola-043-70034
70040,Progreso,Juchitán de Zaragoza,043,progreso-043-70040
70040,Rodrigo Carrasco,Juchitán de Zaragoza,043,rodrigo-carrasco-043-70040
70040,8va. Sección,Juchitán de Zaragoza,043,8va-seccion-043-70040
70040,Enrique Liekens,Juchitán de Zaragoza,043,enrique-liekens-043-70040
70043,Mudubina,Juchitán de Zaragoza,043,mudubina-043-70043
70043,Bini Ra Ñaa,Juchitán de Zaragoza,043,bini-ra-naa-043-70043
70043,San Fernando,Juchitán de Zaragoza,043,san-fernando-043-70043
70044,19 de Mayo FOVISSSTE,Juchitán de Zaragoza,043,19-de-mayo-fovissste-043-70044
70044,Las Brisas,Juchitán de Zaragoza,043,las-brisas-043-70044
70044,Las Flores,Juchitán de Zaragoza,043,las-flores-043-70044
70044,8 de Octubre Sur,Juchitán de Zaragoza,043,8-de-octubre-sur-043-70044
70044,Estagaabeñee,Juchitán de Zaragoza,043,estagaabenee-043-70044
70045,Los Fresnos,Juchitán de Zaragoza,043,los-fresnos-043-70045
70045,15 de Septiembre,Juchitán de Zaragoza,043,15-de-septiembre-043-70045
70045,Héroes de Chapultepec,Juchitán de Zaragoza,043,heroes-de-chapultepec-043-70045
70045,Victor Yodo,Juchitán de Zaragoza,043,victor-yodo-043-70045
70046,Saul Martínez,Juchitán de Zaragoza,043,saul-martinez-043-70046
70046,Binu Gada,Juchitán de Zaragoza,043,binu-gada-043-70046
70046,11 de Septiembre,Juchitán de Zaragoza,043,11-de-septiembre-043-70046
70046,Fidel Peña,Juchitán de Zaragoza,043,fidel-pena-043-70046
70046,19 de Marzo (San José),Juchitán de Zaragoza,043,19-de-marzo-san-jose-043-70046
70050,Impregnadora de Madera,Juchitán de Zaragoza,043,impregnadora-de-madera-043-70050
70050,La Reforma,Juchitán de Zaragoza,043,la-reforma-043-70050
70050,Zona Industrial,Juchitán de Zaragoza,043,zona-industrial-043-70050
70050,La Riviera,Juchitán de Zaragoza,043,la-riviera-043-70050
70050,Santo Domingo,Juchitán de Zaragoza,043,santo-domingo-043-70050
70053,El Diamante,Juchitán de Zaragoza,043,el-diamante-043-70053
70054,Bethel,Juchitán de Zaragoza,043,bethel-043-70054
70054,José Gregorio Meléndez,Juchitán de Zaragoza,043,jose-gregorio-melendez-043-70054
70054,Benito Juárez,Juchitán de Zaragoza,043,benito-juarez-043-70054
70054,Lucio Cabañas,Juchitán de Zaragoza,043,lucio-cabanas-043-70054
70054,Guie Chachi,Juchitán de Zaragoza,043,guie-chachi-043-70054
70054,Arboledas,Juchitán de Zaragoza,043,arboledas-043-70054
70055,5 de Abril,Juchitán de Zaragoza,043,5-de-abril-043-70055
70055,Carlos Sánchez,Juchitán de Zaragoza,043,carlos-sanchez-043-70055
70100,Chicapa de Castro,Juchitán de Zaragoza,043,chicapa-de-castro-043-70100
70102,La Ventosa,Juchitán de Zaragoza,043,la-ventosa-043-70102
70103,Emiliano Zapata,Juchitán de Zaragoza,043,emiliano-zapata-043-70103
70103,Álvaro Obregón,Juchitán de Zaragoza,043,alvaro-obregon-043-70103
70103,Charis,Juchitán de Zaragoza,043,charis-043-70103
70104,La Venta,Juchitán de Zaragoza,043,la-venta-043-70104
70105,Santa Fe,Juchitán de Zaragoza,043,santa-fe-043-70105
70109,Santa María del Mar,Juchitán de Zaragoza,043,santa-maria-del-mar-043-70109
70110,Niza Luba,Ciudad Ixtepec,014,niza-luba-014-70110
70110,5 de Febrero,Ciudad Ixtepec,014,5-de-febrero-014-70110
70110,La Candelaria,Ciudad Ixtepec,014,la-candelaria-014-70110
70110,Campestre Llano Blanco,Ciudad Ixtepec,014,campestre-llano-blanco-014-70110
70110,Imperio Jeromeño,Ciudad Ixtepec,014,imperio-jeromeno-014-70110
70110,Rancho Nuevo,Ciudad Ixtepec,014,rancho-nuevo-014-70110
70110,Loma Bonita,Ciudad Ixtepec,014,loma-bonita-014-70110
70110,Cheguigo Juárez Quinta Sección,Ciudad Ixtepec,014,cheguigo-juarez-quinta-seccion-014-70110
70110,Benito Juárez,Ciudad Ixtepec,014,benito-juarez-014-70110
70110,Emiliano Zapata,Ciudad Ixtepec,014,emiliano-zapata-014-70110
70110,Estación,Ciudad Ixtepec,014,estacion-014-70110
70110,Moderna,Ciudad Ixtepec,014,moderna-014-70110
70110,Picacho Norte,Ciudad Ixtepec,014,picacho-norte-014-70110
70110,San Jerónimo,Ciudad Ixtepec,014,san-jeronimo-014-70110
70110,Zona Residencial Militar,Ciudad Ixtepec,014,zona-residencial-militar-014-70110
70110,Brena Torres,Ciudad Ixtepec,014,brena-torres-014-70110
70110,Ciudad Ixtepec Centro,Ciudad Ixtepec,014,ciudad-ixtepec-centro-014-70110
70110,INFONAVIT,Ciudad Ixtepec,014,infonavit-014-70110
70110,La Soledad,Ciudad Ixtepec,014,la-soledad-014-70110
70110,Benito Juárez,Ciudad Ixtepec,014,benito-juarez-014-70110-3158
70110,Nueva Esperanza,Ciudad Ixtepec,014,nueva-esperanza-014-70110
70110,Raymundo Meléndez,Ciudad Ixtepec,014,raymundo-melendez-014-70110
70110,San Antonio,Ciudad Ixtepec,014,san-antonio-014-70110
70110,Tepalcates,Ciudad Ixtepec,014,tepalcates-014-70110
70110,Tito Enríquez,Ciudad Ixtepec,014,tito-enriquez-014-70110
70110,Sección 1ra.,Ciudad Ixtepec,014,seccion-1ra-014-70110
70110,Sección 2da.,Ciudad Ixtepec,014,seccion-2da-014-70110
70110,Sección 3ra.,Ciudad Ixtepec,014,seccion-3ra-014-70110
70110,Sección 4ta.,Ciudad Ixtepec,014,seccion-4ta-014-70110
70110,Sección 6ta.,Ciudad Ixtepec,014,seccion-6ta-014-70110
70110,Alejandro Cruz Martínez,Ciudad Ixtepec,014,alejandro-cruz-martinez-014-70110
70110,Facundo Zarate,Ciudad Ixtepec,014,facundo-zarate-014-70110
70110,Los Laureles,Ciudad Ixtepec,014,los-laureles-014-70110
70110,De los Doctores,Ciudad Ixtepec,014,de-los-doctores-014-70110
70110,Picacho Sur,Ciudad Ixtepec,014,picacho-sur-014-70110
70110,Los Pinos,Ciudad Ixtepec,014,los-pinos-014-70110
70110,Heberto Castillo,Ciudad Ixtepec,014,heberto-castillo-014-70110
70110,Bini Ni Rusidi,Ciudad Ixtepec,014,bini-ni-rusidi-014-70110
70110,Rubén Valencia,Ciudad Ixtepec,014,ruben-valencia-014-70110
70110,San José,Ciudad Ixtepec,014,san-jose-014-70110
70110,Nuevo Amanecer,Ciudad Ixtepec,014,nuevo-amanecer-014-70110
70113,La Huana Milpería,Ciudad Ixtepec,014,la-huana-milperia-014-70113
70115,El Zapote,Ciudad Ixtepec,014,el-zapote-014-70115
70117,Primera Sección,El Espinal,030,primera-seccion-030-70117
70117,El Espinal,El Espinal,030,el-espinal-030-70117
70117,Revolución,El Espinal,030,revolucion-030-70117
70117,Tercera Sección,El Espinal,030,tercera-seccion-030-70117
70117,Segunda Sección,El Espinal,030,segunda-seccion-030-70117
70120,Ventero,Santo Domingo Ingenio,505,ventero-505-70120
70120,Santo Domingo Ingenio,Santo Domingo Ingenio,505,santo-domingo-ingenio-505-70120
70120,Carnero,Santo Domingo Ingenio,505,carnero-505-70120
70121,La Blanca,Santo Domingo Ingenio,505,la-blanca-505-70121
70121,La Chapopa,Santo Domingo Ingenio,505,la-chapopa-505-70121
70124,Cerro Iguana,Santo Domingo Ingenio,505,cerro-iguana-505-70124
70124,Cazadero,Santo Domingo Ingenio,505,cazadero-505-70124
70124,Palo Blanco,Santo Domingo Ingenio,505,palo-blanco-505-70124
70125,10 de Mayo,Santa María Xadani,441,10-de-mayo-441-70125
70125,Los Martínez,Santa María Xadani,441,los-martinez-441-70125
70125,Santa María Xadani,Santa María Xadani,441,santa-maria-xadani-441-70125
70125,Segunda Sección,Santa María Xadani,441,segunda-seccion-441-70125
70130,Santiago Niltepec,Santiago Niltepec,066,santiago-niltepec-066-70130
70130,Cuarta Sección,Santiago Niltepec,066,cuarta-seccion-066-70130
70133,Cazadero de Arriba,Santiago Niltepec,066,cazadero-de-arriba-066-70133
70133,Cazadero Abajo,Santiago Niltepec,066,cazadero-abajo-066-70133
70133,Guadalupe,Santiago Niltepec,066,guadalupe-066-70133
70133,La Guadalupe,Santiago Niltepec,066,la-guadalupe-066-70133
70135,El Zopilote (Teotepec),Santiago Niltepec,066,el-zopilote-teotepec-066-70135
70135,Las Petacas,Santiago Niltepec,066,las-petacas-066-70135
70135,El Huamul,Santiago Niltepec,066,el-huamul-066-70135
70135,Laguna de Hojas,Santiago Niltepec,066,laguna-de-hojas-066-70135
70136,Santo Domingo,Santiago Niltepec,066,santo-domingo-066-70136
70137,San Dionisio del Mar,San Dionisio del Mar,130,san-dionisio-del-mar-130-70137
70138,Huamúchil,San Dionisio del Mar,130,huamuchil-130-70138
70138,San Dionisio Pueblo Viejo,San Dionisio del Mar,130,san-dionisio-pueblo-viejo-130-70138
70140,1era. Sección,Asunción Ixtaltepec,005,1era-seccion-005-70140
70140,Tercera Sección,Asunción Ixtaltepec,005,tercera-seccion-005-70140
70140,Segunda Sección,Asunción Ixtaltepec,005,segunda-seccion-005-70140
70140,Sexta Sección,Asunción Ixtaltepec,005,sexta-seccion-005-70140
70140,Barranca Colorada,Asunción Ixtaltepec,005,barranca-colorada-005-70140
70140,La Deportiva,Asunción Ixtaltepec,005,la-deportiva-005-70140
70140,Santa Cruz,Asunción Ixtaltepec,005,santa-cruz-005-70140
70140,Asunción Ixtaltepec Centro,Asunción Ixtaltepec,005,asuncion-ixtaltepec-centro-005-70140
70140,Quinta Sección,Asunción Ixtaltepec,005,quinta-seccion-005-70140
70140,Cuarta Sección,Asunción Ixtaltepec,005,cuarta-seccion-005-70140
70141,El Morrito,Asunción Ixtaltepec,005,el-morrito-005-70141
70141,Santa Rosa,Asunción Ixtaltepec,005,santa-rosa-005-70141
70141,Chivela,Asunción Ixtaltepec,005,chivela-005-70141
70141,Cieneguilla,Asunción Ixtaltepec,005,cieneguilla-005-70141
70142,La Cueva,Asunción Ixtaltepec,005,la-cueva-005-70142
70142,Mazahua,Asunción Ixtaltepec,005,mazahua-005-70142
70142,Mena,Asunción Ixtaltepec,005,mena-005-70142
70142,Aguas Calientes la Mata,Asunción Ixtaltepec,005,aguas-calientes-la-mata-005-70142
70143,Chivixhuyo,Asunción Ixtaltepec,005,chivixhuyo-005-70143
70144,Sitio de las Flores,Asunción Ixtaltepec,005,sitio-de-las-flores-005-70144
70144,El Mezquite,Asunción Ixtaltepec,005,el-mezquite-005-70144
70144,Santiago Ixtaltepec,Asunción Ixtaltepec,005,santiago-ixtaltepec-005-70144
70145,Lázaro Cárdenas,Asunción Ixtaltepec,005,lazaro-cardenas-005-70145
70146,Puerto Estero,San Francisco del Mar,141,puerto-estero-141-70146
70146,San Francisco del Mar Pueblo Viejo,San Francisco del Mar,141,san-francisco-del-mar-pueblo-viejo-141-70146
70146,San Francisco del Mar,San Francisco del Mar,141,san-francisco-del-mar-141-70146
70147,Puerto Grande,San Francisco del Mar,141,puerto-grande-141-70147
70147,Santa Rita,San Francisco del Mar,141,santa-rita-141-70147
70148,Santa Cruz,San Francisco del Mar,141,santa-cruz-141-70148
70150,Unión Hidalgo Centro,Unión Hidalgo,557,union-hidalgo-centro-557-70150
70150,Pescador,Unión Hidalgo,557,pescador-557-70150
70150,Venteño,Unión Hidalgo,557,venteno-557-70150
70150,Lázaro Cárdenas,Unión Hidalgo,557,lazaro-cardenas-557-70150
70150,Arenas,Unión Hidalgo,557,arenas-557-70150
70150,Palmero,Unión Hidalgo,557,palmero-557-70150
70150,Pasión Blanca,Unión Hidalgo,557,pasion-blanca-557-70150
70150,1ra. Sección,Unión Hidalgo,557,1ra-seccion-557-70150
70150,San Isidro,Unión Hidalgo,557,san-isidro-557-70150
70153,Santa Cecilia,Unión Hidalgo,557,santa-cecilia-557-70153
70155,San Miguel Chimalapa,San Miguel Chimalapa,265,san-miguel-chimalapa-265-70155
70156,Cuauhtémoc Guadalupe,San Miguel Chimalapa,265,cuauhtemoc-guadalupe-265-70156
70156,Las Conchas,San Miguel Chimalapa,265,las-conchas-265-70156
70156,Los Limones,San Miguel Chimalapa,265,los-limones-265-70156
70157,Rodulfo Figueroa,San Miguel Chimalapa,265,rodulfo-figueroa-265-70157
70157,Ramón Escobar Balboa,San Miguel Chimalapa,265,ramon-escobar-balboa-265-70157
70157,El Porvenir,San Miguel Chimalapa,265,el-porvenir-265-70157
70157,Vista Hermosa,San Miguel Chimalapa,265,vista-hermosa-265-70157
70157,Gustavo Díaz Ordaz,San Miguel Chimalapa,265,gustavo-diaz-ordaz-265-70157
70157,Las Anonas,San Miguel Chimalapa,265,las-anonas-265-70157
70157,Benito Juárez (El Trébol),San Miguel Chimalapa,265,benito-juarez-el-trebol-265-70157
70157,San Antonio,San Miguel Chimalapa,265,san-antonio-265-70157
70157,Las Perlas,San Miguel Chimalapa,265,las-perlas-265-70157
70158,Cieneguilla,San Miguel Chimalapa,265,cieneguilla-265-70158
70158,Palo Coloradito,San Miguel Chimalapa,265,palo-coloradito-265-70158
70160,Ejidal,Santo Domingo Zanatepec,525,ejidal-525-70160
70160,Las Flores,Santo Domingo Zanatepec,525,las-flores-525-70160
70160,Guadalupe,Santo Domingo Zanatepec,525,guadalupe-525-70160
70160,Carlos Sánchez,Santo Domingo Zanatepec,525,carlos-sanchez-525-70160
70160,Santa Clara,Santo Domingo Zanatepec,525,santa-clara-525-70160
70160,Francisco Villa (El Tamarindo),Santo Domingo Zanatepec,525,francisco-villa-el-tamarindo-525-70160
70160,Agua Blanca,Santo Domingo Zanatepec,525,agua-blanca-525-70160
70160,Tenesten,Santo Domingo Zanatepec,525,tenesten-525-70160
70160,Libertad,Santo Domingo Zanatepec,525,libertad-525-70160
70160,Gabriel López Castro,Santo Domingo Zanatepec,525,gabriel-lopez-castro-525-70160
70160,Santo Domingo Zanatepec,Santo Domingo Zanatepec,525,santo-domingo-zanatepec-525-70160
70160,Chalaca,Santo Domingo Zanatepec,525,chalaca-525-70160
70161,Huanacastal,Santo Domingo Zanatepec,525,huanacastal-525-70161
70163,General Pascual Fuentes (Jícaro),Santo Domingo Zanatepec,525,general-pascual-fuentes-jicaro-525-70163
70164,Carlos Ramos,Santo Domingo Zanatepec,525,carlos-ramos-525-70164
70165,Santo Domingo,Santo Domingo Zanatepec,525,santo-domingo-525-70165
70165,Buena Vista,Santo Domingo Zanatepec,525,buena-vista-525-70165
70165,El Porvenir,Santo Domingo Zanatepec,525,el-porvenir-525-70165
70165,Coyotera,Santo Domingo Zanatepec,525,coyotera-525-70165
70165,Yerba Santa,Santo Domingo Zanatepec,525,yerba-santa-525-70165
70165,Cabestrada,Santo Domingo Zanatepec,525,cabestrada-525-70165
70166,Río Ostuta,Santo Domingo Zanatepec,525,rio-ostuta-525-70166
70166,Paso Piñón (El Tamarindo),Santo Domingo Zanatepec,525,paso-pinon-el-tamarindo-525-70166
70168,Flor de Chiapas,Santo Domingo Zanatepec,525,flor-de-chiapas-525-70168
70168,Sol y Luna,Santo Domingo Zanatepec,525,sol-y-luna-525-70168
70170,Tercera Sección,Reforma de Pineda,075,tercera-seccion-075-70170
70170,Cuarta Sección,Reforma de Pineda,075,cuarta-seccion-075-70170
70170,Segunda Sección,Reforma de Pineda,075,segunda-seccion-075-70170
70170,Reforma de Pineda,Reforma de Pineda,075,reforma-de-pineda-075-70170
70170,Esperanza,Reforma de Pineda,075,esperanza-075-70170
70170,Primera Sección,Reforma de Pineda,075,primera-seccion-075-70170
70175,San Francisco Ixhuatán Centro,San Francisco Ixhuatán,143,san-francisco-ixhuatan-centro-143-70175
70175,Lázaro Cárdenas,San Francisco Ixhuatán,143,lazaro-cardenas-143-70175
70177,Cerro Grande,San Francisco Ixhuatán,143,cerro-grande-143-70177
70177,20 de Noviembre (El Morro),San Francisco Ixhuatán,143,20-de-noviembre-el-morro-143-70177
70177,Reforma Agraria Integral,San Francisco Ixhuatán,143,reforma-agraria-integral-143-70177
70177,Chahuites las Conchas,San Francisco Ixhuatán,143,chahuites-las-conchas-143-70177
70177,Cerro Chico (Cerritos),San Francisco Ixhuatán,143,cerro-chico-cerritos-143-70177
70177,Río Viejo,San Francisco Ixhuatán,143,rio-viejo-143-70177
70178,Cachimbo,San Francisco Ixhuatán,143,cachimbo-143-70178
70178,Las Palmas,San Francisco Ixhuatán,143,las-palmas-143-70178
70180,21 de Marzo,San Pedro Tapanatepec,327,21-de-marzo-327-70180
70180,San Pedro Tapanatepec Centro,San Pedro Tapanatepec,327,san-pedro-tapanatepec-centro-327-70180
70180,Las Hormigas,San Pedro Tapanatepec,327,las-hormigas-327-70180
70180,Cantarrana,San Pedro Tapanatepec,327,cantarrana-327-70180
70180,Unidad Agrícola,San Pedro Tapanatepec,327,unidad-agricola-327-70180
70180,Las Flores,San Pedro Tapanatepec,327,las-flores-327-70180
70180,Galeana,San Pedro Tapanatepec,327,galeana-327-70180
70185,Colosio,San Pedro Tapanatepec,327,colosio-327-70185
70185,Rincón Juárez,San Pedro Tapanatepec,327,rincon-juarez-327-70185
70185,San José de los Portillos,San Pedro Tapanatepec,327,san-jose-de-los-portillos-327-70185
70185,Benito Juárez,San Pedro Tapanatepec,327,benito-juarez-327-70185
70189,Conchalito,San Pedro Tapanatepec,327,conchalito-327-70189
70189,Los Corazones,San Pedro Tapanatepec,327,los-corazones-327-70189
70189,Bernal,San Pedro Tapanatepec,327,bernal-327-70189
70190,La Grifi,Chahuites,025,la-grifi-025-70190
70190,Chahuites Centro,Chahuites,025,chahuites-centro-025-70190
70190,San Antonio,Chahuites,025,san-antonio-025-70190
70190,Guadalupe,Chahuites,025,guadalupe-025-70190
70190,Jardín,Chahuites,025,jardin-025-70190
70190,San Isidro,Chahuites,025,san-isidro-025-70190
70190,Guachaco,Chahuites,025,guachaco-025-70190
70190,Tercera Sección,Chahuites,025,tercera-seccion-025-70190
70195,El Morro,Chahuites,025,el-morro-025-70195
70195,El Porvenir,Chahuites,025,el-porvenir-025-70195
70200,Santiago Zacatepec,Santiago Zacatepec,502,santiago-zacatepec-502-70200
70201,La Candelaria,Santiago Zacatepec,502,la-candelaria-502-70201
70201,Metaltepec,Santiago Zacatepec,502,metaltepec-502-70201
70201,San Juan Metaltepec,Santiago Zacatepec,502,san-juan-metaltepec-502-70201
70206,Llano Crucero,Santo Domingo Tepuxtepec,517,llano-crucero-517-70206
70206,Loma Esperanza,Santo Domingo Tepuxtepec,517,loma-esperanza-517-70206
70206,Tierra Blanca las Peñas,Santo Domingo Tepuxtepec,517,tierra-blanca-las-penas-517-70206
70206,Llano Palma,Santo Domingo Tepuxtepec,517,llano-palma-517-70206
70206,Playa Cerro,Santo Domingo Tepuxtepec,517,playa-cerro-517-70206
70206,Río Ramal,Santo Domingo Tepuxtepec,517,rio-ramal-517-70206
70206,Santo Domingo Tepuxtepec,Santo Domingo Tepuxtepec,517,santo-domingo-tepuxtepec-517-70206
70207,Loma Linda,Santo Domingo Tepuxtepec,517,loma-linda-517-70207
70207,Llano Laguna,Santo Domingo Tepuxtepec,517,llano-laguna-517-70207
70207,Cerro Pascle,Santo Domingo Tepuxtepec,517,cerro-pascle-517-70207
70208,Tierra Blanca,Santo Domingo Tepuxtepec,517,tierra-blanca-517-70208
70208,Minas,Santo Domingo Tepuxtepec,517,minas-517-70208
70210,El Porvenir,San Juan Cotzocón,190,el-porvenir-190-70210
70211,La Nueva Raza,San Juan Cotzocón,190,la-nueva-raza-190-70211
70212,Arroyo Peña Amarilla,San Juan Cotzocón,190,arroyo-pena-amarilla-190-70212
70212,San Felipe Zihualtepec,San Juan Cotzocón,190,san-felipe-zihualtepec-190-70212
70213,Emiliano Zapata,San Juan Cotzocón,190,emiliano-zapata-190-70213
70215,Lic Andres Caso,San Juan Cotzocón,190,lic-andres-caso-190-70215
70215,La Nueva Patria,San Juan Cotzocón,190,la-nueva-patria-190-70215
70215,Zamora,San Juan Cotzocón,190,zamora-190-70215
70215,Jaltepec de Candoyoc,San Juan Cotzocón,190,jaltepec-de-candoyoc-190-70215
70215,María Lombardo de Caso,San Juan Cotzocón,190,maria-lombardo-de-caso-190-70215
70215,Arroyo Encino,San Juan Cotzocón,190,arroyo-encino-190-70215
70216,El Paraíso,San Juan Cotzocón,190,el-paraiso-190-70216
70216,San Juan Otzolotepec,San Juan Cotzocón,190,san-juan-otzolotepec-190-70216
70220,San Juan Cotzocon,San Juan Cotzocón,190,san-juan-cotzocon-190-70220
70220,Santa María Puxmetacan,San Juan Cotzocón,190,santa-maria-puxmetacan-190-70220
70221,Santa María Matamoros,San Juan Cotzocón,190,santa-maria-matamoros-190-70221
70222,Arroyo Carrizal,San Juan Cotzocón,190,arroyo-carrizal-190-70222
70223,Santa Rosa Zihualtepec,San Juan Cotzocón,190,santa-rosa-zihualtepec-190-70223
70224,Nuevo Cerro Mojarra,San Juan Cotzocón,190,nuevo-cerro-mojarra-190-70224
70225,La Libertad,San Juan Cotzocón,190,la-libertad-190-70225
70226,Benito Juárez,San Juan Cotzocón,190,benito-juarez-190-70226
70227,La Estrella,San Juan Cotzocón,190,la-estrella-190-70227
70229,El Tesoro,San Juan Cotzocón,190,el-tesoro-190-70229
70230,San Juan Mazatlán,San Juan Mazatlán,207,san-juan-mazatlan-207-70230
70232,Los Fresnos,San Juan Mazatlán,207,los-fresnos-207-70232
70232,Santiago Tutla,San Juan Mazatlán,207,santiago-tutla-207-70232
70233,Loma Santa Cruz,San Juan Mazatlán,207,loma-santa-cruz-207-70233
70234,Rancho Juárez,San Juan Mazatlán,207,rancho-juarez-207-70234
70235,La Mixtequita,San Juan Mazatlán,207,la-mixtequita-207-70235
70236,Monte Águila,San Juan Mazatlán,207,monte-aguila-207-70236
70240,El Tortuguero,San Juan Mazatlán,207,el-tortuguero-207-70240
70240,Santiago Malacatepec,San Juan Mazatlán,207,santiago-malacatepec-207-70240
70242,Tierra Negra,San Juan Mazatlán,207,tierra-negra-207-70242
70243,San Pedro Acatlán Grande,San Juan Mazatlán,207,san-pedro-acatlan-grande-207-70243
70247,Constitución Mexicana,San Juan Mazatlán,207,constitucion-mexicana-207-70247
70247,Villanueva II,San Juan Mazatlán,207,villanueva-ii-207-70247
70247,General Felipe Ángeles,San Juan Mazatlán,207,general-felipe-angeles-207-70247
70247,Nuevo Progreso,San Juan Mazatlán,207,nuevo-progreso-207-70247
70247,Los Raudales,San Juan Mazatlán,207,los-raudales-207-70247
70247,San José de las Flores,San Juan Mazatlán,207,san-jose-de-las-flores-207-70247
70249,San Pedro Chimaltepec,San Juan Mazatlán,207,san-pedro-chimaltepec-207-70249
70250,Totontepec Villa de Morelos,Totontepec Villa de Morelos,554,totontepec-villa-de-morelos-554-70250
70251,Santa María Ocotepec,Totontepec Villa de Morelos,554,santa-maria-ocotepec-554-70251
70252,Santa María Tiltepec,Totontepec Villa de Morelos,554,santa-maria-tiltepec-554-70252
70253,Chinantequilla,Totontepec Villa de Morelos,554,chinantequilla-554-70253
70253,Santiago Tepitongo,Totontepec Villa de Morelos,554,santiago-tepitongo-554-70253
70254,Rancho Conchita,Totontepec Villa de Morelos,554,rancho-conchita-554-70254
70254,Tierra Caliente (Rancho Uno y Rancho Dos),Totontepec Villa de Morelos,554,tierra-caliente-rancho-uno-y-rancho-dos-554-70254
70254,Santiago Amatepec,Totontepec Villa de Morelos,554,santiago-amatepec-554-70254
70255,San Miguel Metepec,Totontepec Villa de Morelos,554,san-miguel-metepec-554-70255
70256,San Francisco Jayacaxtepec,Totontepec Villa de Morelos,554,san-francisco-jayacaxtepec-554-70256
70256,San Marcos Moctum,Totontepec Villa de Morelos,554,san-marcos-moctum-554-70256
70256,Santiago Jareta,Totontepec Villa de Morelos,554,santiago-jareta-554-70256
70257,Santa María Huitepec,Totontepec Villa de Morelos,554,santa-maria-huitepec-554-70257
70261,Mixistlán de la Reforma,Mixistlán de la Reforma,060,mixistlan-de-la-reforma-060-70261
70262,Santa María Mixistlán,Mixistlán de la Reforma,060,santa-maria-mixistlan-060-70262
70263,San Cristóbal Chichicaxtepec,Mixistlán de la Reforma,060,san-cristobal-chichicaxtepec-060-70263
70265,Santa Ana Në äm,Santa María Tlahuitoltepec,437,santa-ana-ne-am-437-70265
70265,Santuario,Santa María Tlahuitoltepec,437,santuario-437-70265
70265,San Lucas,Santa María Tlahuitoltepec,437,san-lucas-437-70265
70265,Juquilita,Santa María Tlahuitoltepec,437,juquilita-437-70265
70265,Kupetsy Jem,Santa María Tlahuitoltepec,437,kupetsy-jem-437-70265
70265,Flores,Santa María Tlahuitoltepec,437,flores-437-70265
70265,Nejapan,Santa María Tlahuitoltepec,437,nejapan-437-70265
70265,Salinas,Santa María Tlahuitoltepec,437,salinas-437-70265
70265,Santa Cruz,Santa María Tlahuitoltepec,437,santa-cruz-437-70265
70265,Santa María Tlahuitoltepec,Santa María Tlahuitoltepec,437,santa-maria-tlahuitoltepec-437-70265
70265,Tejas,Santa María Tlahuitoltepec,437,tejas-437-70265
70267,Santa María Yacochi,Santa María Tlahuitoltepec,437,santa-maria-yacochi-437-70267
70269,Guadalupe Victoria,Santa María Tlahuitoltepec,437,guadalupe-victoria-437-70269
70270,Santa María Alotepec,Santa María Alotepec,394,santa-maria-alotepec-394-70270
70270,San Isidro Huayápam,Santa María Alotepec,394,san-isidro-huayapam-394-70270
70271,San Pedro Ayacaxtepec,Santa María Alotepec,394,san-pedro-ayacaxtepec-394-70271
70276,Estancia de Morelos,Santiago Atitlán,454,estancia-de-morelos-454-70276
70276,Santiago Atitlán,Santiago Atitlán,454,santiago-atitlan-454-70276
70277,San Sebastián Atitlán,Santiago Atitlán,454,san-sebastian-atitlan-454-70277
70277,El Potrero,Santiago Atitlán,454,el-potrero-454-70277
70277,El Rodeo,Santiago Atitlán,454,el-rodeo-454-70277
70277,Santa Cruz,Santiago Atitlán,454,santa-cruz-454-70277
70277,El Molino,Santiago Atitlán,454,el-molino-454-70277
70277,Linda Vista,Santiago Atitlán,454,linda-vista-454-70277
70277,Álamo,Santiago Atitlán,454,alamo-454-70277
70280,Maguey,Tamazulápam del Espíritu Santo,031,maguey-031-70280
70280,Santa Rosa,Tamazulápam del Espíritu Santo,031,santa-rosa-031-70280
70280,Piedra Larga,Tamazulápam del Espíritu Santo,031,piedra-larga-031-70280
70280,Cuatro Palos,Tamazulápam del Espíritu Santo,031,cuatro-palos-031-70280
70280,Linda Vista,Tamazulápam del Espíritu Santo,031,linda-vista-031-70280
70280,Tamazulápam del Espíritu Santo,Tamazulápam del Espíritu Santo,031,tamazulapam-del-espiritu-santo-031-70280
70281,El Duraznal,Tamazulápam del Espíritu Santo,031,el-duraznal-031-70281
70281,Tierra Caliente,Tamazulápam del Espíritu Santo,031,tierra-caliente-031-70281
70282,Tierra Blanca,Tamazulápam del Espíritu Santo,031,tierra-blanca-031-70282
70282,Las Peñas,Tamazulápam del Espíritu Santo,031,las-penas-031-70282
70283,Cerro del Amole,San Pedro y San Pablo Ayutla,337,cerro-del-amole-337-70283
70283,Cerro Pelón,San Pedro y San Pablo Ayutla,337,cerro-pelon-337-70283
70283,El Portillo Guadalupe,San Pedro y San Pablo Ayutla,337,el-portillo-guadalupe-337-70283
70283,San Pedro y San Pablo Ayutla,San Pedro y San Pablo Ayutla,337,san-pedro-y-san-pablo-ayutla-337-70283
70284,El Portillo Matagallinas,San Pedro y San Pablo Ayutla,337,el-portillo-matagallinas-337-70284
70284,La Laguna,San Pedro y San Pablo Ayutla,337,la-laguna-337-70284
70284,Monte Rosa,San Pedro y San Pablo Ayutla,337,monte-rosa-337-70284
70284,Tierra Caliente,San Pedro y San Pablo Ayutla,337,tierra-caliente-337-70284
70284,El Duraznal,San Pedro y San Pablo Ayutla,337,el-duraznal-337-70284
70284,Lachicocana,San Pedro y San Pablo Ayutla,337,lachicocana-337-70284
70286,Mosquito Blanco,Santa María Tepantlali,435,mosquito-blanco-435-70286
70286,Santa María Tepantlali,Santa María Tepantlali,435,santa-maria-tepantlali-435-70286
70287,Cerro Costoche,Santa María Tepantlali,435,cerro-costoche-435-70287
70287,Xambao (Revolución),Santa María Tepantlali,435,xambao-revolucion-435-70287
70288,San Miguel Quetzaltepec,San Miguel Quetzaltepec,275,san-miguel-quetzaltepec-275-70288
70289,Chuxnaban Quetzaltepec,San Miguel Quetzaltepec,275,chuxnaban-quetzaltepec-275-70289
70289,Santa Cruz Condoy,San Miguel Quetzaltepec,275,santa-cruz-condoy-275-70289
70290,Orilla del Llano,Asunción Cacalotepec,003,orilla-del-llano-003-70290
70290,Asunción Cacalotepec,Asunción Cacalotepec,003,asuncion-cacalotepec-003-70290
70290,San Antonio Tlaxcaltepec,Asunción Cacalotepec,003,san-antonio-tlaxcaltepec-003-70290
70292,Cerro Moneda,Asunción Cacalotepec,003,cerro-moneda-003-70292
70292,Zompantle,Asunción Cacalotepec,003,zompantle-003-70292
70292,San Jorge Casa Grande,Asunción Cacalotepec,003,san-jorge-casa-grande-003-70292
70292,San Miguel Campo México,Asunción Cacalotepec,003,san-miguel-campo-mexico-003-70292
70293,San Pedro Ocotepec,San Pedro Ocotepec,323,san-pedro-ocotepec-323-70293
70294,Santa Cruz Ocotal,San Pedro Ocotepec,323,santa-cruz-ocotal-323-70294
70296,San Lucas Camotlán,San Lucas Camotlán,231,san-lucas-camotlan-231-70296
70298,Santiago Ixcuintepec,Santiago Ixcuintepec,465,santiago-ixcuintepec-465-70298
70300,El Bajío,Matías Romero Avendaño,057,el-bajio-057-70300
70300,Juárez Norte,Matías Romero Avendaño,057,juarez-norte-057-70300
70300,Juárez Sur,Matías Romero Avendaño,057,juarez-sur-057-70300
70300,Matías Romero Avendaño Centro,Matías Romero Avendaño,057,matias-romero-avendano-centro-057-70300
70300,San Bartolo,Matías Romero Avendaño,057,san-bartolo-057-70300
70304,La Oaxaqueña,Matías Romero Avendaño,057,la-oaxaquena-057-70304
70304,Los Robles Oriente,Matías Romero Avendaño,057,los-robles-oriente-057-70304
70304,La Libertad,Matías Romero Avendaño,057,la-libertad-057-70304
70305,Paso Limón,Matías Romero Avendaño,057,paso-limon-057-70305
70306,Hidalgo,Matías Romero Avendaño,057,hidalgo-057-70306
70306,Los Robles Poniente,Matías Romero Avendaño,057,los-robles-poniente-057-70306
70306,Llano Xuchiapa,Matías Romero Avendaño,057,llano-xuchiapa-057-70306
70306,Pueblo Nuevo,Matías Romero Avendaño,057,pueblo-nuevo-057-70306
70306,Hidalgo Sur,Matías Romero Avendaño,057,hidalgo-sur-057-70306
70306,Justo Sierra,Matías Romero Avendaño,057,justo-sierra-057-70306
70307,Ferrocarrileros,Matías Romero Avendaño,057,ferrocarrileros-057-70307
70307,Nuevo,Matías Romero Avendaño,057,nuevo-057-70307
70307,Guadalupe,Matías Romero Avendaño,057,guadalupe-057-70307
70307,Reforma,Matías Romero Avendaño,057,reforma-057-70307
70307,San Bartolo,Matías Romero Avendaño,057,san-bartolo-057-70307
70308,La Nueva Esperanza,Matías Romero Avendaño,057,la-nueva-esperanza-057-70308
70308,Militar,Matías Romero Avendaño,057,militar-057-70308
70308,Las Flores,Matías Romero Avendaño,057,las-flores-057-70308
70308,Bajío Oriente,Matías Romero Avendaño,057,bajio-oriente-057-70308
70309,Lázaro Cárdenas,Matías Romero Avendaño,057,lazaro-cardenas-057-70309
70309,Rincón Viejo Matías,Matías Romero Avendaño,057,rincon-viejo-matias-057-70309
70309,Nuevo Progreso,Matías Romero Avendaño,057,nuevo-progreso-057-70309
70310,Nuevo Ubero,Matías Romero Avendaño,057,nuevo-ubero-057-70310
70310,San Gabriel,Matías Romero Avendaño,057,san-gabriel-057-70310
70310,Ubero,Matías Romero Avendaño,057,ubero-057-70310
70310,Plan de San Luis,Matías Romero Avendaño,057,plan-de-san-luis-057-70310
70310,La Cumbre,Matías Romero Avendaño,057,la-cumbre-057-70310
70312,Palomares,Matías Romero Avendaño,057,palomares-057-70312
70312,Nuevo Progreso,Matías Romero Avendaño,057,nuevo-progreso-057-70312
70313,Juno,Matías Romero Avendaño,057,juno-057-70313
70313,Donají,Matías Romero Avendaño,057,donaji-057-70313
70313,Tolosita,Matías Romero Avendaño,057,tolosita-057-70313
70315,Gabriel Ramos Millán,Matías Romero Avendaño,057,gabriel-ramos-millan-057-70315
70315,Francisco Javier Jasso,Matías Romero Avendaño,057,francisco-javier-jasso-057-70315
70315,Prof. Otilio Montaño,Matías Romero Avendaño,057,prof-otilio-montano-057-70315
70317,Cuauhtémoc,Matías Romero Avendaño,057,cuauhtemoc-057-70317
70318,Paso Guayabo,Matías Romero Avendaño,057,paso-guayabo-057-70318
70319,Barrancones,Matías Romero Avendaño,057,barrancones-057-70319
70320,Tierra Nueva,Matías Romero Avendaño,057,tierra-nueva-057-70320
70320,San Pedro Evangelista,Matías Romero Avendaño,057,san-pedro-evangelista-057-70320
70323,San Juan del Río,Matías Romero Avendaño,057,san-juan-del-rio-057-70323
70323,Nuevo Brena Torres,Matías Romero Avendaño,057,nuevo-brena-torres-057-70323
70324,La Soledad,Matías Romero Avendaño,057,la-soledad-057-70324
70324,El Paraíso,Matías Romero Avendaño,057,el-paraiso-057-70324
70326,Doce de Julio,Matías Romero Avendaño,057,doce-de-julio-057-70326
70326,La Esperanza,Matías Romero Avendaño,057,la-esperanza-057-70326
70327,La Victoria,Matías Romero Avendaño,057,la-victoria-057-70327
70328,Martínez de la Torre,Matías Romero Avendaño,057,martinez-de-la-torre-057-70328
70329,El Paso de las Maravillas,Matías Romero Avendaño,057,el-paso-de-las-maravillas-057-70329
70329,Los Ángeles,Matías Romero Avendaño,057,los-angeles-057-70329
70330,Río Pachiñe,San Juan Guichicovi,198,rio-pachine-198-70330
70330,Chocolate,San Juan Guichicovi,198,chocolate-198-70330
70330,Ocotal,San Juan Guichicovi,198,ocotal-198-70330
70330,Encinal Colorado,San Juan Guichicovi,198,encinal-colorado-198-70330
70330,Pachiñe Encinal,San Juan Guichicovi,198,pachine-encinal-198-70330
70330,San Juan Guichicovi,San Juan Guichicovi,198,san-juan-guichicovi-198-70330
70331,El Zacatal,San Juan Guichicovi,198,el-zacatal-198-70331
70332,Revolución,San Juan Guichicovi,198,revolucion-198-70332
70333,Arroyo Limón,San Juan Guichicovi,198,arroyo-limon-198-70333
70334,Istmeña (Sección el Zapote),San Juan Guichicovi,198,istmena-seccion-el-zapote-198-70334
70334,Ramos Millán,San Juan Guichicovi,198,ramos-millan-198-70334
70335,Benito Juárez,San Juan Guichicovi,198,benito-juarez-198-70335
70336,El Triunfo,San Juan Guichicovi,198,el-triunfo-198-70336
70337,José María Morelos,San Juan Guichicovi,198,jose-maria-morelos-198-70337
70338,Boca del Monte,San Juan Guichicovi,198,boca-del-monte-198-70338
70340,El Zarzal,San Juan Guichicovi,198,el-zarzal-198-70340
70340,Buenavista,San Juan Guichicovi,198,buenavista-198-70340
70340,Estación Mogoñé,San Juan Guichicovi,198,estacion-mogone-198-70340
70340,Mogoñé Viejo,San Juan Guichicovi,198,mogone-viejo-198-70340
70340,Paso Real Sarabia,San Juan Guichicovi,198,paso-real-sarabia-198-70340
70340,Santa Ana,San Juan Guichicovi,198,santa-ana-198-70340
70341,Maluco,San Juan Guichicovi,198,maluco-198-70341
70341,Piedra Blanca,San Juan Guichicovi,198,piedra-blanca-198-70341
70343,San Juan Viejo,San Juan Guichicovi,198,san-juan-viejo-198-70343
70344,Arroyo Lirio,San Juan Guichicovi,198,arroyo-lirio-198-70344
70346,El Sacrificio,San Juan Guichicovi,198,el-sacrificio-198-70346
70346,La Esperanza,San Juan Guichicovi,198,la-esperanza-198-70346
70347,Estación Sarabia,San Juan Guichicovi,198,estacion-sarabia-198-70347
70350,Platanillo,Santo Domingo Petapa,513,platanillo-513-70350
70350,Santo Domingo Petapa,Santo Domingo Petapa,513,santo-domingo-petapa-513-70350
70351,El Campanario,Santo Domingo Petapa,513,el-campanario-513-70351
70353,Chahuitepec,Santo Domingo Petapa,513,chahuitepec-513-70353
70354,Yerba Santa,Santo Domingo Petapa,513,yerba-santa-513-70354
70355,La Maceta,Santo Domingo Petapa,513,la-maceta-513-70355
70356,La Esperanza,Santo Domingo Petapa,513,la-esperanza-513-70356
70356,Río del Sol,Santo Domingo Petapa,513,rio-del-sol-513-70356
70360,Santa María Chimalapa,Santa María Chimalapa,407,santa-maria-chimalapa-407-70360
70363,Cofradia Chimalapa,Santa María Chimalapa,407,cofradia-chimalapa-407-70363
70363,Escolapa,Santa María Chimalapa,407,escolapa-407-70363
70363,Arroyo Chichihua,Santa María Chimalapa,407,arroyo-chichihua-407-70363
70364,La Esmeralda,Santa María Chimalapa,407,la-esmeralda-407-70364
70364,Río Hamaca,Santa María Chimalapa,407,rio-hamaca-407-70364
70364,San Francisco el Vado,Santa María Chimalapa,407,san-francisco-el-vado-407-70364
70365,San Francisco la Paz,Santa María Chimalapa,407,san-francisco-la-paz-407-70365
70365,Elsy Herrerías de Castellanos,Santa María Chimalapa,407,elsy-herrerias-de-castellanos-407-70365
70365,Rafael Cal y Mayor,Santa María Chimalapa,407,rafael-cal-y-mayor-407-70365
70366,San Antonio Nuevo Paraíso,Santa María Chimalapa,407,san-antonio-nuevo-paraiso-407-70366
70366,Dos Arroyos (La Paz),Santa María Chimalapa,407,dos-arroyos-la-paz-407-70366
70367,Nuevo San Juan,Santa María Chimalapa,407,nuevo-san-juan-407-70367
70368,Benito Juárez Uno,Santa María Chimalapa,407,benito-juarez-uno-407-70368
70369,La Esperanza,Santa María Chimalapa,407,la-esperanza-407-70369
70370,Guivisía,Santa María Petapa,427,guivisia-427-70370
70370,Santa María Petapa,Santa María Petapa,427,santa-maria-petapa-427-70370
70370,Rincón Viejo,Santa María Petapa,427,rincon-viejo-427-70370
70371,Buenavista,Santa María Petapa,427,buenavista-427-70371
70372,La Unión,Santa María Petapa,427,la-union-427-70372
70372,El Paraíso,Santa María Petapa,427,el-paraiso-427-70372
70372,La Paz,Santa María Petapa,427,la-paz-427-70372
70373,Hidalgo Norte,Santa María Petapa,427,hidalgo-norte-427-70373
70373,Septune,Santa María Petapa,427,septune-427-70373
70376,Barreña,Santa María Petapa,427,barrena-427-70376
70380,Cruz Azul,El Barrio de la Soledad,010,cruz-azul-010-70380
70380,Niza Conejo,El Barrio de la Soledad,010,niza-conejo-010-70380
70380,Progreso,El Barrio de la Soledad,010,progreso-010-70380
70380,Istmeña,El Barrio de la Soledad,010,istmena-010-70380
70380,Guiguba,El Barrio de la Soledad,010,guiguba-010-70380
70380,Loma Azul,El Barrio de la Soledad,010,loma-azul-010-70380
70382,Chivaniza,El Barrio de la Soledad,010,chivaniza-010-70382
70382,El Sardinero,El Barrio de la Soledad,010,el-sardinero-010-70382
70382,Río Grande,El Barrio de la Soledad,010,rio-grande-010-70382
70383,El Crucero Lagunas,El Barrio de la Soledad,010,el-crucero-lagunas-010-70383
70383,Los Nanches,El Barrio de la Soledad,010,los-nanches-010-70383
70383,Cuajinicuil,El Barrio de la Soledad,010,cuajinicuil-010-70383
70383,Lachigoló,El Barrio de la Soledad,010,lachigolo-010-70383
70383,Hidalgo,El Barrio de la Soledad,010,hidalgo-010-70383
70384,Las Palmitas,El Barrio de la Soledad,010,las-palmitas-010-70384
70385,Las Cruces,El Barrio de la Soledad,010,las-cruces-010-70385
70390,Tercera Sección,El Barrio de la Soledad,010,tercera-seccion-010-70390
70390,Cuarta Sección,El Barrio de la Soledad,010,cuarta-seccion-010-70390
70390,El Barrio de la Soledad,El Barrio de la Soledad,010,el-barrio-de-la-soledad-010-70390
70391,Llano Redondo,El Barrio de la Soledad,010,llano-redondo-010-70391
70391,Almoloya de Gutiérrez,El Barrio de la Soledad,010,almoloya-de-gutierrez-010-70391
70391,Almoloya Bajo (Estación Almoloya),El Barrio de la Soledad,010,almoloya-bajo-estacion-almoloya-010-70391
70392,El Ajal,El Barrio de la Soledad,010,el-ajal-010-70392
70392,Nacedero,El Barrio de la Soledad,010,nacedero-010-70392
70392,Loma Larga (Santa Rosa),El Barrio de la Soledad,010,loma-larga-santa-rosa-010-70392
70392,Rincón Vaquero,El Barrio de la Soledad,010,rincon-vaquero-010-70392
70393,San Isidro,El Barrio de la Soledad,010,san-isidro-010-70393
70393,La Junta,El Barrio de la Soledad,010,la-junta-010-70393
70393,La Ciruela,El Barrio de la Soledad,010,la-ciruela-010-70393
70393,San Nicolás Bichinga,El Barrio de la Soledad,010,san-nicolas-bichinga-010-70393
70394,La Haciendita,El Barrio de la Soledad,010,la-haciendita-010-70394
70394,Coyulápam,El Barrio de la Soledad,010,coyulapam-010-70394
70400,San Isidro,Tlacolula de Matamoros,551,san-isidro-551-70400
70400,Sección Sexta,Tlacolula de Matamoros,551,seccion-sexta-551-70400
70400,Lambytieco,Tlacolula de Matamoros,551,lambytieco-551-70400
70400,Bugambilias,Tlacolula de Matamoros,551,bugambilias-551-70400
70400,Sección Séptima,Tlacolula de Matamoros,551,seccion-septima-551-70400
70400,Sección Segunda,Tlacolula de Matamoros,551,seccion-segunda-551-70400
70400,Sección Tercera,Tlacolula de Matamoros,551,seccion-tercera-551-70400
70400,Sección Cuarta,Tlacolula de Matamoros,551,seccion-cuarta-551-70400
70400,Sección Quinta,Tlacolula de Matamoros,551,seccion-quinta-551-70400
70400,Alférez,Tlacolula de Matamoros,551,alferez-551-70400
70400,Tlacolula de Matamoros Centro,Tlacolula de Matamoros,551,tlacolula-de-matamoros-centro-551-70400
70400,El Tepeyac,Tlacolula de Matamoros,551,el-tepeyac-551-70400
70400,La Chicuela,Tlacolula de Matamoros,551,la-chicuela-551-70400
70400,Santa Paula,Tlacolula de Matamoros,551,santa-paula-551-70400
70400,Tres Piedras,Tlacolula de Matamoros,551,tres-piedras-551-70400
70400,Francisco Irigoyen,Tlacolula de Matamoros,551,francisco-irigoyen-551-70400
70400,Emiliano Zapata,Tlacolula de Matamoros,551,emiliano-zapata-551-70400
70400,San José,Tlacolula de Matamoros,551,san-jose-551-70400
70400,Yasip,Tlacolula de Matamoros,551,yasip-551-70400
70400,Lomita,Tlacolula de Matamoros,551,lomita-551-70400
70400,Tenería,Tlacolula de Matamoros,551,teneria-551-70400
70400,Sección Primera,Tlacolula de Matamoros,551,seccion-primera-551-70400
70403,Tanivé,Tlacolula de Matamoros,551,tanive-551-70403
70403,Centro Penitenciario Femenil Tanivet,Tlacolula de Matamoros,551,centro-penitenciario-femenil-tanivet-551-70403
70403,Don Pedrillo,Tlacolula de Matamoros,551,don-pedrillo-551-70403
70403,Paraje Caballito Blanco,Tlacolula de Matamoros,551,paraje-caballito-blanco-551-70403
70403,Salto del Agua,Tlacolula de Matamoros,551,salto-del-agua-551-70403
70403,La Cruz Verde,Tlacolula de Matamoros,551,la-cruz-verde-551-70403
70403,Paraje Yaguzovi Guelazaco,Tlacolula de Matamoros,551,paraje-yaguzovi-guelazaco-551-70403
70403,Rancho Blanco,Tlacolula de Matamoros,551,rancho-blanco-551-70403
70403,La Primavera,Tlacolula de Matamoros,551,la-primavera-551-70403
70404,Granja La Escondida,Tlacolula de Matamoros,551,granja-la-escondida-551-70404
70404,Villa de María Elena,Tlacolula de Matamoros,551,villa-de-maria-elena-551-70404
70404,Paraje la Loma de Santa Anita,Tlacolula de Matamoros,551,paraje-la-loma-de-santa-anita-551-70404
70404,Manos de Ayuda,Tlacolula de Matamoros,551,manos-de-ayuda-551-70404
70404,Dainzú,Tlacolula de Matamoros,551,dainzu-551-70404
70404,Mezcalería Casa Chagoya,Tlacolula de Matamoros,551,mezcaleria-casa-chagoya-551-70404
70404,El Pipe,Tlacolula de Matamoros,551,el-pipe-551-70404
70404,26 de Septiembre,Tlacolula de Matamoros,551,26-de-septiembre-551-70404
70404,Las Jacarandas,Tlacolula de Matamoros,551,las-jacarandas-551-70404
70404,Yagay,Tlacolula de Matamoros,551,yagay-551-70404
70404,Ciudad Yagul,Tlacolula de Matamoros,551,ciudad-yagul-551-70404
70404,Lomas de Santa Ana,Tlacolula de Matamoros,551,lomas-de-santa-ana-551-70404
70404,Doce de Mayo,Tlacolula de Matamoros,551,doce-de-mayo-551-70404
70404,Rancho Valle del Lago,Tlacolula de Matamoros,551,rancho-valle-del-lago-551-70404
70405,San Luis del Río,Tlacolula de Matamoros,551,san-luis-del-rio-551-70405
70406,San Marcos Tlapazola,Tlacolula de Matamoros,551,san-marcos-tlapazola-551-70406
70407,San Sebastián Abasolo,San Sebastián Abasolo,343,san-sebastian-abasolo-343-70407
70408,Santa Rosa Buena Vista,San Sebastián Abasolo,343,santa-rosa-buena-vista-343-70408
70410,Santa Catarina Albarradas,Villa Díaz Ordaz,560,santa-catarina-albarradas-560-70410
70410,Villa Díaz Ordaz,Villa Díaz Ordaz,560,villa-diaz-ordaz-560-70410
70411,El Carrizal,Villa Díaz Ordaz,560,el-carrizal-560-70411
70412,San Miguel del Valle,Villa Díaz Ordaz,560,san-miguel-del-valle-560-70412
70417,Santa María Guelacé,Santa María Guelacé,411,santa-maria-guelace-411-70417
70420,Teotitlán del Valle,Teotitlán del Valle,546,teotitlan-del-valle-546-70420
70423,Santiago Ixtaltepec,Teotitlán del Valle,546,santiago-ixtaltepec-546-70423
70424,Los Pinos,San Francisco Lachigoló,145,los-pinos-145-70424
70424,San Francisco Lachigoló,San Francisco Lachigoló,145,san-francisco-lachigolo-145-70424
70424,El Pedregal,San Francisco Lachigoló,145,el-pedregal-145-70424
70424,Villa Alta,San Francisco Lachigoló,145,villa-alta-145-70424
70426,San Antonio Buenavista,San Sebastián Teitipac,349,san-antonio-buenavista-349-70426
70426,San Sebastián Teitipac,San Sebastián Teitipac,349,san-sebastian-teitipac-349-70426
70428,Santa Ana del Valle,Santa Ana del Valle,356,santa-ana-del-valle-356-70428
70430,3 de Mayo,San Pablo Villa de Mitla,298,3-de-mayo-298-70430
70430,Las Salinas,San Pablo Villa de Mitla,298,las-salinas-298-70430
70430,El Rosario,San Pablo Villa de Mitla,298,el-rosario-298-70430
70430,El Aeropuerto,San Pablo Villa de Mitla,298,el-aeropuerto-298-70430
70430,Compositores,San Pablo Villa de Mitla,298,compositores-298-70430
70430,Lomas del Pedregal,San Pablo Villa de Mitla,298,lomas-del-pedregal-298-70430
70430,Independencia,San Pablo Villa de Mitla,298,independencia-298-70430
70430,El Tequio,San Pablo Villa de Mitla,298,el-tequio-298-70430
70430,El Progreso,San Pablo Villa de Mitla,298,el-progreso-298-70430
70430,El Trébol,San Pablo Villa de Mitla,298,el-trebol-298-70430
70430,Guadalupe Victoria,San Pablo Villa de Mitla,298,guadalupe-victoria-298-70430
70430,Libertad,San Pablo Villa de Mitla,298,libertad-298-70430
70430,San Pablo,San Pablo Villa de Mitla,298,san-pablo-298-70430
70430,San Pablo Villa de Mitla Centro,San Pablo Villa de Mitla,298,san-pablo-villa-de-mitla-centro-298-70430
70430,Xaagá,San Pablo Villa de Mitla,298,xaaga-298-70430
70430,Shaguibloo,San Pablo Villa de Mitla,298,shaguibloo-298-70430
70430,Los Presidentes,San Pablo Villa de Mitla,298,los-presidentes-298-70430
70430,Roobias,San Pablo Villa de Mitla,298,roobias-298-70430
70432,San Miguel Albarradas,San Pablo Villa de Mitla,298,san-miguel-albarradas-298-70432
70433,Santa María Albarradas,San Pablo Villa de Mitla,298,santa-maria-albarradas-298-70433
70434,San José del Paso,San Pablo Villa de Mitla,298,san-jose-del-paso-298-70434
70437,Unión Zapata (Loma Larga),San Pablo Villa de Mitla,298,union-zapata-loma-larga-298-70437
70440,Maguey Santo,Santiago Matatlán,475,maguey-santo-475-70440
70440,Pedregal,Santiago Matatlán,475,pedregal-475-70440
70440,Rancho Blanco,Santiago Matatlán,475,rancho-blanco-475-70440
70440,Santiago Matatlán,Santiago Matatlán,475,santiago-matatlan-475-70440
70442,San Pablo Guila,Santiago Matatlán,475,san-pablo-guila-475-70442
70445,San Felipe,Santiago Matatlán,475,san-felipe-475-70445
70446,Santo Domingo Albarradas,Santo Domingo Albarradas,506,santo-domingo-albarradas-506-70446
70450,Rojas de Cuauhtémoc,Rojas de Cuauhtémoc,078,rojas-de-cuauhtemoc-078-70450
70453,San Juan Teitipac,San Juan Teitipac,219,san-juan-teitipac-219-70453
70456,Santa Cruz Papalutla,Santa Cruz Papalutla,380,santa-cruz-papalutla-380-70456
70458,Magdalena Teitipac,Magdalena Teitipac,051,magdalena-teitipac-051-70458
70460,San Jerónimo Tlacochahuaya,San Jerónimo Tlacochahuaya,550,san-jeronimo-tlacochahuaya-550-70460
70461,Macuilxochitl de Artigas Carranza,San Jerónimo Tlacochahuaya,550,macuilxochitl-de-artigas-carranza-550-70461
70464,San Juan Guelavía,San Juan Guelavía,197,san-juan-guelavia-197-70464
70467,San Lucas Quiaviní,San Lucas Quiaviní,233,san-lucas-quiavini-233-70467
70470,San Juan del Río,San Juan del Río,194,san-juan-del-rio-194-70470
70474,San Bartolomé Quialana,San Bartolomé Quialana,118,san-bartolome-quialana-118-70474
70477,San Isidro Roaguía,San Lorenzo Albarradas,226,san-isidro-roaguia-226-70477
70477,San Lorenzo Albarradas,San Lorenzo Albarradas,226,san-lorenzo-albarradas-226-70477
70478,San Bartolo,San Lorenzo Albarradas,226,san-bartolo-226-70478
70479,Santa Ana del Río,San Lorenzo Albarradas,226,santa-ana-del-rio-226-70479
70480,San Pedro Totolápam Centro,San Pedro Totolápam,333,san-pedro-totolapam-centro-333-70480
70480,Vista Hermosa,San Pedro Totolápam,333,vista-hermosa-333-70480
70480,Plan de Román,San Pedro Totolápam,333,plan-de-roman-333-70480
70480,El Estudiante,San Pedro Totolápam,333,el-estudiante-333-70480
70480,Yeguri,San Pedro Totolápam,333,yeguri-333-70480
70480,Los Pinos,San Pedro Totolápam,333,los-pinos-333-70480
70480,El Trapichito,San Pedro Totolápam,333,el-trapichito-333-70480
70480,San Pedro,San Pedro Totolápam,333,san-pedro-333-70480
70480,Luis Donaldo Colosio,San Pedro Totolápam,333,luis-donaldo-colosio-333-70480
70482,San Juan Guegoyachi,San Pedro Totolápam,333,san-juan-guegoyachi-333-70482
70484,San José de Gracia,San Pedro Totolápam,333,san-jose-de-gracia-333-70484
70486,San Pedro Quiatoni,San Pedro Quiatoni,325,san-pedro-quiatoni-325-70486
70486,La Soledad Salinas,San Pedro Quiatoni,325,la-soledad-salinas-325-70486
70487,La Mancornada,San Pedro Quiatoni,325,la-mancornada-325-70487
70487,Portillo Jinete,San Pedro Quiatoni,325,portillo-jinete-325-70487
70487,El Romadito,San Pedro Quiatoni,325,el-romadito-325-70487
70488,San Pablo Lachiriega,San Pedro Quiatoni,325,san-pablo-lachiriega-325-70488
70488,El Porvenir,San Pedro Quiatoni,325,el-porvenir-325-70488
70488,Cerro Castoche,San Pedro Quiatoni,325,cerro-castoche-325-70488
70490,Río Seco,Santa María Zoquitlán,449,rio-seco-449-70490
70490,Santa María Zoquitlán,Santa María Zoquitlán,449,santa-maria-zoquitlan-449-70490
70494,El Potrero,Santa María Zoquitlán,449,el-potrero-449-70494
70495,San Dionisio Ocotepec,San Dionisio Ocotepec,131,san-dionisio-ocotepec-131-70495
70495,Lindavista,San Dionisio Ocotepec,131,lindavista-131-70495
70495,Fátima,San Dionisio Ocotepec,131,fatima-131-70495
70496,Agua Santa,San Dionisio Ocotepec,131,agua-santa-131-70496
70497,San Baltazar Guelavila,San Dionisio Ocotepec,131,san-baltazar-guelavila-131-70497
70498,Santo Tomás de Arriba,San Dionisio Ocotepec,131,santo-tomas-de-arriba-131-70498
70500,San Carlos Yautepec Centro,San Carlos Yautepec,125,san-carlos-yautepec-centro-125-70500
70500,El Ojo de Agua,San Carlos Yautepec,125,el-ojo-de-agua-125-70500
70500,El Manantial,San Carlos Yautepec,125,el-manantial-125-70500
70500,San Martín,San Carlos Yautepec,125,san-martin-125-70500
70503,San Baltazar Chivaguela (Lagunas),San Carlos Yautepec,125,san-baltazar-chivaguela-lagunas-125-70503
70503,El Platanar,San Carlos Yautepec,125,el-platanar-125-70503
70503,El Revolcadero,San Carlos Yautepec,125,el-revolcadero-125-70503
70503,La Chepín,San Carlos Yautepec,125,la-chepin-125-70503
70503,La Chirpa,San Carlos Yautepec,125,la-chirpa-125-70503
70503,Los Lengüitos (Rancho el Carmen),San Carlos Yautepec,125,los-lenguitos-rancho-el-carmen-125-70503
70503,San Antonio los Guajes,San Carlos Yautepec,125,san-antonio-los-guajes-125-70503
70503,San Isidro Tapanalá,San Carlos Yautepec,125,san-isidro-tapanala-125-70503
70503,San Pedro Lachigoba,San Carlos Yautepec,125,san-pedro-lachigoba-125-70503
70503,Yegalache,San Carlos Yautepec,125,yegalache-125-70503
70504,Asunción Lachixonase,San Carlos Yautepec,125,asuncion-lachixonase-125-70504
70504,Curva Colorada,San Carlos Yautepec,125,curva-colorada-125-70504
70504,El Arenal,San Carlos Yautepec,125,el-arenal-125-70504
70504,El Atascadero,San Carlos Yautepec,125,el-atascadero-125-70504
70504,El Jazmín,San Carlos Yautepec,125,el-jazmin-125-70504
70504,El Pipal,San Carlos Yautepec,125,el-pipal-125-70504
70504,El Zompantle,San Carlos Yautepec,125,el-zompantle-125-70504
70504,La Bolsa,San Carlos Yautepec,125,la-bolsa-125-70504
70504,La Flor,San Carlos Yautepec,125,la-flor-125-70504
70504,Llano Ocote,San Carlos Yautepec,125,llano-ocote-125-70504
70504,Los Magueyales,San Carlos Yautepec,125,los-magueyales-125-70504
70504,Los Ranchos,San Carlos Yautepec,125,los-ranchos-125-70504
70505,Santiago Lachivía,San Carlos Yautepec,125,santiago-lachivia-125-70505
70505,Santo Tomás Quierí,San Carlos Yautepec,125,santo-tomas-quieri-125-70505
70505,El Campamento,San Carlos Yautepec,125,el-campamento-125-70505
70505,San Miguel,San Carlos Yautepec,125,san-miguel-125-70505
70506,San Francisco Guichina,San Carlos Yautepec,125,san-francisco-guichina-125-70506
70506,La Baeza,San Carlos Yautepec,125,la-baeza-125-70506
70506,Rancho Candelaria,San Carlos Yautepec,125,rancho-candelaria-125-70506
70506,Yerba Santa,San Carlos Yautepec,125,yerba-santa-125-70506
70507,Guadalupe,San Carlos Yautepec,125,guadalupe-125-70507
70507,Agua Fría,San Carlos Yautepec,125,agua-fria-125-70507
70507,El Aguacate,San Carlos Yautepec,125,el-aguacate-125-70507
70507,El Arenal,San Carlos Yautepec,125,el-arenal-125-70507
70507,El Campamento,San Carlos Yautepec,125,el-campamento-125-70507
70507,La Magdalena,San Carlos Yautepec,125,la-magdalena-125-70507
70507,Los Orozco,San Carlos Yautepec,125,los-orozco-125-70507
70507,San Miguel Nitzaviguiti,San Carlos Yautepec,125,san-miguel-nitzaviguiti-125-70507
70507,Santa María Nizaviguiti,San Carlos Yautepec,125,santa-maria-nizaviguiti-125-70507
70507,Vereshiga,San Carlos Yautepec,125,vereshiga-125-70507
70508,Santiago Quiavicuzas,San Carlos Yautepec,125,santiago-quiavicuzas-125-70508
70508,El Manantial,San Carlos Yautepec,125,el-manantial-125-70508
70508,El Porvenir,San Carlos Yautepec,125,el-porvenir-125-70508
70508,El Vergel,San Carlos Yautepec,125,el-vergel-125-70508
70508,Jicalpextle,San Carlos Yautepec,125,jicalpextle-125-70508
70508,Rancho Río Mamey,San Carlos Yautepec,125,rancho-rio-mamey-125-70508
70508,Río Guela,San Carlos Yautepec,125,rio-guela-125-70508
70508,San Miguel,San Carlos Yautepec,125,san-miguel-125-70508
70508,Santa Cruz la Reforma,San Carlos Yautepec,125,santa-cruz-la-reforma-125-70508
70510,San Pablo Topiltepec,San Carlos Yautepec,125,san-pablo-topiltepec-125-70510
70510,San Pedro Tepalcatepec,San Carlos Yautepec,125,san-pedro-tepalcatepec-125-70510
70513,San Pedro Leapi,San Carlos Yautepec,125,san-pedro-leapi-125-70513
70513,San Sebastián,San Carlos Yautepec,125,san-sebastian-125-70513
70513,Santo Domingo Lachivitó,San Carlos Yautepec,125,santo-domingo-lachivito-125-70513
70514,San Isidro Manteca,San Carlos Yautepec,125,san-isidro-manteca-125-70514
70514,Santiago Vargas (Llano Santiago),San Carlos Yautepec,125,santiago-vargas-llano-santiago-125-70514
70515,San Lucas Ixcotepec,San Carlos Yautepec,125,san-lucas-ixcotepec-125-70515
70515,Agua Caliente,San Carlos Yautepec,125,agua-caliente-125-70515
70515,La Concordia,San Carlos Yautepec,125,la-concordia-125-70515
70515,La Esperanza,San Carlos Yautepec,125,la-esperanza-125-70515
70515,Las Flores,San Carlos Yautepec,125,las-flores-125-70515
70515,Oaxaca,San Carlos Yautepec,125,oaxaca-125-70515
70515,Río Nopal,San Carlos Yautepec,125,rio-nopal-125-70515
70516,San Matías Petacaltepec,San Carlos Yautepec,125,san-matias-petacaltepec-125-70516
70516,San Miguel Suchiltepec,San Carlos Yautepec,125,san-miguel-suchiltepec-125-70516
70516,San José Chiltepec,San Carlos Yautepec,125,san-jose-chiltepec-125-70516
70516,Santa María Candelaria,San Carlos Yautepec,125,santa-maria-candelaria-125-70516
70516,Santa Lucía Mecaltepec,San Carlos Yautepec,125,santa-lucia-mecaltepec-125-70516
70516,Cerro de Ocotito,San Carlos Yautepec,125,cerro-de-ocotito-125-70516
70516,Ojo de Caballo,San Carlos Yautepec,125,ojo-de-caballo-125-70516
70517,San Miguel Chongos,San Carlos Yautepec,125,san-miguel-chongos-125-70517
70517,Guadalupe Victoria,San Carlos Yautepec,125,guadalupe-victoria-125-70517
70520,Guadalupe Victoria,San Juan Juquila Mixes,200,guadalupe-victoria-200-70520
70520,San Juan Juquila Mixes,San Juan Juquila Mixes,200,san-juan-juquila-mixes-200-70520
70523,Asunción Acatlán,San Juan Juquila Mixes,200,asuncion-acatlan-200-70523
70529,Santo Domingo Narro,San Juan Juquila Mixes,200,santo-domingo-narro-200-70529
70530,San Juan Lachixila,Nejapa de Madero,064,san-juan-lachixila-064-70530
70531,San Martín de Porres,Nejapa de Madero,064,san-martin-de-porres-064-70531
70531,Nejapa de Madero,Nejapa de Madero,064,nejapa-de-madero-064-70531
70532,Las Ánimas,Nejapa de Madero,064,las-animas-064-70532
70532,Agencia de Policía El Gramal,Nejapa de Madero,064,agencia-de-policia-el-gramal-064-70532
70533,El Camarón,Nejapa de Madero,064,el-camaron-064-70533
70533,Nueva Esperanza,Nejapa de Madero,064,nueva-esperanza-064-70533
70533,Asunción,Nejapa de Madero,064,asuncion-064-70533
70533,Guadalupe,Nejapa de Madero,064,guadalupe-064-70533
70534,Buena Vista,Nejapa de Madero,064,buena-vista-064-70534
70534,América,Nejapa de Madero,064,america-064-70534
70534,Santa Cruz,Nejapa de Madero,064,santa-cruz-064-70534
70536,San Isidro Chihuiro,Nejapa de Madero,064,san-isidro-chihuiro-064-70536
70536,San José de las Flores,Nejapa de Madero,064,san-jose-de-las-flores-064-70536
70536,San Sebastián Jilotepec,Nejapa de Madero,064,san-sebastian-jilotepec-064-70536
70536,Arroyo Hormiga,Nejapa de Madero,064,arroyo-hormiga-064-70536
70540,Santa Ana Tavela,Santa Ana Tavela,357,santa-ana-tavela-357-70540
70546,San Juan Lajarcia,San Juan Lajarcia,204,san-juan-lajarcia-204-70546
70547,El Coyul,San Juan Lajarcia,204,el-coyul-204-70547
70550,San Bartolo Yautepec,San Bartolo Yautepec,122,san-bartolo-yautepec-122-70550
70560,Santa María Zapotitlán,Santa María Ecatepec,410,santa-maria-zapotitlan-410-70560
70561,La Reforma,Santa María Ecatepec,410,la-reforma-410-70561
70563,San Juan Acaltepec,Santa María Ecatepec,410,san-juan-acaltepec-410-70563
70565,Santa María Ecatepec,Santa María Ecatepec,410,santa-maria-ecatepec-410-70565
70565,San Lorenzo Jilotepequillo,Santa María Ecatepec,410,san-lorenzo-jilotepequillo-410-70565
70569,Santo Domingo Chontecomatlán,Santa María Ecatepec,410,santo-domingo-chontecomatlan-410-70569
70569,Santo Tomás Teipan,Santa María Ecatepec,410,santo-tomas-teipan-410-70569
70570,Asunción Tlacolulita,Asunción Tlacolulita,008,asuncion-tlacolulita-008-70570
70575,San Juan Alotepec,Asunción Tlacolulita,008,san-juan-alotepec-008-70575
70580,San Pedro Mártir Quiechapa,San Pedro Mártir Quiechapa,316,san-pedro-martir-quiechapa-316-70580
70586,Santa María Quiegolani,Santa María Quiegolani,428,santa-maria-quiegolani-428-70586
70587,Santiago Quiavigoló,Santa María Quiegolani,428,santiago-quiavigolo-428-70587
70588,San Andrés Tlahuilotepec,Santa María Quiegolani,428,san-andres-tlahuilotepec-428-70588
70588,San José Quianitas,Santa María Quiegolani,428,san-jose-quianitas-428-70588
70590,Santa Catarina Quioquitani,Santa Catarina Quioquitani,074,santa-catarina-quioquitani-074-70590
70595,Santa Catalina Quieri,Santa Catalina Quierí,361,santa-catalina-quieri-361-70595
70600,Salina Cruz Centro,Salina Cruz,079,salina-cruz-centro-079-70600
70610,Emiliano Zapata,Salina Cruz,079,emiliano-zapata-079-70610
70610,Hugo Mayoral,Salina Cruz,079,hugo-mayoral-079-70610
70610,Monte Albán,Salina Cruz,079,monte-alban-079-70610
70610,Aviación,Salina Cruz,079,aviacion-079-70610
70610,Miguel Hidalgo Oriente,Salina Cruz,079,miguel-hidalgo-oriente-079-70610
70610,Miguel Hidalgo Poniente,Salina Cruz,079,miguel-hidalgo-poniente-079-70610
70610,Vicente Guerrero,Salina Cruz,079,vicente-guerrero-079-70610
70612,Deportiva,Salina Cruz,079,deportiva-079-70612
70612,15 de Septiembre,Salina Cruz,079,15-de-septiembre-079-70612
70612,Alberto Blassi Vega,Salina Cruz,079,alberto-blassi-vega-079-70612
70612,Del Valle,Salina Cruz,079,del-valle-079-70612
70612,Agua Blanca,Salina Cruz,079,agua-blanca-079-70612
70612,5 de Diciembre,Salina Cruz,079,5-de-diciembre-079-70612
70612,Benito Juárez,Salina Cruz,079,benito-juarez-079-70612
70612,Lomas del Pedregal,Salina Cruz,079,lomas-del-pedregal-079-70612
70613,Del Bosque,Salina Cruz,079,del-bosque-079-70613
70613,Francisco I. Madero,Salina Cruz,079,francisco-i-madero-079-70613
70613,Granadillo,Salina Cruz,079,granadillo-079-70613
70613,Nuevo Ejidal,Salina Cruz,079,nuevo-ejidal-079-70613
70614,Adolfo López Mateos,Salina Cruz,079,adolfo-lopez-mateos-079-70614
70614,Cesar Linton,Salina Cruz,079,cesar-linton-079-70614
70614,Chapultepec,Salina Cruz,079,chapultepec-079-70614
70614,Jardines,Salina Cruz,079,jardines-079-70614
70614,Porfirio Díaz,Salina Cruz,079,porfirio-diaz-079-70614
70614,Alfredo López Ramos,Salina Cruz,079,alfredo-lopez-ramos-079-70614
70615,San José del Palmar,Salina Cruz,079,san-jose-del-palmar-079-70615
70615,Parque Industrial de Salina Cruz,Salina Cruz,079,parque-industrial-de-salina-cruz-079-70615
70620,Petrolera,Salina Cruz,079,petrolera-079-70620
70620,Refinería,Salina Cruz,079,refineria-079-70620
70620,Carlos G. Flores,Salina Cruz,079,carlos-g-flores-079-70620
70630,Independencia,Salina Cruz,079,independencia-079-70630
70630,Jesús Rasgado,Salina Cruz,079,jesus-rasgado-079-70630
70630,Lomas de Galindo,Salina Cruz,079,lomas-de-galindo-079-70630
70630,Los Pinos,Salina Cruz,079,los-pinos-079-70630
70630,Primero de Mayo,Salina Cruz,079,primero-de-mayo-079-70630
70633,González Manríquez,Salina Cruz,079,gonzalez-manriquez-079-70633
70633,Lindavista,Salina Cruz,079,lindavista-079-70633
70633,Lombardo Toledano,Salina Cruz,079,lombardo-toledano-079-70633
70633,Cerro Alto,Salina Cruz,079,cerro-alto-079-70633
70640,Boca del Río,Salina Cruz,079,boca-del-rio-079-70640
70650,San Pablo Norte,Salina Cruz,079,san-pablo-norte-079-70650
70650,5 de Febrero,Salina Cruz,079,5-de-febrero-079-70650
70650,Espinal,Salina Cruz,079,espinal-079-70650
70650,Juquilita,Salina Cruz,079,juquilita-079-70650
70650,Morelos,Salina Cruz,079,morelos-079-70650
70650,San Miguelito,Salina Cruz,079,san-miguelito-079-70650
70650,El Mirador,Salina Cruz,079,el-mirador-079-70650
70660,Héroes de Nacozari,Salina Cruz,079,heroes-de-nacozari-079-70660
70660,Nuevo,Salina Cruz,079,nuevo-079-70660
70660,Cuauhtémoc,Salina Cruz,079,cuauhtemoc-079-70660
70660,Naval,Salina Cruz,079,naval-079-70660
70664,La Hacienda (Palo Grande),Salina Cruz,079,la-hacienda-palo-grande-079-70664
70664,El Paraíso,Salina Cruz,079,el-paraiso-079-70664
70664,Vista Hermosa,Salina Cruz,079,vista-hermosa-079-70664
70665,Piedra Cuachi,Salina Cruz,079,piedra-cuachi-079-70665
70666,16 de Septiembre,Salina Cruz,079,16-de-septiembre-079-70666
70670,Juárez,Salina Cruz,079,juarez-079-70670
70670,Las Hormigas,Salina Cruz,079,las-hormigas-079-70670
70670,San Francisco,Salina Cruz,079,san-francisco-079-70670
70670,Santa Rosa,Salina Cruz,079,santa-rosa-079-70670
70680,Istmeña,Salina Cruz,079,istmena-079-70680
70680,Cantarranas,Salina Cruz,079,cantarranas-079-70680
70680,La Soledad,Salina Cruz,079,la-soledad-079-70680
70680,Las Brisas,Salina Cruz,079,las-brisas-079-70680
70680,San Juan,Salina Cruz,079,san-juan-079-70680
70680,San Martín,Salina Cruz,079,san-martin-079-70680
70680,Miramar,Salina Cruz,079,miramar-079-70680
70680,Ensenada la Ventosa,Salina Cruz,079,ensenada-la-ventosa-079-70680
70690,San Pablo Sur,Salina Cruz,079,san-pablo-sur-079-70690
70690,Guadalupe,Salina Cruz,079,guadalupe-079-70690
70690,Lázaro Cárdenas,Salina Cruz,079,lazaro-cardenas-079-70690
70690,Revolución,Salina Cruz,079,revolucion-079-70690
70690,Luis Donaldo Colosio,Salina Cruz,079,luis-donaldo-colosio-079-70690
70701,San Antonio Monterrey,Salina Cruz,079,san-antonio-monterrey-079-70701
70702,Guadalupe Hinojoza de Murat,Salina Cruz,079,guadalupe-hinojoza-de-murat-079-70702
70702,La Brecha,Salina Cruz,079,la-brecha-079-70702
70703,Playa Azul,Salina Cruz,079,playa-azul-079-70703
70703,Playa Brasil,Salina Cruz,079,playa-brasil-079-70703
70704,Salina del Marques,Salina Cruz,079,salina-del-marques-079-70704
70704,Santita,Salina Cruz,079,santita-079-70704
70704,Las Escolleras,Salina Cruz,079,las-escolleras-079-70704
70705,Villa la Esperanza (Ocotal),Santiago Lachiguiri,470,villa-la-esperanza-ocotal-470-70705
70705,Guigovelaga,Santiago Lachiguiri,470,guigovelaga-470-70705
70705,Santa María Nativitas Coatlán,Santiago Lachiguiri,470,santa-maria-nativitas-coatlan-470-70705
70706,Santiago Lachiguiri,Santiago Lachiguiri,470,santiago-lachiguiri-470-70706
70707,San Miguel,Santiago Lachiguiri,470,san-miguel-470-70707
70710,Aguascalientes,Santa María Jalapa del Marqués,418,aguascalientes-418-70710
70710,El Cerrito,Santa María Jalapa del Marqués,418,el-cerrito-418-70710
70710,El Rosario,Santa María Jalapa del Marqués,418,el-rosario-418-70710
70710,Lindavista,Santa María Jalapa del Marqués,418,lindavista-418-70710
70710,Santa María Jalapa del Marqués,Santa María Jalapa del Marqués,418,santa-maria-jalapa-del-marques-418-70710
70711,Llano Grande,Santa María Jalapa del Marqués,418,llano-grande-418-70711
70713,Llano Veria,Santa María Jalapa del Marqués,418,llano-veria-418-70713
70715,San Cristóbal,Santa María Jalapa del Marqués,418,san-cristobal-418-70715
70716,Santa María Totolapilla,Santa María Totolapilla,440,santa-maria-totolapilla-440-70716
70720,Del Carmen (Palo Grande),Santiago Laollaga,472,del-carmen-palo-grande-472-70720
70720,Santiago Laollaga,Santiago Laollaga,472,santiago-laollaga-472-70720
70723,Guichixu,Santiago Laollaga,472,guichixu-472-70723
70725,Guadalupe,Guevea de Humboldt,036,guadalupe-036-70725
70725,Guevea de Humboldt,Guevea de Humboldt,036,guevea-de-humboldt-036-70725
70725,Xadani,Guevea de Humboldt,036,xadani-036-70725
70726,Progreso,Guevea de Humboldt,036,progreso-036-70726
70726,Nueva Esperanza,Guevea de Humboldt,036,nueva-esperanza-036-70726
70726,La Cumbre,Guevea de Humboldt,036,la-cumbre-036-70726
70726,Cuajinicuil,Guevea de Humboldt,036,cuajinicuil-036-70726
70728,El Portillo,Guevea de Humboldt,036,el-portillo-036-70728
70728,Santa Cruz Ojo de Agua,Guevea de Humboldt,036,santa-cruz-ojo-de-agua-036-70728
70730,Santo Domingo Chihuitán,Santo Domingo Chihuitán,508,santo-domingo-chihuitan-508-70730
70730,San José,Santo Domingo Chihuitán,508,san-jose-508-70730
70735,Santa María Guienagati,Santa María Guienagati,412,santa-maria-guienagati-412-70735
70736,El Trapiche Guienagati,Santa María Guienagati,412,el-trapiche-guienagati-412-70736
70736,Algodón,Santa María Guienagati,412,algodon-412-70736
70736,Chayotepec,Santa María Guienagati,412,chayotepec-412-70736
70736,Cieneguilla,Santa María Guienagati,412,cieneguilla-412-70736
70736,El Caracol,Santa María Guienagati,412,el-caracol-412-70736
70736,El Mirador,Santa María Guienagati,412,el-mirador-412-70736
70736,El Palmar Algodón,Santa María Guienagati,412,el-palmar-algodon-412-70736
70736,La Botija,Santa María Guienagati,412,la-botija-412-70736
70736,La Cañada Chayotepec,Santa María Guienagati,412,la-canada-chayotepec-412-70736
70736,Llano Grande,Santa María Guienagati,412,llano-grande-412-70736
70736,Llano Zapote,Santa María Guienagati,412,llano-zapote-412-70736
70736,Loma de Tierra,Santa María Guienagati,412,loma-de-tierra-412-70736
70736,Nizayula,Santa María Guienagati,412,nizayula-412-70736
70736,Palenque,Santa María Guienagati,412,palenque-412-70736
70736,Rancho Nuevo,Santa María Guienagati,412,rancho-nuevo-412-70736
70736,Río Grande,Santa María Guienagati,412,rio-grande-412-70736
70737,Peña Blanca,Santa María Guienagati,412,pena-blanca-412-70737
70737,Arroyo Chino,Santa María Guienagati,412,arroyo-chino-412-70737
70737,Cerro Grande,Santa María Guienagati,412,cerro-grande-412-70737
70737,Jerusalén,Santa María Guienagati,412,jerusalen-412-70737
70737,Lachiguxé,Santa María Guienagati,412,lachiguxe-412-70737
70737,Los Valles,Santa María Guienagati,412,los-valles-412-70737
70737,Pie de Cerro,Santa María Guienagati,412,pie-de-cerro-412-70737
70737,Tres Marías,Santa María Guienagati,412,tres-marias-412-70737
70738,Arroyo Perla,Santa María Guienagati,412,arroyo-perla-412-70738
70738,Cerro Totopo,Santa María Guienagati,412,cerro-totopo-412-70738
70738,Cheguigo,Santa María Guienagati,412,cheguigo-412-70738
70738,Guiechona,Santa María Guienagati,412,guiechona-412-70738
70738,Guishihui,Santa María Guienagati,412,guishihui-412-70738
70738,La Chihuahua,Santa María Guienagati,412,la-chihuahua-412-70738
70738,Lachivixá,Santa María Guienagati,412,lachivixa-412-70738
70738,Nizavighana,Santa María Guienagati,412,nizavighana-412-70738
70738,Ocote Solo,Santa María Guienagati,412,ocote-solo-412-70738
70738,Palmar Dos,Santa María Guienagati,412,palmar-dos-412-70738
70738,Paso Limón,Santa María Guienagati,412,paso-limon-412-70738
70738,Puente Nizavighana,Santa María Guienagati,412,puente-nizavighana-412-70738
70740,San José,Magdalena Tequisistlán,052,san-jose-052-70740
70740,Lázaro Cárdenas,Magdalena Tequisistlán,052,lazaro-cardenas-052-70740
70740,Magdalena Tequisistlán,Magdalena Tequisistlán,052,magdalena-tequisistlan-052-70740
70740,San Miguel Ecatepec,Magdalena Tequisistlán,052,san-miguel-ecatepec-052-70740
70742,La Pajima,Magdalena Tequisistlán,052,la-pajima-052-70742
70744,Las Majadas,Magdalena Tequisistlán,052,las-majadas-052-70744
70745,San Pedro Jilotepec,Magdalena Tequisistlán,052,san-pedro-jilotepec-052-70745
70745,Marilú,Magdalena Tequisistlán,052,marilu-052-70745
70745,El Sauce (El Sauce Jilotepec),Magdalena Tequisistlán,052,el-sauce-el-sauce-jilotepec-052-70745
70746,Magdalena Tlacoltepec,Magdalena Tlacotepec,053,magdalena-tlacoltepec-053-70746
70750,San Pedro Comitancillo,San Pedro Comitancillo,305,san-pedro-comitancillo-305-70750
70755,Santa María Mixtequilla,Santa María Mixtequilla,421,santa-maria-mixtequilla-421-70755
70756,Santa Teresa de Jesús,Santa María Mixtequilla,421,santa-teresa-de-jesus-421-70756
70760,Los Tamarindos,Santo Domingo Tehuantepec,515,los-tamarindos-515-70760
70760,Miguel Hidalgo,Santo Domingo Tehuantepec,515,miguel-hidalgo-515-70760
70760,Asunción de María,Santo Domingo Tehuantepec,515,asuncion-de-maria-515-70760
70760,Guadalupe Hinojosa de Murat,Santo Domingo Tehuantepec,515,guadalupe-hinojosa-de-murat-515-70760
70760,Santa Elena de la Cruz,Santo Domingo Tehuantepec,515,santa-elena-de-la-cruz-515-70760
70760,Lázaro Cárdenas,Santo Domingo Tehuantepec,515,lazaro-cardenas-515-70760
70760,Sección 38,Santo Domingo Tehuantepec,515,seccion-38-515-70760
70760,Benito Juárez,Santo Domingo Tehuantepec,515,benito-juarez-515-70760
70760,El Cerrito,Santo Domingo Tehuantepec,515,el-cerrito-515-70760
70760,El Pitayal,Santo Domingo Tehuantepec,515,el-pitayal-515-70760
70760,Guichivere,Santo Domingo Tehuantepec,515,guichivere-515-70760
70760,Industrial,Santo Domingo Tehuantepec,515,industrial-515-70760
70760,INFONAVIT Sandunga,Santo Domingo Tehuantepec,515,infonavit-sandunga-515-70760
70760,Jalisco,Santo Domingo Tehuantepec,515,jalisco-515-70760
70760,La Ladrillera,Santo Domingo Tehuantepec,515,la-ladrillera-515-70760
70760,La Noria,Santo Domingo Tehuantepec,515,la-noria-515-70760
70760,La Soledad,Santo Domingo Tehuantepec,515,la-soledad-515-70760
70760,Lieza,Santo Domingo Tehuantepec,515,lieza-515-70760
70760,Los Tamarindos,Santo Domingo Tehuantepec,515,los-tamarindos-515-70760-4044
70760,San Antonio,Santo Domingo Tehuantepec,515,san-antonio-515-70760
70760,San Jacinto,Santo Domingo Tehuantepec,515,san-jacinto-515-70760
70760,San Jerónimo,Santo Domingo Tehuantepec,515,san-jeronimo-515-70760
70760,San Juanico,Santo Domingo Tehuantepec,515,san-juanico-515-70760
70760,San Pablo,Santo Domingo Tehuantepec,515,san-pablo-515-70760
70760,San Sebastián,Santo Domingo Tehuantepec,515,san-sebastian-515-70760
70760,Sección 3a de Santa Cruz Togolaba,Santo Domingo Tehuantepec,515,seccion-3a-de-santa-cruz-togolaba-515-70760
70760,Vixhana,Santo Domingo Tehuantepec,515,vixhana-515-70760
70760,Santo Domingo Tehuantepec Centro,Santo Domingo Tehuantepec,515,santo-domingo-tehuantepec-centro-515-70760
70760,Sección Corona,Santo Domingo Tehuantepec,515,seccion-corona-515-70760
70760,El Cairo,Santo Domingo Tehuantepec,515,el-cairo-515-70760
70760,15 de Septiembre,Santo Domingo Tehuantepec,515,15-de-septiembre-515-70760
70760,Jordán,Santo Domingo Tehuantepec,515,jordan-515-70760
70760,Santa María,Santo Domingo Tehuantepec,515,santa-maria-515-70760
70760,López Portillo,Santo Domingo Tehuantepec,515,lopez-portillo-515-70760
70760,La Raza,Santo Domingo Tehuantepec,515,la-raza-515-70760
70760,Sección 4a. de Santa Cruz,Santo Domingo Tehuantepec,515,seccion-4a-de-santa-cruz-515-70760
70760,Santa Cruz,Santo Domingo Tehuantepec,515,santa-cruz-515-70760
70760,Tagolaba,Santo Domingo Tehuantepec,515,tagolaba-515-70760
70760,Pearson,Santo Domingo Tehuantepec,515,pearson-515-70760
70760,El Zapotal,Santo Domingo Tehuantepec,515,el-zapotal-515-70760
70760,23 de Noviembre,Santo Domingo Tehuantepec,515,23-de-noviembre-515-70760
70760,Emiliano Zapata,Santo Domingo Tehuantepec,515,emiliano-zapata-515-70760
70760,Jardines del Siglo XXI,Santo Domingo Tehuantepec,515,jardines-del-siglo-xxi-515-70760
70760,San Luis,Santo Domingo Tehuantepec,515,san-luis-515-70760
70760,Huayacán,Santo Domingo Tehuantepec,515,huayacan-515-70760
70760,Villas del Sol,Santo Domingo Tehuantepec,515,villas-del-sol-515-70760
70760,19 de Marzo,Santo Domingo Tehuantepec,515,19-de-marzo-515-70760
70760,Santa Elena,Santo Domingo Tehuantepec,515,santa-elena-515-70760
70760,Las Flores,Santo Domingo Tehuantepec,515,las-flores-515-70760
70760,Las Pilas,Santo Domingo Tehuantepec,515,las-pilas-515-70760
70760,Las Tejas,Santo Domingo Tehuantepec,515,las-tejas-515-70760
70760,Alejandro Cruz Martínez,Santo Domingo Tehuantepec,515,alejandro-cruz-martinez-515-70760
70760,Guiengola,Santo Domingo Tehuantepec,515,guiengola-515-70760
70760,Flor de Azalea,Santo Domingo Tehuantepec,515,flor-de-azalea-515-70760
70762,San Vicente Mazatán,Santo Domingo Tehuantepec,515,san-vicente-mazatan-515-70762
70762,Guelaguechi,Santo Domingo Tehuantepec,515,guelaguechi-515-70762
70762,Morro de Mazatán,Santo Domingo Tehuantepec,515,morro-de-mazatan-515-70762
70762,Santa Gertrudis Miramar,Santo Domingo Tehuantepec,515,santa-gertrudis-miramar-515-70762
70763,Cajón de Piedra,Santo Domingo Tehuantepec,515,cajon-de-piedra-515-70763
70763,Pishishi,Santo Domingo Tehuantepec,515,pishishi-515-70763
70763,San José del Paraíso,Santo Domingo Tehuantepec,515,san-jose-del-paraiso-515-70763
70764,Rincón Moreno,Santo Domingo Tehuantepec,515,rincon-moreno-515-70764
70764,La Brecha (Lázaro Cárdenas),Santo Domingo Tehuantepec,515,la-brecha-lazaro-cardenas-515-70764
70765,Aguascalientes de Mazatán,Santo Domingo Tehuantepec,515,aguascalientes-de-mazatan-515-70765
70765,Santa Clara,Santo Domingo Tehuantepec,515,santa-clara-515-70765
70766,Santa Cruz Bamba y Garrapatero,Santo Domingo Tehuantepec,515,santa-cruz-bamba-y-garrapatero-515-70766
70766,Santa Cruz de Hidalgo,Santo Domingo Tehuantepec,515,santa-cruz-de-hidalgo-515-70766
70767,San Juan Zaragoza,Santo Domingo Tehuantepec,515,san-juan-zaragoza-515-70767
70769,Concepción Rincón Bamba,Santo Domingo Tehuantepec,515,concepcion-rincon-bamba-515-70769
70770,San Pedro Huamelula,San Pedro Huamelula,307,san-pedro-huamelula-307-70770
70770,Santa María,San Pedro Huamelula,307,santa-maria-307-70770
70771,Morro Ayuta,San Pedro Huamelula,307,morro-ayuta-307-70771
70771,El Coyul,San Pedro Huamelula,307,el-coyul-307-70771
70771,Río Seco,San Pedro Huamelula,307,rio-seco-307-70771
70771,Paja Blanca,San Pedro Huamelula,307,paja-blanca-307-70771
70773,Guayacán,San Pedro Huamelula,307,guayacan-307-70773
70773,El Bejuco,San Pedro Huamelula,307,el-bejuco-307-70773
70773,Tapanala,San Pedro Huamelula,307,tapanala-307-70773
70774,Playa Grande,San Pedro Huamelula,307,playa-grande-307-70774
70774,San Isidro Chacalapa,San Pedro Huamelula,307,san-isidro-chacalapa-307-70774
70776,San Francisco de Asís,San Pedro Huamelula,307,san-francisco-de-asis-307-70776
70777,San Pedro Huilotepec,San Pedro Huilotepec,308,san-pedro-huilotepec-308-70777
70778,San Diego,San Pedro Huilotepec,308,san-diego-308-70778
70780,Villa Hermosa,San Mateo del Mar,248,villa-hermosa-248-70780
70780,Huazatlán del Río,San Mateo del Mar,248,huazatlan-del-rio-248-70780
70780,San Mateo del Mar,San Mateo del Mar,248,san-mateo-del-mar-248-70780
70780,Laguna Santa Cruz,San Mateo del Mar,248,laguna-santa-cruz-248-70780
70783,Costa Rica,San Mateo del Mar,248,costa-rica-248-70783
70784,El Pacífico,San Mateo del Mar,248,el-pacifico-248-70784
70784,San Pablo,San Mateo del Mar,248,san-pablo-248-70784
70784,Juárez,San Mateo del Mar,248,juarez-248-70784
70785,La Reforma,San Mateo del Mar,248,la-reforma-248-70785
70785,Cuauhtémoc,San Mateo del Mar,248,cuauhtemoc-248-70785
70786,Costa Verde,Heroica Villa de San Blas Atempa,124,costa-verde-124-70786
70786,San Blas Atempa Centro,Heroica Villa de San Blas Atempa,124,san-blas-atempa-centro-124-70786
70786,San Marcial,Heroica Villa de San Blas Atempa,124,san-marcial-124-70786
70786,Dr. Génico,Heroica Villa de San Blas Atempa,124,dr-genico-124-70786
70786,20 de Noviembre,Heroica Villa de San Blas Atempa,124,20-de-noviembre-124-70786
70787,Rancho el Llano,Heroica Villa de San Blas Atempa,124,rancho-el-llano-124-70787
70787,Puente Madera,Heroica Villa de San Blas Atempa,124,puente-madera-124-70787
70789,Santa Rosa de Lima,Heroica Villa de San Blas Atempa,124,santa-rosa-de-lima-124-70789
70789,Monte Grande,Heroica Villa de San Blas Atempa,124,monte-grande-124-70789
70790,Santiago Astata,Santiago Astata,453,santiago-astata-453-70790
70794,Zimatán,Santiago Astata,453,zimatan-453-70794
70794,Barra de la Cruz,Santiago Astata,453,barra-de-la-cruz-453-70794
70795,San Miguel Tenango,San Miguel Tenango,282,san-miguel-tenango-282-70795
70800,El Tunillo,Miahuatlán de Porfirio Díaz,059,el-tunillo-059-70800
70800,La Soledad,Miahuatlán de Porfirio Díaz,059,la-soledad-059-70800
70800,Bramaderos,Miahuatlán de Porfirio Díaz,059,bramaderos-059-70800
70800,El Tepehuaje,Miahuatlán de Porfirio Díaz,059,el-tepehuaje-059-70800
70800,Mengoli de Morelos,Miahuatlán de Porfirio Díaz,059,mengoli-de-morelos-059-70800
70800,San José Llano Grande,Miahuatlán de Porfirio Díaz,059,san-jose-llano-grande-059-70800
70800,San Pedro Amatlan,Miahuatlán de Porfirio Díaz,059,san-pedro-amatlan-059-70800
70800,El Tlacuache,Miahuatlán de Porfirio Díaz,059,el-tlacuache-059-70800
70800,San Felipe Yegachín,Miahuatlán de Porfirio Díaz,059,san-felipe-yegachin-059-70800
70802,La Estancia,Miahuatlán de Porfirio Díaz,059,la-estancia-059-70802
70802,El Zompantle,Miahuatlán de Porfirio Díaz,059,el-zompantle-059-70802
70802,El Veinte,Miahuatlán de Porfirio Díaz,059,el-veinte-059-70802
70802,El Ramón,Miahuatlán de Porfirio Díaz,059,el-ramon-059-70802
70802,El Ocote,Miahuatlán de Porfirio Díaz,059,el-ocote-059-70802
70802,El Bejuco,Miahuatlán de Porfirio Díaz,059,el-bejuco-059-70802
70802,La Unión,Miahuatlán de Porfirio Díaz,059,la-union-059-70802
70802,San Pedro Coatlan,Miahuatlán de Porfirio Díaz,059,san-pedro-coatlan-059-70802
70802,Santa Catalina Coatlán,Miahuatlán de Porfirio Díaz,059,santa-catalina-coatlan-059-70802
70802,Agua de Sol,Miahuatlán de Porfirio Díaz,059,agua-de-sol-059-70802
70802,San Guillermo,Miahuatlán de Porfirio Díaz,059,san-guillermo-059-70802
70802,Guixe,Miahuatlán de Porfirio Díaz,059,guixe-059-70802
70803,Santa Catarina Roatina,Miahuatlán de Porfirio Díaz,059,santa-catarina-roatina-059-70803
70803,El Gueche,Miahuatlán de Porfirio Díaz,059,el-gueche-059-70803
70803,El Zapote,Miahuatlán de Porfirio Díaz,059,el-zapote-059-70803
70803,Santa Cruz Monjas,Miahuatlán de Porfirio Díaz,059,santa-cruz-monjas-059-70803
70803,Cerro Gordo,Miahuatlán de Porfirio Díaz,059,cerro-gordo-059-70803
70803,Dolores,Miahuatlán de Porfirio Díaz,059,dolores-059-70803
70803,San Miguel Yogovana,Miahuatlán de Porfirio Díaz,059,san-miguel-yogovana-059-70803
70805,Dolores,Miahuatlán de Porfirio Díaz,059,dolores-059-70805
70805,Cañada Dolores,Miahuatlán de Porfirio Díaz,059,canada-dolores-059-70805
70805,14 de Febrero,Miahuatlán de Porfirio Díaz,059,14-de-febrero-059-70805
70805,La Pilastra,Miahuatlán de Porfirio Díaz,059,la-pilastra-059-70805
70805,El Bado,Miahuatlán de Porfirio Díaz,059,el-bado-059-70805
70805,Loma de la Cruz,Miahuatlán de Porfirio Díaz,059,loma-de-la-cruz-059-70805
70805,Santa Ines,Miahuatlán de Porfirio Díaz,059,santa-ines-059-70805
70805,13 de Septiembre,Miahuatlán de Porfirio Díaz,059,13-de-septiembre-059-70805
70805,Hidalgo Mezquites,Miahuatlán de Porfirio Díaz,059,hidalgo-mezquites-059-70805
70805,Santa Cruz,Miahuatlán de Porfirio Díaz,059,santa-cruz-059-70805
70805,Valle Miahuatlán,Miahuatlán de Porfirio Díaz,059,valle-miahuatlan-059-70805
70805,Real Los Pinos,Miahuatlán de Porfirio Díaz,059,real-los-pinos-059-70805
70805,Naturaleza El Guayabo,Miahuatlán de Porfirio Díaz,059,naturaleza-el-guayabo-059-70805
70805,El Fresno,Miahuatlán de Porfirio Díaz,059,el-fresno-059-70805
70805,San Miguel,Miahuatlán de Porfirio Díaz,059,san-miguel-059-70805
70805,Jardines,Miahuatlán de Porfirio Díaz,059,jardines-059-70805
70805,Santa Rosa,Miahuatlán de Porfirio Díaz,059,santa-rosa-059-70805
70805,Santa Rosa de Lima,Miahuatlán de Porfirio Díaz,059,santa-rosa-de-lima-059-70805
70805,San Luis Rey,Miahuatlán de Porfirio Díaz,059,san-luis-rey-059-70805
70805,Abajo,Miahuatlán de Porfirio Díaz,059,abajo-059-70805
70805,Arriba,Miahuatlán de Porfirio Díaz,059,arriba-059-70805
70805,Benito Juárez,Miahuatlán de Porfirio Díaz,059,benito-juarez-059-70805
70805,Chico,Miahuatlán de Porfirio Díaz,059,chico-059-70805
70805,La Merced,Miahuatlán de Porfirio Díaz,059,la-merced-059-70805
70805,Loma Linda,Miahuatlán de Porfirio Díaz,059,loma-linda-059-70805
70805,San Francisco,Miahuatlán de Porfirio Díaz,059,san-francisco-059-70805
70805,Santa Cecilia,Miahuatlán de Porfirio Díaz,059,santa-cecilia-059-70805
70805,Miahuatlán de Porfirio Díaz Centro,Miahuatlán de Porfirio Díaz,059,miahuatlan-de-porfirio-diaz-centro-059-70805
70805,Porfirio Díaz,Miahuatlán de Porfirio Díaz,059,porfirio-diaz-059-70805
70805,20 de Noviembre,Miahuatlán de Porfirio Díaz,059,20-de-noviembre-059-70805
70805,San Juan Bosco,Miahuatlán de Porfirio Díaz,059,san-juan-bosco-059-70805
70805,Del Higo,Miahuatlán de Porfirio Díaz,059,del-higo-059-70805
70805,San Isidro,Miahuatlán de Porfirio Díaz,059,san-isidro-059-70805
70805,Emiliano Zapata,Miahuatlán de Porfirio Díaz,059,emiliano-zapata-059-70805
70805,El Gueche,Miahuatlán de Porfirio Díaz,059,el-gueche-059-70805
70805,Feliciano García,Miahuatlán de Porfirio Díaz,059,feliciano-garcia-059-70805
70805,San Antonio,Miahuatlán de Porfirio Díaz,059,san-antonio-059-70805
70805,Piloto Popular,Miahuatlán de Porfirio Díaz,059,piloto-popular-059-70805
70805,Ampliación Benito Juárez,Miahuatlán de Porfirio Díaz,059,ampliacion-benito-juarez-059-70805
70805,Labor del Rosario,Miahuatlán de Porfirio Díaz,059,labor-del-rosario-059-70805
70805,3 de Octubre,Miahuatlán de Porfirio Díaz,059,3-de-octubre-059-70805
70805,Universitaria,Miahuatlán de Porfirio Díaz,059,universitaria-059-70805
70805,Tierra Negra,Miahuatlán de Porfirio Díaz,059,tierra-negra-059-70805
70805,Deportiva,Miahuatlán de Porfirio Díaz,059,deportiva-059-70805
70805,Labor de Medina,Miahuatlán de Porfirio Díaz,059,labor-de-medina-059-70805
70805,Manuel Altamirano,Miahuatlán de Porfirio Díaz,059,manuel-altamirano-059-70805
70805,Aurora,Miahuatlán de Porfirio Díaz,059,aurora-059-70805
70805,San Martín Caballero,Miahuatlán de Porfirio Díaz,059,san-martin-caballero-059-70805
70805,Lachindo,Miahuatlán de Porfirio Díaz,059,lachindo-059-70805
70805,Televisa,Miahuatlán de Porfirio Díaz,059,televisa-059-70805
70805,Arenal,Miahuatlán de Porfirio Díaz,059,arenal-059-70805
70805,El Paraíso,Miahuatlán de Porfirio Díaz,059,el-paraiso-059-70805
70805,Miel del Valle,Miahuatlán de Porfirio Díaz,059,miel-del-valle-059-70805
70805,San Ignacio,Miahuatlán de Porfirio Díaz,059,san-ignacio-059-70805
70805,Los Arcos,Miahuatlán de Porfirio Díaz,059,los-arcos-059-70805
70805,La Esperanza,Miahuatlán de Porfirio Díaz,059,la-esperanza-059-70805
70806,San Nicolás,San Nicolás,289,san-nicolas-289-70806
70808,San Simón Almolongas,San Simón Almolongas,351,san-simon-almolongas-351-70808
70809,Río Anona,San Simón Almolongas,351,rio-anona-351-70809
70810,San Isidro Guishe,San Luis Amatlán,235,san-isidro-guishe-235-70810
70810,Lachiguizo,San Luis Amatlán,235,lachiguizo-235-70810
70810,Logoche,San Luis Amatlán,235,logoche-235-70810
70810,San Luis Amatlán,San Luis Amatlán,235,san-luis-amatlan-235-70810
70811,San Esteban Amatlán,San Luis Amatlán,235,san-esteban-amatlan-235-70811
70811,Sitio del Palmar,San Luis Amatlán,235,sitio-del-palmar-235-70811
70813,Rancho Mijangos,San José Lachiguiri,170,rancho-mijangos-170-70813
70813,Barrio Tercero (Salida del Arroyo),San José Lachiguiri,170,barrio-tercero-salida-del-arroyo-170-70813
70813,San José Lachiguiri,San José Lachiguiri,170,san-jose-lachiguiri-170-70813
70814,Santa María Lachivigoza,San José Lachiguiri,170,santa-maria-lachivigoza-170-70814
70814,Nuestra Señora Inmaculada de Juquila el Carrizal,San José Lachiguiri,170,nuestra-senora-inmaculada-de-juquila-el-carrizal-170-70814
70814,Nizagoche,San José Lachiguiri,170,nizagoche-170-70814
70816,Sitio de Xitlapehua,Sitio de Xitlapehua,538,sitio-de-xitlapehua-538-70816
70818,El Guayabo,San Francisco Logueche,146,el-guayabo-146-70818
70818,Nuevo,San Francisco Logueche,146,nuevo-146-70818
70818,San Francisco Logueche,San Francisco Logueche,146,san-francisco-logueche-146-70818
70818,El Costoche,San Francisco Logueche,146,el-costoche-146-70818
70819,Bramadero,San Francisco Logueche,146,bramadero-146-70819
70820,Santa Ana,Santa Ana,353,santa-ana-353-70820
70823,Abajo,Santa Cruz Xitla,384,abajo-384-70823
70823,San Bernardo,Santa Cruz Xitla,384,san-bernardo-384-70823
70823,Santa Cruz Xitla,Santa Cruz Xitla,384,santa-cruz-xitla-384-70823
70826,La Guadalupe,Monjas,061,la-guadalupe-061-70826
70826,Los Pocitos Monjas,Monjas,061,los-pocitos-monjas-061-70826
70826,La Unión,Monjas,061,la-union-061-70826
70826,Monjas,Monjas,061,monjas-061-70826
70827,Santa María Velato,Monjas,061,santa-maria-velato-061-70827
70828,San Ildefonso Amatlán,San Ildefonso Amatlán,154,san-ildefonso-amatlan-154-70828
70828,Santo Domingo Amatlán,San Ildefonso Amatlán,154,santo-domingo-amatlan-154-70828
70829,La Reforma,San Ildefonso Amatlán,154,la-reforma-154-70829
70829,Yojuela,San Ildefonso Amatlán,154,yojuela-154-70829
70830,Santa Catarina Cuixtla,Santa Catarina Cuixtla,362,santa-catarina-cuixtla-362-70830
70833,La Ocotera,San José del Peñasco,167,la-ocotera-167-70833
70833,El Yagalán,San José del Peñasco,167,el-yagalan-167-70833
70833,La Labor,San José del Peñasco,167,la-labor-167-70833
70833,San José del Peñasco,San José del Peñasco,167,san-jose-del-penasco-167-70833
70834,El Tabaje,San José del Peñasco,167,el-tabaje-167-70834
70835,San Cristóbal Amatlán,San Cristóbal Amatlán,126,san-cristobal-amatlan-126-70835
70836,San Andrés Mixtepec,San Cristóbal Amatlán,126,san-andres-mixtepec-126-70836
70836,San Lorenzo Mixtepec,San Cristóbal Amatlán,126,san-lorenzo-mixtepec-126-70836
70837,San Agustín Mixtepec,San Cristóbal Amatlán,126,san-agustin-mixtepec-126-70837
70838,San Juan Mixtepec Distrito 26,San Juan Mixtepec -Dto. 26 -,209,san-juan-mixtepec-distrito-26-209-70838
70839,San Pedro Mixtepec Distrito 26,San Pedro Mixtepec -Dto. 26 -,319,san-pedro-mixtepec-distrito-26-319-70839
70840,Santa Lucía Miahuatlán,Santa Lucía Miahuatlán,391,santa-lucia-miahuatlan-391-70840
70842,La Chinilla,Santa Lucía Miahuatlán,391,la-chinilla-391-70842
70843,Llano de León,San Jerónimo Coatlán,159,llano-de-leon-159-70843
70843,Soledad Piedra Larga,San Jerónimo Coatlán,159,soledad-piedra-larga-159-70843
70843,Las Palmas,San Jerónimo Coatlán,159,las-palmas-159-70843
70844,San Cristóbal Honduras,San Jerónimo Coatlán,159,san-cristobal-honduras-159-70844
70844,San Jerónimo Coatlán,San Jerónimo Coatlán,159,san-jeronimo-coatlan-159-70844
70844,Santo Domingo Coatlán,San Jerónimo Coatlán,159,santo-domingo-coatlan-159-70844
70844,El Progreso,San Jerónimo Coatlán,159,el-progreso-159-70844
70845,El Mirador,San Jerónimo Coatlán,159,el-mirador-159-70845
70850,San Sebastián Coatlán,San Sebastián Coatlán,344,san-sebastian-coatlan-344-70850
70851,Porvenir de Ballesteros,San Sebastián Coatlán,344,porvenir-de-ballesteros-344-70851
70852,El Gavilán,San Sebastián Coatlán,344,el-gavilan-344-70852
70854,San José Cieneguilla,San Sebastián Coatlán,344,san-jose-cieneguilla-344-70854
70855,San Antonio Lalana,San Pablo Coatlán,291,san-antonio-lalana-291-70855
70855,San Francisco Coatlán,San Pablo Coatlán,291,san-francisco-coatlan-291-70855
70855,San Pablo Coatlán,San Pablo Coatlán,291,san-pablo-coatlan-291-70855
70855,Santa María Coatlan,San Pablo Coatlán,291,santa-maria-coatlan-291-70855
70860,San Mateo Río Hondo,San Mateo Río Hondo,254,san-mateo-rio-hondo-254-70860
70861,San José del Pacífico,San Mateo Río Hondo,254,san-jose-del-pacifico-254-70861
70862,San Ildefonso Ozolotepec,San Mateo Río Hondo,254,san-ildefonso-ozolotepec-254-70862
70863,La Victoria,San Mateo Río Hondo,254,la-victoria-254-70863
70864,El Progreso,San Mateo Río Hondo,254,el-progreso-254-70864
70866,Santo Tomás Tamazulapan,Santo Tomás Tamazulapan,533,santo-tomas-tamazulapan-533-70866
70868,El Portillo Paxtlán (San Andrés),San Andrés Paxtlán,095,el-portillo-paxtlan-san-andres-095-70868
70868,San Andrés Paxtlán,San Andrés Paxtlán,095,san-andres-paxtlan-095-70868
70869,La Ciénega,San Andrés Paxtlán,095,la-cienega-095-70869
70869,El Carrizal,San Andrés Paxtlán,095,el-carrizal-095-70869
70869,Rancho Cerezal,San Andrés Paxtlán,095,rancho-cerezal-095-70869
70869,La Concepción,San Andrés Paxtlán,095,la-concepcion-095-70869
70869,La Venta,San Andrés Paxtlán,095,la-venta-095-70869
70870,San Esteban Ozolotepec,Santa María Ozolotepec,424,san-esteban-ozolotepec-424-70870
70870,San Gregorio Ozolotepec,Santa María Ozolotepec,424,san-gregorio-ozolotepec-424-70870
70870,Santa María Ozolotepec,Santa María Ozolotepec,424,santa-maria-ozolotepec-424-70870
70872,San Pablo Ozolotepec,Santa María Ozolotepec,424,san-pablo-ozolotepec-424-70872
70873,Santa Cruz Ozolotepec,Santa María Ozolotepec,424,santa-cruz-ozolotepec-424-70873
70874,San Miguel Coatlán,San Miguel Coatlán,263,san-miguel-coatlan-263-70874
70875,Llano Grande,San Miguel Coatlán,263,llano-grande-263-70875
70877,Río Molino,San Sebastián Río Hondo,347,rio-molino-347-70877
70877,Piedra Negra,San Sebastián Río Hondo,347,piedra-negra-347-70877
70877,Tres Ocotes,San Sebastián Río Hondo,347,tres-ocotes-347-70877
70877,San Sebastián Río Hondo,San Sebastián Río Hondo,347,san-sebastian-rio-hondo-347-70877
70878,San Felipe Cieneguilla,San Sebastián Río Hondo,347,san-felipe-cieneguilla-347-70878
70878,El Jefe,San Sebastián Río Hondo,347,el-jefe-347-70878
70878,La Fábrica,San Sebastián Río Hondo,347,la-fabrica-347-70878
70878,Cieneguilla,San Sebastián Río Hondo,347,cieneguilla-347-70878
70878,San Bernardo,San Sebastián Río Hondo,347,san-bernardo-347-70878
70880,San Miguel Suchixtepec,San Miguel Suchixtepec,279,san-miguel-suchixtepec-279-70880
70882,Loma Morillo,San Miguel Suchixtepec,279,loma-morillo-279-70882
70884,Santo Domingo Ozolotepec,Santo Domingo Ozolotepec,512,santo-domingo-ozolotepec-512-70884
70887,San Francisco Ozolotepec,San Francisco Ozolotepec,148,san-francisco-ozolotepec-148-70887
70888,San Juan Guiavine,San Francisco Ozolotepec,148,san-juan-guiavine-148-70888
70889,San José Ozolotepec,San Francisco Ozolotepec,148,san-jose-ozolotepec-148-70889
70890,San Felipe Lachillo,Santiago Xanica,495,san-felipe-lachillo-495-70890
70890,Santa María Coixtepec,Santiago Xanica,495,santa-maria-coixtepec-495-70890
70890,Santiago Xanica,Santiago Xanica,495,santiago-xanica-495-70890
70893,San Antonio Ozolotepec,Santiago Xanica,495,san-antonio-ozolotepec-495-70893
70894,San Marcial Ozolotepec,San Marcial Ozolotepec,236,san-marcial-ozolotepec-236-70894
70897,Santa Catarina Xanaguía,San Juan Ozolotepec,211,santa-catarina-xanaguia-211-70897
70897,San Andrés Loveno,San Juan Ozolotepec,211,san-andres-loveno-211-70897
70897,San Juan Ozolotepec,San Juan Ozolotepec,211,san-juan-ozolotepec-211-70897
70899,Santiago Lapaguía,San Juan Ozolotepec,211,santiago-lapaguia-211-70899
70900,San Agustín,San Pedro Pochutla,324,san-agustin-324-70900
70900,Loma del Carmen,San Pedro Pochutla,324,loma-del-carmen-324-70900
70900,Chico,San Pedro Pochutla,324,chico-324-70900
70900,La Pasadita,San Pedro Pochutla,324,la-pasadita-324-70900
70900,Magisterial,San Pedro Pochutla,324,magisterial-324-70900
70900,Del Panteón,San Pedro Pochutla,324,del-panteon-324-70900
70900,Loma Larga,San Pedro Pochutla,324,loma-larga-324-70900
70900,Nueva Chapingo,San Pedro Pochutla,324,nueva-chapingo-324-70900
70900,Mendillo 1ra. Sección,San Pedro Pochutla,324,mendillo-1ra-seccion-324-70900
70900,Sección 1ra.,San Pedro Pochutla,324,seccion-1ra-324-70900
70900,Sección 2da.,San Pedro Pochutla,324,seccion-2da-324-70900
70900,Sección 3ra.,San Pedro Pochutla,324,seccion-3ra-324-70900
70900,Sección 4ta.,San Pedro Pochutla,324,seccion-4ta-324-70900
70900,San Pedro Pochutla Centro,San Pedro Pochutla,324,san-pedro-pochutla-centro-324-70900
70900,De Jesús,San Pedro Pochutla,324,de-jesus-324-70900
70900,Guaindingelo,San Pedro Pochutla,324,guaindingelo-324-70900
70900,Medina,San Pedro Pochutla,324,medina-324-70900
70900,San Francisco,San Pedro Pochutla,324,san-francisco-324-70900
70900,Emiliano Zapata,San Pedro Pochutla,324,emiliano-zapata-324-70900
70900,La Cruz Del Siglo,San Pedro Pochutla,324,la-cruz-del-siglo-324-70900
70900,Loma Cruz,San Pedro Pochutla,324,loma-cruz-324-70900
70900,Nuevo Chapingo,San Pedro Pochutla,324,nuevo-chapingo-324-70900
70900,Siloe 4ta. Sección,San Pedro Pochutla,324,siloe-4ta-seccion-324-70900
70900,Laguna Seca,San Pedro Pochutla,324,laguna-seca-324-70900
70900,Joberito 4ta. Sección,San Pedro Pochutla,324,joberito-4ta-seccion-324-70900
70900,Barranquilla,San Pedro Pochutla,324,barranquilla-324-70900
70900,Laborillo,San Pedro Pochutla,324,laborillo-324-70900
70900,Laguna Seca (Sección Cuarta),San Pedro Pochutla,324,laguna-seca-seccion-cuarta-324-70900
70900,La Guayabita,San Pedro Pochutla,324,la-guayabita-324-70900
70902,Barra de Cuatunalco,San Pedro Pochutla,324,barra-de-cuatunalco-324-70902
70902,Anclero,San Pedro Pochutla,324,anclero-324-70902
70902,Zapotal,San Pedro Pochutla,324,zapotal-324-70902
70902,Miramar,San Pedro Pochutla,324,miramar-324-70902
70902,Arroyo Cruz,San Pedro Pochutla,324,arroyo-cruz-324-70902
70902,La Ciénega III,San Pedro Pochutla,324,la-cienega-iii-324-70902
70902,Agete,San Pedro Pochutla,324,agete-324-70902
70902,Arroyo del Aguaje,San Pedro Pochutla,324,arroyo-del-aguaje-324-70902
70902,Del Sol,San Pedro Pochutla,324,del-sol-324-70902
70902,El Huamuche,San Pedro Pochutla,324,el-huamuche-324-70902
70902,Chicozapote,San Pedro Pochutla,324,chicozapote-324-70902
70902,El Faro,San Pedro Pochutla,324,el-faro-324-70902
70902,El Tajo,San Pedro Pochutla,324,el-tajo-324-70902
70902,Playa Estacahuite,San Pedro Pochutla,324,playa-estacahuite-324-70902
70902,San Martín,San Pedro Pochutla,324,san-martin-324-70902
70902,Puerto Ángel Centro,San Pedro Pochutla,324,puerto-angel-centro-324-70902
70902,Playa Zipolite,San Pedro Pochutla,324,playa-zipolite-324-70902
70902,La Mina,San Pedro Pochutla,324,la-mina-324-70902
70902,Playa Del Panteón,San Pedro Pochutla,324,playa-del-panteon-324-70902
70902,El Colorado,San Pedro Pochutla,324,el-colorado-324-70902
70902,Roca Blanca,San Pedro Pochutla,324,roca-blanca-324-70902
70902,El Vigía,San Pedro Pochutla,324,el-vigia-324-70902
70904,Arroyo Zapote,San Pedro Pochutla,324,arroyo-zapote-324-70904
70904,Corcovado Petaca,San Pedro Pochutla,324,corcovado-petaca-324-70904
70904,Pocitos,San Pedro Pochutla,324,pocitos-324-70904
70904,Tachicuno,San Pedro Pochutla,324,tachicuno-324-70904
70904,El Tololote,San Pedro Pochutla,324,el-tololote-324-70904
70904,San Miguel Figueroa,San Pedro Pochutla,324,san-miguel-figueroa-324-70904
70904,San José Chacalapa,San Pedro Pochutla,324,san-jose-chacalapa-324-70904
70904,Nuevo Toltepec,San Pedro Pochutla,324,nuevo-toltepec-324-70904
70904,Reyes,San Pedro Pochutla,324,reyes-324-70904
70904,Roque,San Pedro Pochutla,324,roque-324-70904
70904,Xonene,San Pedro Pochutla,324,xonene-324-70904
70904,Chepilme,San Pedro Pochutla,324,chepilme-324-70904
70904,Lagunilla,San Pedro Pochutla,324,lagunilla-324-70904
70904,Comala,San Pedro Pochutla,324,comala-324-70904
70905,San Isidro Limón,San Pedro Pochutla,324,san-isidro-limon-324-70905
70905,Santa María Limón,San Pedro Pochutla,324,santa-maria-limon-324-70905
70905,Benito Juárez,San Pedro Pochutla,324,benito-juarez-324-70905
70905,San Isidro Apango,San Pedro Pochutla,324,san-isidro-apango-324-70905
70905,El Encinal,San Pedro Pochutla,324,el-encinal-324-70905
70905,Los Naranjos Esquipulas,San Pedro Pochutla,324,los-naranjos-esquipulas-324-70905
70905,San Pedro Cafetitlán,San Pedro Pochutla,324,san-pedro-cafetitlan-324-70905
70906,Santo Domingo de Morelos,Santo Domingo de Morelos,509,santo-domingo-de-morelos-509-70906
70906,Cerro Hermoso,Santo Domingo de Morelos,509,cerro-hermoso-509-70906
70906,El Tamarindo,Santo Domingo de Morelos,509,el-tamarindo-509-70906
70906,Los Ciruelares,Santo Domingo de Morelos,509,los-ciruelares-509-70906
70907,Cerro Campana,Santo Domingo de Morelos,509,cerro-campana-509-70907
70907,Bajo Santo Domingo,Santo Domingo de Morelos,509,bajo-santo-domingo-509-70907
70907,Piedra del Sol,Santo Domingo de Morelos,509,piedra-del-sol-509-70907
70907,Nuevo,Santo Domingo de Morelos,509,nuevo-509-70907
70907,Alto,Santo Domingo de Morelos,509,alto-509-70907
70907,Cerro Campana Alto,Santo Domingo de Morelos,509,cerro-campana-alto-509-70907
70907,Cerro San Antonio,Santo Domingo de Morelos,509,cerro-san-antonio-509-70907
70907,Paso San Antonio,Santo Domingo de Morelos,509,paso-san-antonio-509-70907
70907,Río Grande,Santo Domingo de Morelos,509,rio-grande-509-70907
70908,San José Piedras Negras,Santo Domingo de Morelos,509,san-jose-piedras-negras-509-70908
70908,Las Cuevas,Santo Domingo de Morelos,509,las-cuevas-509-70908
70908,Cañada Brava,Santo Domingo de Morelos,509,canada-brava-509-70908
70908,Del Río,Santo Domingo de Morelos,509,del-rio-509-70908
70908,Las Pilas,Santo Domingo de Morelos,509,las-pilas-509-70908
70908,Macahuitera,Santo Domingo de Morelos,509,macahuitera-509-70908
70908,Taraguntín,Santo Domingo de Morelos,509,taraguntin-509-70908
70908,Yerba Santa,Santo Domingo de Morelos,509,yerba-santa-509-70908
70910,Santa Catarina Loxicha,Santa Catarina Loxicha,366,santa-catarina-loxicha-366-70910
70920,San José de la Unión,San Agustín Loxicha,085,san-jose-de-la-union-085-70920
70920,Cerro Cantor,San Agustín Loxicha,085,cerro-cantor-085-70920
70920,La Primavera,San Agustín Loxicha,085,la-primavera-085-70920
70920,El Guapinol,San Agustín Loxicha,085,el-guapinol-085-70920
70920,La Gloria,San Agustín Loxicha,085,la-gloria-085-70920
70920,Buenavista Loxicha,San Agustín Loxicha,085,buenavista-loxicha-085-70920
70920,Tierra Blanca,San Agustín Loxicha,085,tierra-blanca-085-70920
70921,San Martín,San Agustín Loxicha,085,san-martin-085-70921
70921,Guadalupe,San Agustín Loxicha,085,guadalupe-085-70921
70921,San Pedro,San Agustín Loxicha,085,san-pedro-085-70921
70921,El Paraíso,San Agustín Loxicha,085,el-paraiso-085-70921
70921,Tres Cruces,San Agustín Loxicha,085,tres-cruces-085-70921
70921,Nueva Esperanza,San Agustín Loxicha,085,nueva-esperanza-085-70921
70921,Chilapa,San Agustín Loxicha,085,chilapa-085-70921
70921,La Sirena,San Agustín Loxicha,085,la-sirena-085-70921
70921,Quelove,San Agustín Loxicha,085,quelove-085-70921
70921,San Agustín Loxicha,San Agustín Loxicha,085,san-agustin-loxicha-085-70921
70921,San Vicente Yogodoy,San Agustín Loxicha,085,san-vicente-yogodoy-085-70921
70923,La Paz Obispo,San Agustín Loxicha,085,la-paz-obispo-085-70923
70923,Río Linda Vista,San Agustín Loxicha,085,rio-linda-vista-085-70923
70923,Portillo Luciérnaga,San Agustín Loxicha,085,portillo-luciernaga-085-70923
70923,Desviación Copalita (Progreso),San Agustín Loxicha,085,desviacion-copalita-progreso-085-70923
70923,Tovalá Copalita,San Agustín Loxicha,085,tovala-copalita-085-70923
70923,El Portillo,San Agustín Loxicha,085,el-portillo-085-70923
70923,El Aguacate,San Agustín Loxicha,085,el-aguacate-085-70923
70924,San Isidro Miramar,San Agustín Loxicha,085,san-isidro-miramar-085-70924
70924,Río Granada,San Agustín Loxicha,085,rio-granada-085-70924
70924,Ampliación Tres Cruces,San Agustín Loxicha,085,ampliacion-tres-cruces-085-70924
70924,La Conchuda,San Agustín Loxicha,085,la-conchuda-085-70924
70925,Piedra Cuache,San Agustín Loxicha,085,piedra-cuache-085-70925
70925,San Isidro Camalote,San Agustín Loxicha,085,san-isidro-camalote-085-70925
70925,Santa María el Platanar,San Agustín Loxicha,085,santa-maria-el-platanar-085-70925
70925,Santa María Bella Vista,San Agustín Loxicha,085,santa-maria-bella-vista-085-70925
70925,La Soledad,San Agustín Loxicha,085,la-soledad-085-70925
70925,Santa Cruz Miramar,San Agustín Loxicha,085,santa-cruz-miramar-085-70925
70925,San Francisco Loxicha,San Agustín Loxicha,085,san-francisco-loxicha-085-70925
70926,Río Grande,San Agustín Loxicha,085,rio-grande-085-70926
70926,Río Guayabal,San Agustín Loxicha,085,rio-guayabal-085-70926
70926,El Corozal,San Agustín Loxicha,085,el-corozal-085-70926
70926,Cerro Ciego,San Agustín Loxicha,085,cerro-ciego-085-70926
70926,Cerro Clanes Magdalena,San Agustín Loxicha,085,cerro-clanes-magdalena-085-70926
70926,Paso Limón,San Agustín Loxicha,085,paso-limon-085-70926
70926,El Camalote,San Agustín Loxicha,085,el-camalote-085-70926
70926,Toma de Agua,San Agustín Loxicha,085,toma-de-agua-085-70926
70926,El Portillo,San Agustín Loxicha,085,el-portillo-085-70926
70926,Magdalena Loxicha,San Agustín Loxicha,085,magdalena-loxicha-085-70926
70926,Piedra Virgen,San Agustín Loxicha,085,piedra-virgen-085-70926
70926,Santa Cruz,San Agustín Loxicha,085,santa-cruz-085-70926
70927,Loma Bonita Loxicha,San Agustín Loxicha,085,loma-bonita-loxicha-085-70927
70927,Santa Cruz de las Flores,San Agustín Loxicha,085,santa-cruz-de-las-flores-085-70927
70927,El Manantial,San Agustín Loxicha,085,el-manantial-085-70927
70927,Llano Mamey,San Agustín Loxicha,085,llano-mamey-085-70927
70927,Tierra Blanca San Vicente,San Agustín Loxicha,085,tierra-blanca-san-vicente-085-70927
70927,Llano Palmar,San Agustín Loxicha,085,llano-palmar-085-70927
70927,Santa Cruz Loxicha,San Agustín Loxicha,085,santa-cruz-loxicha-085-70927
70930,San Baltazar Loxicha,San Baltazar Loxicha,113,san-baltazar-loxicha-113-70930
70930,Santa Martha Loxicha,San Baltazar Loxicha,113,santa-martha-loxicha-113-70930
70934,Punta de Zicatela,Santa María Colotepec,401,punta-de-zicatela-401-70934
70934,Marinero,Santa María Colotepec,401,marinero-401-70934
70934,Zona Militar,Santa María Colotepec,401,zona-militar-401-70934
70934,Lázaro Cárdenas,Santa María Colotepec,401,lazaro-cardenas-401-70934
70934,Los Tamarindos,Santa María Colotepec,401,los-tamarindos-401-70934
70934,Brisas de Zicatela,Santa María Colotepec,401,brisas-de-zicatela-401-70934
70934,Emiliano Zapata,Santa María Colotepec,401,emiliano-zapata-401-70934
70934,Lomas del Puerto,Santa María Colotepec,401,lomas-del-puerto-401-70934
70934,El Porvenir,Santa María Colotepec,401,el-porvenir-401-70934
70934,Santa María,Santa María Colotepec,401,santa-maria-401-70934
70934,Santa Fe,Santa María Colotepec,401,santa-fe-401-70934
70934,San Agustín,Santa María Colotepec,401,san-agustin-401-70934
70934,Comunidad Ecológica Punta de Zicatela,Santa María Colotepec,401,comunidad-ecologica-punta-de-zicatela-401-70934
70934,Libertad,Santa María Colotepec,401,libertad-401-70934
70934,Zicatela,Santa María Colotepec,401,zicatela-401-70934
70934,Lindavista,Santa María Colotepec,401,lindavista-401-70934
70935,El Potrero,Santa María Colotepec,401,el-potrero-401-70935
70935,El Bajo,Santa María Colotepec,401,el-bajo-401-70935
70935,San José el Quequestle,Santa María Colotepec,401,san-jose-el-quequestle-401-70935
70935,La Nueva Esperanza,Santa María Colotepec,401,la-nueva-esperanza-401-70935
70935,Paso Limón,Santa María Colotepec,401,paso-limon-401-70935
70935,La Obscurana,Santa María Colotepec,401,la-obscurana-401-70935
70935,Paso Lagarto,Santa María Colotepec,401,paso-lagarto-401-70935
70935,La Cruz,Santa María Colotepec,401,la-cruz-401-70935
70935,Cerro del Caballo,Santa María Colotepec,401,cerro-del-caballo-401-70935
70935,El Mameyal,Santa María Colotepec,401,el-mameyal-401-70935
70935,El Tecomate,Santa María Colotepec,401,el-tecomate-401-70935
70935,Lagunilla,Santa María Colotepec,401,lagunilla-401-70935
70935,Los Figueroa,Santa María Colotepec,401,los-figueroa-401-70935
70935,Los Sarmiento,Santa María Colotepec,401,los-sarmiento-401-70935
70935,Piedras Negras,Santa María Colotepec,401,piedras-negras-401-70935
70936,El Corozal,Santa María Colotepec,401,el-corozal-401-70936
70936,El Camalote,Santa María Colotepec,401,el-camalote-401-70936
70936,El Salitrero,Santa María Colotepec,401,el-salitrero-401-70936
70936,Las Carretas,Santa María Colotepec,401,las-carretas-401-70936
70936,Mata de Bule,Santa María Colotepec,401,mata-de-bule-401-70936
70936,La Toma,Santa María Colotepec,401,la-toma-401-70936
70936,Aguaje de la Danta,Santa María Colotepec,401,aguaje-de-la-danta-401-70936
70936,Cerro de la Olla,Santa María Colotepec,401,cerro-de-la-olla-401-70936
70936,Corozalito,Santa María Colotepec,401,corozalito-401-70936
70936,El Columpio,Santa María Colotepec,401,el-columpio-401-70936
70936,El Espino,Santa María Colotepec,401,el-espino-401-70936
70936,Junta del Potrero,Santa María Colotepec,401,junta-del-potrero-401-70936
70936,La Guitarra,Santa María Colotepec,401,la-guitarra-401-70936
70936,Los Naranjos,Santa María Colotepec,401,los-naranjos-401-70936
70936,Palma Sola,Santa María Colotepec,401,palma-sola-401-70936
70937,Santa María Colotepec,Santa María Colotepec,401,santa-maria-colotepec-401-70937
70937,El Tomatal,Santa María Colotepec,401,el-tomatal-401-70937
70937,Juan Diego,Santa María Colotepec,401,juan-diego-401-70937
70937,Santa Elena (El Puertecito),Santa María Colotepec,401,santa-elena-el-puertecito-401-70937
70937,Charco Seco,Santa María Colotepec,401,charco-seco-401-70937
70937,Los Reyes,Santa María Colotepec,401,los-reyes-401-70937
70937,Tierra Blanca,Santa María Colotepec,401,tierra-blanca-401-70937
70937,Abajo,Santa María Colotepec,401,abajo-401-70937
70937,Arriba,Santa María Colotepec,401,arriba-401-70937
70937,Arroyo Tomatal,Santa María Colotepec,401,arroyo-tomatal-401-70937
70937,El Rosedal,Santa María Colotepec,401,el-rosedal-401-70937
70937,El Rosedalito,Santa María Colotepec,401,el-rosedalito-401-70937
70937,Junta de Corrientes,Santa María Colotepec,401,junta-de-corrientes-401-70937
70937,Plataforma,Santa María Colotepec,401,plataforma-401-70937
70937,Rancho Dorado,Santa María Colotepec,401,rancho-dorado-401-70937
70937,Río Valdeflores,Santa María Colotepec,401,rio-valdeflores-401-70937
70937,San José el Palmar,Santa María Colotepec,401,san-jose-el-palmar-401-70937
70937,Valdeflores,Santa María Colotepec,401,valdeflores-401-70937
70937,Valdeflores Segunda Sección,Santa María Colotepec,401,valdeflores-segunda-seccion-401-70937
70938,El Malucano,Santa María Colotepec,401,el-malucano-401-70938
70938,Ventanilla,Santa María Colotepec,401,ventanilla-401-70938
70938,Barra de Navidad,Santa María Colotepec,401,barra-de-navidad-401-70938
70938,Arroyo del Bajo,Santa María Colotepec,401,arroyo-del-bajo-401-70938
70938,La Ceiba,Santa María Colotepec,401,la-ceiba-401-70938
70938,Arroyo del Zapote,Santa María Colotepec,401,arroyo-del-zapote-401-70938
70938,Las Garrochas,Santa María Colotepec,401,las-garrochas-401-70938
70938,La Barra de Colotepec,Santa María Colotepec,401,la-barra-de-colotepec-401-70938
70938,Aguaje de León,Santa María Colotepec,401,aguaje-de-leon-401-70938
70938,Aguaje Ramírez,Santa María Colotepec,401,aguaje-ramirez-401-70938
70938,Nuevo Amanecer,Santa María Colotepec,401,nuevo-amanecer-401-70938
70938,El Banco,Santa María Colotepec,401,el-banco-401-70938
70938,El Camarón,Santa María Colotepec,401,el-camaron-401-70938
70938,El Porvenir,Santa María Colotepec,401,el-porvenir-401-70938
70938,El Vitonchino,Santa María Colotepec,401,el-vitonchino-401-70938
70938,La Nopalera,Santa María Colotepec,401,la-nopalera-401-70938
70938,La Quebradora (La Bomba),Santa María Colotepec,401,la-quebradora-la-bomba-401-70938
70938,Laguna Encantada,Santa María Colotepec,401,laguna-encantada-401-70938
70938,Loma Bonita,Santa María Colotepec,401,loma-bonita-401-70938
70938,Los Naranjos (Los Naranjos Uno),Santa María Colotepec,401,los-naranjos-los-naranjos-uno-401-70938
70938,Los Vargas,Santa María Colotepec,401,los-vargas-401-70938
70938,Marinero,Santa María Colotepec,401,marinero-401-70938
70938,Quebrantahueso,Santa María Colotepec,401,quebrantahueso-401-70938
70938,Totolápam,Santa María Colotepec,401,totolapam-401-70938
70940,San Bartolomé Loxicha,San Bartolomé Loxicha,117,san-bartolome-loxicha-117-70940
70942,Paso Ancho,San Bartolomé Loxicha,117,paso-ancho-117-70942
70943,La Chinilla,San Bartolomé Loxicha,117,la-chinilla-117-70943
70944,Juana Boquita,Santa María Tonameca,439,juana-boquita-439-70944
70944,San Francisco Cozoaltepec,Santa María Tonameca,439,san-francisco-cozoaltepec-439-70944
70944,San Juanito o la Botija,Santa María Tonameca,439,san-juanito-o-la-botija-439-70944
70944,Cerro la Cruz,Santa María Tonameca,439,cerro-la-cruz-439-70944
70944,El Tule,Santa María Tonameca,439,el-tule-439-70944
70944,La Barra del Potrero,Santa María Tonameca,439,la-barra-del-potrero-439-70944
70944,Santa Elena el Tule,Santa María Tonameca,439,santa-elena-el-tule-439-70944
70944,Agua Blanca,Santa María Tonameca,439,agua-blanca-439-70944
70944,Villa Unión,Santa María Tonameca,439,villa-union-439-70944
70944,Tilzapote,Santa María Tonameca,439,tilzapote-439-70944
70944,El Trapiche,Santa María Tonameca,439,el-trapiche-439-70944
70944,Arroyo Arena,Santa María Tonameca,439,arroyo-arena-439-70944
70944,El Macuil,Santa María Tonameca,439,el-macuil-439-70944
70944,El Nanchal (San José el Nanchal),Santa María Tonameca,439,el-nanchal-san-jose-el-nanchal-439-70944
70944,El Parral,Santa María Tonameca,439,el-parral-439-70944
70944,El Progreso Cozoaltepec (El Progreso),Santa María Tonameca,439,el-progreso-cozoaltepec-el-progreso-439-70944
70944,El Tecomate,Santa María Tonameca,439,el-tecomate-439-70944
70944,El Zapote,Santa María Tonameca,439,el-zapote-439-70944
70944,Escobilla,Santa María Tonameca,439,escobilla-439-70944
70944,Guapinole,Santa María Tonameca,439,guapinole-439-70944
70944,La Culebra (Barrio la Culebra),Santa María Tonameca,439,la-culebra-barrio-la-culebra-439-70944
70944,La Oscurana,Santa María Tonameca,439,la-oscurana-439-70944
70944,La Rivera,Santa María Tonameca,439,la-rivera-439-70944
70944,La Soledad los García,Santa María Tonameca,439,la-soledad-los-garcia-439-70944
70944,Palma Larga,Santa María Tonameca,439,palma-larga-439-70944
70944,Paso las Garzas,Santa María Tonameca,439,paso-las-garzas-439-70944
70944,Paso Zanate,Santa María Tonameca,439,paso-zanate-439-70944
70944,San Bernardino,Santa María Tonameca,439,san-bernardino-439-70944
70944,San José,Santa María Tonameca,439,san-jose-439-70944
70944,Soluche,Santa María Tonameca,439,soluche-439-70944
70944,Soluta,Santa María Tonameca,439,soluta-439-70944
70945,Valdeflores,Santa María Tonameca,439,valdeflores-439-70945
70945,Paso Ocote,Santa María Tonameca,439,paso-ocote-439-70945
70945,Las Pilas,Santa María Tonameca,439,las-pilas-439-70945
70945,Pueblo Viejo,Santa María Tonameca,439,pueblo-viejo-439-70945
70945,El Chilar,Santa María Tonameca,439,el-chilar-439-70945
70945,El Gavilán,Santa María Tonameca,439,el-gavilan-439-70945
70945,El Limón,Santa María Tonameca,439,el-limon-439-70945
70945,El Manantial,Santa María Tonameca,439,el-manantial-439-70945
70945,El Mangal,Santa María Tonameca,439,el-mangal-439-70945
70945,El Paraíso,Santa María Tonameca,439,el-paraiso-439-70945
70945,El Regadillo,Santa María Tonameca,439,el-regadillo-439-70945
70945,La Anona,Santa María Tonameca,439,la-anona-439-70945
70945,La Crucecita,Santa María Tonameca,439,la-crucecita-439-70945
70945,La Unión,Santa María Tonameca,439,la-union-439-70945
70945,Lagunilla,Santa María Tonameca,439,lagunilla-439-70945
70945,Linda Vista,Santa María Tonameca,439,linda-vista-439-70945
70945,Los Ciruelos,Santa María Tonameca,439,los-ciruelos-439-70945
70945,San Isidro (Infiernillo),Santa María Tonameca,439,san-isidro-infiernillo-439-70945
70945,San Martín,Santa María Tonameca,439,san-martin-439-70945
70945,Tierra Nueva,Santa María Tonameca,439,tierra-nueva-439-70945
70945,Villa Nueva,Santa María Tonameca,439,villa-nueva-439-70945
70945,Yonguina,Santa María Tonameca,439,yonguina-439-70945
70946,Progreso Alto,Santa María Tonameca,439,progreso-alto-439-70946
70946,Progreso Bajo,Santa María Tonameca,439,progreso-bajo-439-70946
70946,El Panteón,Santa María Tonameca,439,el-panteon-439-70946
70946,El Horno,Santa María Tonameca,439,el-horno-439-70946
70946,Santa María Tonameca Centro,Santa María Tonameca,439,santa-maria-tonameca-centro-439-70946
70946,La Cruz,Santa María Tonameca,439,la-cruz-439-70946
70946,El Calvario,Santa María Tonameca,439,el-calvario-439-70946
70947,El Coco,Santa María Tonameca,439,el-coco-439-70947
70947,Cerro Gordo,Santa María Tonameca,439,cerro-gordo-439-70947
70947,Mazunte,Santa María Tonameca,439,mazunte-439-70947
70947,Ventanilla,Santa María Tonameca,439,ventanilla-439-70947
70947,La Reforma,Santa María Tonameca,439,la-reforma-439-70947
70947,Arroyo el Tres,Santa María Tonameca,439,arroyo-el-tres-439-70947
70947,Cuarto,Santa María Tonameca,439,cuarto-439-70947
70947,Cuatode,Santa María Tonameca,439,cuatode-439-70947
70947,El Carnero,Santa María Tonameca,439,el-carnero-439-70947
70947,El Peñasco,Santa María Tonameca,439,el-penasco-439-70947
70947,El Tigrero,Santa María Tonameca,439,el-tigrero-439-70947
70947,El Zapotal,Santa María Tonameca,439,el-zapotal-439-70947
70947,Frutilla,Santa María Tonameca,439,frutilla-439-70947
70947,La Florida,Santa María Tonameca,439,la-florida-439-70947
70947,Linda Vista,Santa María Tonameca,439,linda-vista-439-70947
70947,Llano Grande,Santa María Tonameca,439,llano-grande-439-70947
70947,Paso Lagarto,Santa María Tonameca,439,paso-lagarto-439-70947
70947,Puente Escondido,Santa María Tonameca,439,puente-escondido-439-70947
70947,Rincón Alegre,Santa María Tonameca,439,rincon-alegre-439-70947
70947,Rincón Bonito,Santa María Tonameca,439,rincon-bonito-439-70947
70947,San Agustinillo,Santa María Tonameca,439,san-agustinillo-439-70947
70947,San Antonio,Santa María Tonameca,439,san-antonio-439-70947
70947,Yerba Santa,Santa María Tonameca,439,yerba-santa-439-70947
70949,Macahuite,Santa María Tonameca,439,macahuite-439-70949
70949,Chacahua,Santa María Tonameca,439,chacahua-439-70949
70949,El Venado,Santa María Tonameca,439,el-venado-439-70949
70949,San Isidro del Palmar,Santa María Tonameca,439,san-isidro-del-palmar-439-70949
70949,Unión del Palmar,Santa María Tonameca,439,union-del-palmar-439-70949
70949,Vainilla Tonameca,Santa María Tonameca,439,vainilla-tonameca-439-70949
70949,Agostadero,Santa María Tonameca,439,agostadero-439-70949
70949,Agua Dulce,Santa María Tonameca,439,agua-dulce-439-70949
70949,Arroyo la Puerta,Santa María Tonameca,439,arroyo-la-puerta-439-70949
70949,Barranca Honda,Santa María Tonameca,439,barranca-honda-439-70949
70949,Charco de Agua,Santa María Tonameca,439,charco-de-agua-439-70949
70949,El Popoyote,Santa María Tonameca,439,el-popoyote-439-70949
70949,El Samaritan Tonameca,Santa María Tonameca,439,el-samaritan-tonameca-439-70949
70949,La Laguna del Palmar,Santa María Tonameca,439,la-laguna-del-palmar-439-70949
70949,Lagartero,Santa María Tonameca,439,lagartero-439-70949
70949,Piedra Ancha,Santa María Tonameca,439,piedra-ancha-439-70949
70949,Piedra Sepultura Miramar,Santa María Tonameca,439,piedra-sepultura-miramar-439-70949
70949,San Juan Piedras Negras,Santa María Tonameca,439,san-juan-piedras-negras-439-70949
70950,La Esperanza,Candelaria Loxicha,012,la-esperanza-012-70950
70950,El Calvario,Candelaria Loxicha,012,el-calvario-012-70950
70950,Nuevo,Candelaria Loxicha,012,nuevo-012-70950
70950,El Trapiche,Candelaria Loxicha,012,el-trapiche-012-70950
70950,San Lucas,Candelaria Loxicha,012,san-lucas-012-70950
70950,Candelaria Loxicha,Candelaria Loxicha,012,candelaria-loxicha-012-70950
70950,Santiago la Galera,Candelaria Loxicha,012,santiago-la-galera-012-70950
70950,San Martín Ondinas,Candelaria Loxicha,012,san-martin-ondinas-012-70950
70950,El Alacrán,Candelaria Loxicha,012,el-alacran-012-70950
70952,San Isidro del Camino,Candelaria Loxicha,012,san-isidro-del-camino-012-70952
70953,El Caulote,Candelaria Loxicha,012,el-caulote-012-70953
70953,Arroyo Piedra Horcones,Candelaria Loxicha,012,arroyo-piedra-horcones-012-70953
70953,Nuevo Valencia,Candelaria Loxicha,012,nuevo-valencia-012-70953
70953,Los Horcones,Candelaria Loxicha,012,los-horcones-012-70953
70954,La Guadalupe,Candelaria Loxicha,012,la-guadalupe-012-70954
70954,San Mateo,Candelaria Loxicha,012,san-mateo-012-70954
70954,El Molino,Candelaria Loxicha,012,el-molino-012-70954
70954,Azulillo,Candelaria Loxicha,012,azulillo-012-70954
70954,Río Candelaria,Candelaria Loxicha,012,rio-candelaria-012-70954
70955,La Ciénega,Candelaria Loxicha,012,la-cienega-012-70955
70956,Tierra Colorada,Candelaria Loxicha,012,tierra-colorada-012-70956
70956,La Finca,Candelaria Loxicha,012,la-finca-012-70956
70956,Río los Peces,Candelaria Loxicha,012,rio-los-peces-012-70956
70956,Santa Rita,Candelaria Loxicha,012,santa-rita-012-70956
70956,Tierra Blanca (Corozal),Candelaria Loxicha,012,tierra-blanca-corozal-012-70956
70956,Santa María Tepejipana,Candelaria Loxicha,012,santa-maria-tepejipana-012-70956
70956,El Zacatal,Candelaria Loxicha,012,el-zacatal-012-70956
70956,Miramar,Candelaria Loxicha,012,miramar-012-70956
70957,Cerro Cruz,Candelaria Loxicha,012,cerro-cruz-012-70957
70957,El Chilar,Candelaria Loxicha,012,el-chilar-012-70957
70957,San Agustín Río Culebra,Candelaria Loxicha,012,san-agustin-rio-culebra-012-70957
70960,Pluma Hidalgo,Pluma Hidalgo,071,pluma-hidalgo-071-70960
70963,Santa María Magdalena Piñas,Pluma Hidalgo,071,santa-maria-magdalena-pinas-071-70963
70963,Arroyo Zapote,Pluma Hidalgo,071,arroyo-zapote-071-70963
70963,La Noria,Pluma Hidalgo,071,la-noria-071-70963
70963,Nuevo (Cimarrón),Pluma Hidalgo,071,nuevo-cimarron-071-70963
70963,Buenos Aires,Pluma Hidalgo,071,buenos-aires-071-70963
70963,Cerro Ceso,Pluma Hidalgo,071,cerro-ceso-071-70963
70963,Conjunto Guadalupe,Pluma Hidalgo,071,conjunto-guadalupe-071-70963
70963,El Coco,Pluma Hidalgo,071,el-coco-071-70963
70963,El Jardín,Pluma Hidalgo,071,el-jardin-071-70963
70963,El Lirio,Pluma Hidalgo,071,el-lirio-071-70963
70963,El Manantial,Pluma Hidalgo,071,el-manantial-071-70963
70963,El Refugio,Pluma Hidalgo,071,el-refugio-071-70963
70963,El Renacimiento,Pluma Hidalgo,071,el-renacimiento-071-70963
70963,El Rosario,Pluma Hidalgo,071,el-rosario-071-70963
70963,El Triunfo,Pluma Hidalgo,071,el-triunfo-071-70963
70963,Fortín,Pluma Hidalgo,071,fortin-071-70963
70963,Guadalupe,Pluma Hidalgo,071,guadalupe-071-70963
70963,Iberia,Pluma Hidalgo,071,iberia-071-70963
70963,Independencia,Pluma Hidalgo,071,independencia-071-70963
70963,La Cabaña,Pluma Hidalgo,071,la-cabana-071-70963
70963,La Junta,Pluma Hidalgo,071,la-junta-071-70963
70963,La Loma,Pluma Hidalgo,071,la-loma-071-70963
70963,La Perla,Pluma Hidalgo,071,la-perla-071-70963
70963,La Soledad,Pluma Hidalgo,071,la-soledad-071-70963
70963,Los Reyes,Pluma Hidalgo,071,los-reyes-071-70963
70963,Maravillas,Pluma Hidalgo,071,maravillas-071-70963
70963,Margaritas,Pluma Hidalgo,071,margaritas-071-70963
70963,Montaña,Pluma Hidalgo,071,montana-071-70963
70963,Nazareno,Pluma Hidalgo,071,nazareno-071-70963
70963,Piedra Blanca,Pluma Hidalgo,071,piedra-blanca-071-70963
70963,Pocitos Cerro Azul,Pluma Hidalgo,071,pocitos-cerro-azul-071-70963
70963,Providencia,Pluma Hidalgo,071,providencia-071-70963
70963,San Antonio I,Pluma Hidalgo,071,san-antonio-i-071-70963
70963,San Martín,Pluma Hidalgo,071,san-martin-071-70963
70963,San Miguel el Rosario,Pluma Hidalgo,071,san-miguel-el-rosario-071-70963
70963,San Rafael,Pluma Hidalgo,071,san-rafael-071-70963
70963,Santa Anita,Pluma Hidalgo,071,santa-anita-071-70963
70963,Santa Cruz,Pluma Hidalgo,071,santa-cruz-071-70963
70963,Santa Elena,Pluma Hidalgo,071,santa-elena-071-70963
70963,Santa Fe,Pluma Hidalgo,071,santa-fe-071-70963
70963,Tres Cruces,Pluma Hidalgo,071,tres-cruces-071-70963
70963,Valdeflores,Pluma Hidalgo,071,valdeflores-071-70963
70963,Zaragoza,Pluma Hidalgo,071,zaragoza-071-70963
70964,América,Pluma Hidalgo,071,america-071-70964
70964,Allende,Pluma Hidalgo,071,allende-071-70964
70964,Brasil,Pluma Hidalgo,071,brasil-071-70964
70964,Buenos Aires,Pluma Hidalgo,071,buenos-aires-071-70964
70964,Carmen Alto,Pluma Hidalgo,071,carmen-alto-071-70964
70964,Coachepil,Pluma Hidalgo,071,coachepil-071-70964
70964,Consolación,Pluma Hidalgo,071,consolacion-071-70964
70964,Coronación,Pluma Hidalgo,071,coronacion-071-70964
70964,Covadonga,Pluma Hidalgo,071,covadonga-071-70964
70964,Dolores,Pluma Hidalgo,071,dolores-071-70964
70964,Edén Bajo,Pluma Hidalgo,071,eden-bajo-071-70964
70964,El Carmen Bajo (El Carmelito),Pluma Hidalgo,071,el-carmen-bajo-el-carmelito-071-70964
70964,El Edén Alto,Pluma Hidalgo,071,el-eden-alto-071-70964
70964,El Faro,Pluma Hidalgo,071,el-faro-071-70964
70964,El Jordán,Pluma Hidalgo,071,el-jordan-071-70964
70964,El Pacífico,Pluma Hidalgo,071,el-pacifico-071-70964
70964,El Paraíso,Pluma Hidalgo,071,el-paraiso-071-70964
70964,El Pino,Pluma Hidalgo,071,el-pino-071-70964
70964,El Recreo,Pluma Hidalgo,071,el-recreo-071-70964
70964,El Trapiche,Pluma Hidalgo,071,el-trapiche-071-70964
70964,El Vergel,Pluma Hidalgo,071,el-vergel-071-70964
70964,Esperanza,Pluma Hidalgo,071,esperanza-071-70964
70964,Eureka,Pluma Hidalgo,071,eureka-071-70964
70964,Finca Vista Hermosa,Pluma Hidalgo,071,finca-vista-hermosa-071-70964
70964,Frontera,Pluma Hidalgo,071,frontera-071-70964
70964,Gólgota,Pluma Hidalgo,071,golgota-071-70964
70964,Guerrero,Pluma Hidalgo,071,guerrero-071-70964
70964,Juquilita,Pluma Hidalgo,071,juquilita-071-70964
70964,Juárez,Pluma Hidalgo,071,juarez-071-70964
70964,La Ceiba,Pluma Hidalgo,071,la-ceiba-071-70964
70964,La Encinada,Pluma Hidalgo,071,la-encinada-071-70964
70964,La Favorita,Pluma Hidalgo,071,la-favorita-071-70964
70964,La Palma,Pluma Hidalgo,071,la-palma-071-70964
70964,La Patria,Pluma Hidalgo,071,la-patria-071-70964
70964,La Virginia,Pluma Hidalgo,071,la-virginia-071-70964
70964,Las Flores,Pluma Hidalgo,071,las-flores-071-70964
70964,Las Vegas,Pluma Hidalgo,071,las-vegas-071-70964
70964,Los Ángeles,Pluma Hidalgo,071,los-angeles-071-70964
70964,Mercedes,Pluma Hidalgo,071,mercedes-071-70964
70964,Modelo Alta Luz,Pluma Hidalgo,071,modelo-alta-luz-071-70964
70964,Natividad,Pluma Hidalgo,071,natividad-071-70964
70964,Nubes,Pluma Hidalgo,071,nubes-071-70964
70964,Rancho Alegre,Pluma Hidalgo,071,rancho-alegre-071-70964
70964,Rancho Mónica,Pluma Hidalgo,071,rancho-monica-071-70964
70964,Reforma,Pluma Hidalgo,071,reforma-071-70964
70964,San Agustín,Pluma Hidalgo,071,san-agustin-071-70964
70964,San Antonio Dos,Pluma Hidalgo,071,san-antonio-dos-071-70964
70964,San Felipe,Pluma Hidalgo,071,san-felipe-071-70964
70964,San Francisco,Pluma Hidalgo,071,san-francisco-071-70964
70964,San Joaquín,Pluma Hidalgo,071,san-joaquin-071-70964
70964,San José Palo Grande,Pluma Hidalgo,071,san-jose-palo-grande-071-70964
70964,San Juan,Pluma Hidalgo,071,san-juan-071-70964
70964,San Vicente,Pluma Hidalgo,071,san-vicente-071-70964
70964,San Vicente,Pluma Hidalgo,071,san-vicente-071-70964-4796
70964,Santa Lucía,Pluma Hidalgo,071,santa-lucia-071-70964
70964,Santa Rosa,Pluma Hidalgo,071,santa-rosa-071-70964
70964,Santiaguito,Pluma Hidalgo,071,santiaguito-071-70964
70964,Soconusco,Pluma Hidalgo,071,soconusco-071-70964
70964,Tierra Colorada,Pluma Hidalgo,071,tierra-colorada-071-70964
70964,Trapiche,Pluma Hidalgo,071,trapiche-071-70964
70964,Tres Marías,Pluma Hidalgo,071,tres-marias-071-70964
70965,La Pasionaria,Pluma Hidalgo,071,la-pasionaria-071-70965
70965,Cruz Grande,Pluma Hidalgo,071,cruz-grande-071-70965
70965,Copalita,Pluma Hidalgo,071,copalita-071-70965
70965,El Convenio,Pluma Hidalgo,071,el-convenio-071-70965
70965,El Fénix,Pluma Hidalgo,071,el-fenix-071-70965
70965,El Olivo,Pluma Hidalgo,071,el-olivo-071-70965
70965,El Paisaje,Pluma Hidalgo,071,el-paisaje-071-70965
70965,El Triunfo,Pluma Hidalgo,071,el-triunfo-071-70965
70965,El Venado,Pluma Hidalgo,071,el-venado-071-70965
70965,La Aurora (Los Cruz),Pluma Hidalgo,071,la-aurora-los-cruz-071-70965
70965,La Garita,Pluma Hidalgo,071,la-garita-071-70965
70965,La Huerta,Pluma Hidalgo,071,la-huerta-071-70965
70965,La Libertad,Pluma Hidalgo,071,la-libertad-071-70965
70965,La Sirena,Pluma Hidalgo,071,la-sirena-071-70965
70965,La Trinidad,Pluma Hidalgo,071,la-trinidad-071-70965
70965,La Venta,Pluma Hidalgo,071,la-venta-071-70965
70965,Las Trancas,Pluma Hidalgo,071,las-trancas-071-70965
70965,Miraleón,Pluma Hidalgo,071,miraleon-071-70965
70965,Pocitos,Pluma Hidalgo,071,pocitos-071-70965
70965,Porvenir,Pluma Hidalgo,071,porvenir-071-70965
70965,San Isidro,Pluma Hidalgo,071,san-isidro-071-70965
70965,San Jacinto,Pluma Hidalgo,071,san-jacinto-071-70965
70965,San Juanito,Pluma Hidalgo,071,san-juanito-071-70965
70965,San Lucas,Pluma Hidalgo,071,san-lucas-071-70965
70965,Soledad,Pluma Hidalgo,071,soledad-071-70965
70966,San Pedro el Alto,San Pedro el Alto,306,san-pedro-el-alto-306-70966
70967,Malvarisco,San Pedro el Alto,306,malvarisco-306-70967
70967,Los Pinos,San Pedro el Alto,306,los-pinos-306-70967
70967,San Antonio,San Pedro el Alto,306,san-antonio-306-70967
70967,Llano Flor,San Pedro el Alto,306,llano-flor-306-70967
70967,Las Palmas (San Antonio),San Pedro el Alto,306,las-palmas-san-antonio-306-70967
70967,Loma Juárez,San Pedro el Alto,306,loma-juarez-306-70967
70967,Loma Larga Naranjos (Río Escondido),San Pedro el Alto,306,loma-larga-naranjos-rio-escondido-306-70967
70967,El Potrero Jazmín,San Pedro el Alto,306,el-potrero-jazmin-306-70967
70967,Lagunilla,San Pedro el Alto,306,lagunilla-306-70967
70967,Loma Canela,San Pedro el Alto,306,loma-canela-306-70967
70967,Cerro de las Nubes,San Pedro el Alto,306,cerro-de-las-nubes-306-70967
70968,El Porvenir,San Pedro el Alto,306,el-porvenir-306-70968
70970,Loma Cruz,San Mateo Piñas,253,loma-cruz-253-70970
70970,San Mateo Piñas,San Mateo Piñas,253,san-mateo-pinas-253-70970
70972,Unión de Guerrero,San Mateo Piñas,253,union-de-guerrero-253-70972
70973,Sulfato,San Mateo Piñas,253,sulfato-253-70973
70973,Loma Limón,San Mateo Piñas,253,loma-limon-253-70973
70973,Rancho Cañada de Minas,San Mateo Piñas,253,rancho-canada-de-minas-253-70973
70974,El Perdiz,San Mateo Piñas,253,el-perdiz-253-70974
70980,La Soledad,Santa María Huatulco,413,la-soledad-413-70980
70980,La Erradura,Santa María Huatulco,413,la-erradura-413-70980
70980,El Morro,Santa María Huatulco,413,el-morro-413-70980
70980,Manantial,Santa María Huatulco,413,manantial-413-70980
70980,Chacalmata,Santa María Huatulco,413,chacalmata-413-70980
70980,Paso Limón,Santa María Huatulco,413,paso-limon-413-70980
70980,Cuapinolito,Santa María Huatulco,413,cuapinolito-413-70980
70980,Unidad Deportiva,Santa María Huatulco,413,unidad-deportiva-413-70980
70980,Paso Ancho,Santa María Huatulco,413,paso-ancho-413-70980
70980,Santa María Huatulco Centro,Santa María Huatulco,413,santa-maria-huatulco-centro-413-70980
70980,Tamarindo,Santa María Huatulco,413,tamarindo-413-70980
70980,Techal Blanco,Santa María Huatulco,413,techal-blanco-413-70980
70980,Vicente Guerrero,Santa María Huatulco,413,vicente-guerrero-413-70980
70980,Guarumbo,Santa María Huatulco,413,guarumbo-413-70980
70980,Río Laje,Santa María Huatulco,413,rio-laje-413-70980
70980,8 de Diciembre,Santa María Huatulco,413,8-de-diciembre-413-70980
70980,De La Cruz,Santa María Huatulco,413,de-la-cruz-413-70980
70980,La Gradera,Santa María Huatulco,413,la-gradera-413-70980
70980,Nuevo,Santa María Huatulco,413,nuevo-413-70980
70980,El Maguey,Santa María Huatulco,413,el-maguey-413-70980
70980,Frailillo,Santa María Huatulco,413,frailillo-413-70980
70980,Las Palmas,Santa María Huatulco,413,las-palmas-413-70980
70980,Hondura del Topo,Santa María Huatulco,413,hondura-del-topo-413-70980
70980,Morelos,Santa María Huatulco,413,morelos-413-70980
70980,La Poza,Santa María Huatulco,413,la-poza-413-70980
70980,La Mina,Santa María Huatulco,413,la-mina-413-70980
70982,Bahías de Huatulco,Santa María Huatulco,413,bahias-de-huatulco-413-70982
70984,Cuajinicuil,Santa María Huatulco,413,cuajinicuil-413-70984
70984,Hacienda Vieja,Santa María Huatulco,413,hacienda-vieja-413-70984
70984,Arroyo Limón,Santa María Huatulco,413,arroyo-limon-413-70984
70984,Todos Santos,Santa María Huatulco,413,todos-santos-413-70984
70984,San Francisco Limoncito,Santa María Huatulco,413,san-francisco-limoncito-413-70984
70984,Pueblo Viejo,Santa María Huatulco,413,pueblo-viejo-413-70984
70984,Arroyo González,Santa María Huatulco,413,arroyo-gonzalez-413-70984
70984,El Faisán,Santa María Huatulco,413,el-faisan-413-70984
70984,Arroyo Suchil,Santa María Huatulco,413,arroyo-suchil-413-70984
70984,Agua Hedionda,Santa María Huatulco,413,agua-hedionda-413-70984
70984,Piedra de Moros,Santa María Huatulco,413,piedra-de-moros-413-70984
70985,Llano Ciruelo,Santa María Huatulco,413,llano-ciruelo-413-70985
70985,Derramadero,Santa María Huatulco,413,derramadero-413-70985
70985,El Zarzal,Santa María Huatulco,413,el-zarzal-413-70985
70985,Boca Vieja (Barra Boca Vieja),Santa María Huatulco,413,boca-vieja-barra-boca-vieja-413-70985
70985,Bajos de Coyula,Santa María Huatulco,413,bajos-de-coyula-413-70985
70985,Bajo de Arenal,Santa María Huatulco,413,bajo-de-arenal-413-70985
70985,El Crucero,Santa María Huatulco,413,el-crucero-413-70985
70985,El Crucero,Santa María Huatulco,413,el-crucero-413-70985-4894
70985,San Agustín,Santa María Huatulco,413,san-agustin-413-70985
70985,Puente de Coyula,Santa María Huatulco,413,puente-de-coyula-413-70985
70985,Aguaje el Zapote,Santa María Huatulco,413,aguaje-el-zapote-413-70985
70987,Beta Centauro,Santa María Huatulco,413,beta-centauro-413-70987
70987,Calpan 1,Santa María Huatulco,413,calpan-1-413-70987
70987,Calpan 2,Santa María Huatulco,413,calpan-2-413-70987
70987,Calpan 3,Santa María Huatulco,413,calpan-3-413-70987
70987,Conjunto Framboyán,Santa María Huatulco,413,conjunto-framboyan-413-70987
70987,El Mirador,Santa María Huatulco,413,el-mirador-413-70987
70987,Los Mangos,Santa María Huatulco,413,los-mangos-413-70987
70987,Procic,Santa María Huatulco,413,procic-413-70987
70987,Chahue,Santa María Huatulco,413,chahue-413-70987
70987,Santa Cruz Sector A,Santa María Huatulco,413,santa-cruz-sector-a-413-70987
70987,Sector E,Santa María Huatulco,413,sector-e-413-70987
70987,Sector F,Santa María Huatulco,413,sector-f-413-70987
70987,Sector H,Santa María Huatulco,413,sector-h-413-70987
70987,Sector I,Santa María Huatulco,413,sector-i-413-70987
70987,Sector M,Santa María Huatulco,413,sector-m-413-70987
70987,Sector R,Santa María Huatulco,413,sector-r-413-70987
70987,Sector T,Santa María Huatulco,413,sector-t-413-70987
70987,Sector L,Santa María Huatulco,413,sector-l-413-70987
70987,Sector P,Santa María Huatulco,413,sector-p-413-70987
70987,Sector C,Santa María Huatulco,413,sector-c-413-70987
70987,Sector S,Santa María Huatulco,413,sector-s-413-70987
70987,Sector H Tres,Santa María Huatulco,413,sector-h-tres-413-70987
70987,Base Naval,Santa María Huatulco,413,base-naval-413-70987
70987,Pacífico,Santa María Huatulco,413,pacifico-413-70987
70988,La Joya,Santa María Huatulco,413,la-joya-413-70988
70988,Sector P Marina Chahue,Santa María Huatulco,413,sector-p-marina-chahue-413-70988
70988,Villas Paraíso,Santa María Huatulco,413,villas-paraiso-413-70988
70988,De la Marina,Santa María Huatulco,413,de-la-marina-413-70988
70988,Sector N,Santa María Huatulco,413,sector-n-413-70988
70988,El Parajito,Santa María Huatulco,413,el-parajito-413-70988
70988,Sector J,Santa María Huatulco,413,sector-j-413-70988
70988,Sector K,Santa María Huatulco,413,sector-k-413-70988
70988,Sector V,Santa María Huatulco,413,sector-v-413-70988
70988,Vicente Guerrero INFONAVIT,Santa María Huatulco,413,vicente-guerrero-infonavit-413-70988
70988,Sector U2,Santa María Huatulco,413,sector-u2-413-70988
70988,Sector U,Santa María Huatulco,413,sector-u-413-70988
70988,Ampliación Sector J,Santa María Huatulco,413,ampliacion-sector-j-413-70988
70988,El Arrocito,Santa María Huatulco,413,el-arrocito-413-70988
70988,Sector O,Santa María Huatulco,413,sector-o-413-70988
70988,La Bocana de Copalita,Santa María Huatulco,413,la-bocana-de-copalita-413-70988
70988,Vicente Guerrero,Santa María Huatulco,413,vicente-guerrero-413-70988
70988,Río Tangolunda (La Jabalina),Santa María Huatulco,413,rio-tangolunda-la-jabalina-413-70988
70988,Sector U2 B,Santa María Huatulco,413,sector-u2-b-413-70988
70988,Puente Copalita,Santa María Huatulco,413,puente-copalita-413-70988
70988,Sector U-Dos Norte,Santa María Huatulco,413,sector-u-dos-norte-413-70988
70988,Sector U-Dos Sur,Santa María Huatulco,413,sector-u-dos-sur-413-70988
70989,Balcones Tangolunda,Santa María Huatulco,413,balcones-tangolunda-413-70989
70989,Zona Hotelera Tangolunda,Santa María Huatulco,413,zona-hotelera-tangolunda-413-70989
70989,Residencial Conejos,Santa María Huatulco,413,residencial-conejos-413-70989
70989,Campo de Golf,Santa María Huatulco,413,campo-de-golf-413-70989
70990,Llano Jícara,San Miguel del Puerto,266,llano-jicara-266-70990
70990,El Granadillo,San Miguel del Puerto,266,el-granadillo-266-70990
70990,La Merced del Potrero,San Miguel del Puerto,266,la-merced-del-potrero-266-70990
70990,San Miguel del Puerto,San Miguel del Puerto,266,san-miguel-del-puerto-266-70990
70990,Santa María Xadani,San Miguel del Puerto,266,santa-maria-xadani-266-70990
70991,Mandimbo,San Miguel del Puerto,266,mandimbo-266-70991
70991,Copalita la Hamaca,San Miguel del Puerto,266,copalita-la-hamaca-266-70991
70991,Las Muelles,San Miguel del Puerto,266,las-muelles-266-70991
70991,Loma Larga o San Isidro,San Miguel del Puerto,266,loma-larga-o-san-isidro-266-70991
70991,Camila,San Miguel del Puerto,266,camila-266-70991
70992,Mirador,San Miguel del Puerto,266,mirador-266-70992
70993,El Faro,San Miguel del Puerto,266,el-faro-266-70993
70994,Santa María Petatengo,San Miguel del Puerto,266,santa-maria-petatengo-266-70994
70995,Zona Urbana Playa El Mojón,San Miguel del Puerto,266,zona-urbana-playa-el-mojon-266-70995
70995,Barra Copalita,San Miguel del Puerto,266,barra-copalita-266-70995
71000,Unión Nacional,Putla Villa de Guerrero,073,union-nacional-073-71000
71000,Zafra,Putla Villa de Guerrero,073,zafra-073-71000
71000,La Palizada,Putla Villa de Guerrero,073,la-palizada-073-71000
71000,El Campanario,Putla Villa de Guerrero,073,el-campanario-073-71000
71000,Santiago Amate Colorado,Putla Villa de Guerrero,073,santiago-amate-colorado-073-71000
71000,San Juan Lagunas,Putla Villa de Guerrero,073,san-juan-lagunas-073-71000
71000,Malpica,Putla Villa de Guerrero,073,malpica-073-71000
71001,San Juan Teponaxtla,Putla Villa de Guerrero,073,san-juan-teponaxtla-073-71001
71001,La Concepción Del Progreso,Putla Villa de Guerrero,073,la-concepcion-del-progreso-073-71001
71002,Río de las Peñas,Putla Villa de Guerrero,073,rio-de-las-penas-073-71002
71002,Santiago Yosotiche,Putla Villa de Guerrero,073,santiago-yosotiche-073-71002
71002,Guadalupe Nuevo Tenochititlán,Putla Villa de Guerrero,073,guadalupe-nuevo-tenochititlan-073-71002
71003,La Muralla,Putla Villa de Guerrero,073,la-muralla-073-71003
71003,El Sesteadero,Putla Villa de Guerrero,073,el-sesteadero-073-71003
71004,La Tortolita,Putla Villa de Guerrero,073,la-tortolita-073-71004
71005,San Miguel Reyes,Putla Villa de Guerrero,073,san-miguel-reyes-073-71005
71006,Cabecera de Barranca Seca,Putla Villa de Guerrero,073,cabecera-de-barranca-seca-073-71006
71006,Loma de los Papalotes,Putla Villa de Guerrero,073,loma-de-los-papalotes-073-71006
71006,Las Pilas,Putla Villa de Guerrero,073,las-pilas-073-71006
71006,Bosque de las Lomas,Putla Villa de Guerrero,073,bosque-de-las-lomas-073-71006
71006,Agua Zarca,Putla Villa de Guerrero,073,agua-zarca-073-71006
71006,Llano de Yutee,Putla Villa de Guerrero,073,llano-de-yutee-073-71006
71006,Campo de Aviación,Putla Villa de Guerrero,073,campo-de-aviacion-073-71006
71006,Chilapa,Putla Villa de Guerrero,073,chilapa-073-71006
71006,Guadalupe Yutee,Putla Villa de Guerrero,073,guadalupe-yutee-073-71006
71006,La Asunción,Putla Villa de Guerrero,073,la-asuncion-073-71006
71006,La Cureña,Putla Villa de Guerrero,073,la-curena-073-71006
71007,La Quebradora,Putla Villa de Guerrero,073,la-quebradora-073-71007
71007,Cruz Grande,Putla Villa de Guerrero,073,cruz-grande-073-71007
71007,Los Manantiales,Putla Villa de Guerrero,073,los-manantiales-073-71007
71007,Calaveras,Putla Villa de Guerrero,073,calaveras-073-71007
71007,Cantarranas,Putla Villa de Guerrero,073,cantarranas-073-71007
71007,Costa Chica,Putla Villa de Guerrero,073,costa-chica-073-71007
71007,El Calvario,Putla Villa de Guerrero,073,el-calvario-073-71007
71007,La Ciénega,Putla Villa de Guerrero,073,la-cienega-073-71007
71007,Palo de Obo,Putla Villa de Guerrero,073,palo-de-obo-073-71007
71007,Pochtlan,Putla Villa de Guerrero,073,pochtlan-073-71007
71007,Lindavista,Putla Villa de Guerrero,073,lindavista-073-71007
71007,El Rey,Putla Villa de Guerrero,073,el-rey-073-71007
71009,Putla de Guerrero Centro,Putla Villa de Guerrero,073,putla-de-guerrero-centro-073-71009
71010,Santa Cruz Progreso,Putla Villa de Guerrero,073,santa-cruz-progreso-073-71010
71010,Miguel Hidalgo Chicahuaxtla,Putla Villa de Guerrero,073,miguel-hidalgo-chicahuaxtla-073-71010
71010,San Gabriel Chicahuaxtla,Putla Villa de Guerrero,073,san-gabriel-chicahuaxtla-073-71010
71010,Yosonduchi,Putla Villa de Guerrero,073,yosonduchi-073-71010
71010,San Andrés Chicahuaxtla,Putla Villa de Guerrero,073,san-andres-chicahuaxtla-073-71010
71010,Santo Domingo del Estado,Putla Villa de Guerrero,073,santo-domingo-del-estado-073-71010
71010,San Isidro de Morelos,Putla Villa de Guerrero,073,san-isidro-de-morelos-073-71010
71010,La Laguna Guadalupe,Putla Villa de Guerrero,073,la-laguna-guadalupe-073-71010
71010,Llano de Zaragoza,Putla Villa de Guerrero,073,llano-de-zaragoza-073-71010
71010,La Cañada Tejocote,Putla Villa de Guerrero,073,la-canada-tejocote-073-71010
71010,San Jorge Río Frijol,Putla Villa de Guerrero,073,san-jorge-rio-frijol-073-71010
71011,San Miguel Copala,Putla Villa de Guerrero,073,san-miguel-copala-073-71011
71012,Agua Dulce,Putla Villa de Guerrero,073,agua-dulce-073-71012
71012,Hidalgo,Putla Villa de Guerrero,073,hidalgo-073-71012
71012,San Pedro Siniyuvi,Putla Villa de Guerrero,073,san-pedro-siniyuvi-073-71012
71013,Zimatlán,Putla Villa de Guerrero,073,zimatlan-073-71013
71014,Gregorio Álvarez,Putla Villa de Guerrero,073,gregorio-alvarez-073-71014
71015,Plan de Ayala,Putla Villa de Guerrero,073,plan-de-ayala-073-71015
71015,Concepción de Guerrero,Putla Villa de Guerrero,073,concepcion-de-guerrero-073-71015
71016,El Mesoncito,Putla Villa de Guerrero,073,el-mesoncito-073-71016
71016,Llano de San Vicente,Putla Villa de Guerrero,073,llano-de-san-vicente-073-71016
71017,San Isidro del Estado,Putla Villa de Guerrero,073,san-isidro-del-estado-073-71017
71020,Asunción Atoyaquillo,Putla Villa de Guerrero,073,asuncion-atoyaquillo-073-71020
71021,San Marcos Coyulito,Putla Villa de Guerrero,073,san-marcos-coyulito-073-71021
71021,San Juan las Huertas,Putla Villa de Guerrero,073,san-juan-las-huertas-073-71021
71023,Charloco,Putla Villa de Guerrero,073,charloco-073-71023
71030,Loma Bonita,Constancia del Rosario,020,loma-bonita-020-71030
71030,Santa Ana Rayón,Constancia del Rosario,020,santa-ana-rayon-020-71030
71030,Constancia del Rosario,Constancia del Rosario,020,constancia-del-rosario-020-71030
71031,Santa María Pueblo Nuevo,Constancia del Rosario,020,santa-maria-pueblo-nuevo-020-71031
71033,Rancho Viejo,Constancia del Rosario,020,rancho-viejo-020-71033
71034,Santa Cruz Río Venado,Constancia del Rosario,020,santa-cruz-rio-venado-020-71034
71037,San José Yosocañú (Yosocanú),Constancia del Rosario,020,san-jose-yosocanu-yosocanu-020-71037
71040,San José Pueblo Nuevo,Mesones Hidalgo,037,san-jose-pueblo-nuevo-037-71040
71040,Piedra Bola,Mesones Hidalgo,037,piedra-bola-037-71040
71040,Llano de la Plaza,Mesones Hidalgo,037,llano-de-la-plaza-037-71040
71040,Mesones Hidalgo,Mesones Hidalgo,037,mesones-hidalgo-037-71040
71040,San José de las Flores,Mesones Hidalgo,037,san-jose-de-las-flores-037-71040
71041,San Isidro,Mesones Hidalgo,037,san-isidro-037-71041
71041,Santa María de la Lima,Mesones Hidalgo,037,santa-maria-de-la-lima-037-71041
71041,El Camalote,Mesones Hidalgo,037,el-camalote-037-71041
71041,San Juan la Lima,Mesones Hidalgo,037,san-juan-la-lima-037-71041
71041,El Coyul Tuxtitlán,Mesones Hidalgo,037,el-coyul-tuxtitlan-037-71041
71041,El Carmen Tuxtitlan,Mesones Hidalgo,037,el-carmen-tuxtitlan-037-71041
71043,Plan de Zaragoza las Flores,Mesones Hidalgo,037,plan-de-zaragoza-las-flores-037-71043
71043,Coyul las Flores,Mesones Hidalgo,037,coyul-las-flores-037-71043
71043,San José Pueblo Nuevo,Mesones Hidalgo,037,san-jose-pueblo-nuevo-037-71043
71047,Concepción las Mesas,Mesones Hidalgo,037,concepcion-las-mesas-037-71047
71050,Santa María Zacatepec Centro,Santa María Zacatepec,447,santa-maria-zacatepec-centro-447-71050
71052,Las Juntas,Santa María Zacatepec,447,las-juntas-447-71052
71052,Llano de la Viuda,Santa María Zacatepec,447,llano-de-la-viuda-447-71052
71052,Los Manguitos,Santa María Zacatepec,447,los-manguitos-447-71052
71053,Caja de Agua,Santa María Zacatepec,447,caja-de-agua-447-71053
71053,Santa Ana,Santa María Zacatepec,447,santa-ana-447-71053
71053,San José,Santa María Zacatepec,447,san-jose-447-71053
71053,Santa Cecilia,Santa María Zacatepec,447,santa-cecilia-447-71053
71054,Capilla,Santa María Zacatepec,447,capilla-447-71054
71054,La Parota,Santa María Zacatepec,447,la-parota-447-71054
71054,La Asunción,Santa María Zacatepec,447,la-asuncion-447-71054
71055,La Muralla,Santa María Zacatepec,447,la-muralla-447-71055
71055,Guadalupe,Santa María Zacatepec,447,guadalupe-447-71055
71055,Atotonilco,Santa María Zacatepec,447,atotonilco-447-71055
71056,El Cuete,Santa María Zacatepec,447,el-cuete-447-71056
71056,La Virgen,Santa María Zacatepec,447,la-virgen-447-71056
71056,San Juan Viejo,Santa María Zacatepec,447,san-juan-viejo-447-71056
71057,Atotonilco,Santa María Zacatepec,447,atotonilco-447-71057
71057,San Vicente Piñas,Santa María Zacatepec,447,san-vicente-pinas-447-71057
71057,Las Palmas,Santa María Zacatepec,447,las-palmas-447-71057
71057,San Felipe Atotonilco,Santa María Zacatepec,447,san-felipe-atotonilco-447-71057
71058,San Antonio Zaragoza,Santa María Zacatepec,447,san-antonio-zaragoza-447-71058
71058,Aquiles Serdán,Santa María Zacatepec,447,aquiles-serdan-447-71058
71058,San Isidro Amatitlán,Santa María Zacatepec,447,san-isidro-amatitlan-447-71058
71058,La Culebra,Santa María Zacatepec,447,la-culebra-447-71058
71058,El Cangrejo,Santa María Zacatepec,447,el-cangrejo-447-71058
71058,Loma del Carnero,Santa María Zacatepec,447,loma-del-carnero-447-71058
71060,San Juan Cabeza del Río,Santa María Zacatepec,447,san-juan-cabeza-del-rio-447-71060
71063,Guadalupe,Santa María Zacatepec,447,guadalupe-447-71063
71063,El Rosario,Santa María Zacatepec,447,el-rosario-447-71063
71064,El Tapango,Santa María Zacatepec,447,el-tapango-447-71064
71064,El Coyulito,Santa María Zacatepec,447,el-coyulito-447-71064
71064,Rancho San Pedro,Santa María Zacatepec,447,rancho-san-pedro-447-71064
71064,Tierra Colorada,Santa María Zacatepec,447,tierra-colorada-447-71064
71064,Tres Arroyos,Santa María Zacatepec,447,tres-arroyos-447-71064
71065,Santa Cruz Tutiahua,Santa María Zacatepec,447,santa-cruz-tutiahua-447-71065
71065,El Limón Santa Ana,Santa María Zacatepec,447,el-limon-santa-ana-447-71065
71065,Guadalupe Nuevo Centro,Santa María Zacatepec,447,guadalupe-nuevo-centro-447-71065
71066,Santiago Llano Grande,Santa María Zacatepec,447,santiago-llano-grande-447-71066
71067,Coyul Grande,Santa María Zacatepec,447,coyul-grande-447-71067
71067,El Naranjo,Santa María Zacatepec,447,el-naranjo-447-71067
71067,San Marcos Nejapa,Santa María Zacatepec,447,san-marcos-nejapa-447-71067
71067,Santa Cruz de Rufino Tamayo,Santa María Zacatepec,447,santa-cruz-de-rufino-tamayo-447-71067
71068,Llano Chapultepec,Santa María Zacatepec,447,llano-chapultepec-447-71068
71068,San Miguel,Santa María Zacatepec,447,san-miguel-447-71068
71070,Amuzgos,San Pedro Amuzgos,300,amuzgos-300-71070
71070,La Guadalupe,San Pedro Amuzgos,300,la-guadalupe-300-71070
71070,San Pedro Amuzgos,San Pedro Amuzgos,300,san-pedro-amuzgos-300-71070
71076,San Martín,San Pedro Amuzgos,300,san-martin-300-71076
71076,San Pedro Apóstol,San Pedro Amuzgos,300,san-pedro-apostol-300-71076
71076,San Juan,San Pedro Amuzgos,300,san-juan-300-71076
71080,Emiliano Zapata (Río Leche),La Reforma,076,emiliano-zapata-rio-leche-076-71080
71080,La Reforma,La Reforma,076,la-reforma-076-71080
71081,Estanzuela Grande,La Reforma,076,estanzuela-grande-076-71081
71083,Río Tigre,La Reforma,076,rio-tigre-076-71083
71084,La Nueva Esperanza,La Reforma,076,la-nueva-esperanza-076-71084
71084,Piedra Blanca,La Reforma,076,piedra-blanca-076-71084
71087,El Porvenir,La Reforma,076,el-porvenir-076-71087
71091,Santa Ana,Santa María Ipalapa,415,santa-ana-415-71091
71091,Santa María Ipalapa,Santa María Ipalapa,415,santa-maria-ipalapa-415-71091
71092,Zocoteaca de León,Santa María Ipalapa,415,zocoteaca-de-leon-415-71092
71094,Santa María el Rincón,Santa María Ipalapa,415,santa-maria-el-rincon-415-71094
71096,Santiago el Limón,Santa María Ipalapa,415,santiago-el-limon-415-71096
71100,Chalcatongo de Hidalgo,Chalcatongo de Hidalgo,026,chalcatongo-de-hidalgo-026-71100
71100,Natividad,Chalcatongo de Hidalgo,026,natividad-026-71100
71100,Fortín,Chalcatongo de Hidalgo,026,fortin-026-71100
71103,La Paz,Chalcatongo de Hidalgo,026,la-paz-026-71103
71103,La Providencia,Chalcatongo de Hidalgo,026,la-providencia-026-71103
71103,Reforma,Chalcatongo de Hidalgo,026,reforma-026-71103
71103,Santa Catarina Yuxía,Chalcatongo de Hidalgo,026,santa-catarina-yuxia-026-71103
71103,El Portillo,Chalcatongo de Hidalgo,026,el-portillo-026-71103
71103,Guadalupe Villanueva,Chalcatongo de Hidalgo,026,guadalupe-villanueva-026-71103
71103,Reyes Ixcatlán,Chalcatongo de Hidalgo,026,reyes-ixcatlan-026-71103
71104,Abasolo,Chalcatongo de Hidalgo,026,abasolo-026-71104
71104,Allende,Chalcatongo de Hidalgo,026,allende-026-71104
71105,Iturbide,Chalcatongo de Hidalgo,026,iturbide-026-71105
71105,Chapultepec,Chalcatongo de Hidalgo,026,chapultepec-026-71105
71105,Progreso,Chalcatongo de Hidalgo,026,progreso-026-71105
71105,Independencia,Chalcatongo de Hidalgo,026,independencia-026-71105
71105,Plan de Ayala,Chalcatongo de Hidalgo,026,plan-de-ayala-026-71105
71106,Juárez,Chalcatongo de Hidalgo,026,juarez-026-71106
71106,Guerrero,Chalcatongo de Hidalgo,026,guerrero-026-71106
71106,Zaragoza,Chalcatongo de Hidalgo,026,zaragoza-026-71106
71106,Hidalgo,Chalcatongo de Hidalgo,026,hidalgo-026-71106
71106,Vista Hermosa,Chalcatongo de Hidalgo,026,vista-hermosa-026-71106
71106,El Fortín,Chalcatongo de Hidalgo,026,el-fortin-026-71106
71106,Yurancho,Chalcatongo de Hidalgo,026,yurancho-026-71106
71106,Vista Alegre,Chalcatongo de Hidalgo,026,vista-alegre-026-71106
71106,Yutianucaje,Chalcatongo de Hidalgo,026,yutianucaje-026-71106
71107,La Unión,Chalcatongo de Hidalgo,026,la-union-026-71107
71107,Cañada de Morelos,Chalcatongo de Hidalgo,026,canada-de-morelos-026-71107
71107,Molinos Aldama,Chalcatongo de Hidalgo,026,molinos-aldama-026-71107
71110,Santa María Yucuhiti,Santa María Yucuhiti,446,santa-maria-yucuhiti-446-71110
71113,Guadalupe Miramar,Santa María Yucuhiti,446,guadalupe-miramar-446-71113
71113,Agua Colorada,Santa María Yucuhiti,446,agua-colorada-446-71113
71113,Chapultepec Zaragoza,Santa María Yucuhiti,446,chapultepec-zaragoza-446-71113
71113,La Esperanza,Santa María Yucuhiti,446,la-esperanza-446-71113
71113,La Primavera,Santa María Yucuhiti,446,la-primavera-446-71113
71113,La Y,Santa María Yucuhiti,446,la-y-446-71113
71113,Ojo de Agua,Santa María Yucuhiti,446,ojo-de-agua-446-71113
71113,Tierra Azul,Santa María Yucuhiti,446,tierra-azul-446-71113
71114,Guadalupe Buenavista,Santa María Yucuhiti,446,guadalupe-buenavista-446-71114
71114,Reyes Llano Grande,Santa María Yucuhiti,446,reyes-llano-grande-446-71114
71114,12 de Mayo,Santa María Yucuhiti,446,12-de-mayo-446-71114
71114,Escalería II,Santa María Yucuhiti,446,escaleria-ii-446-71114
71114,Guayabal,Santa María Yucuhiti,446,guayabal-446-71114
71114,La Hierba Santa,Santa María Yucuhiti,446,la-hierba-santa-446-71114
71114,La Soledad Caballo Rucio,Santa María Yucuhiti,446,la-soledad-caballo-rucio-446-71114
71114,Linda Vista,Santa María Yucuhiti,446,linda-vista-446-71114
71114,Llano San Miguel,Santa María Yucuhiti,446,llano-san-miguel-446-71114
71114,Loma Grande,Santa María Yucuhiti,446,loma-grande-446-71114
71114,Mal Paso,Santa María Yucuhiti,446,mal-paso-446-71114
71114,Ojo de Agua,Santa María Yucuhiti,446,ojo-de-agua-446-71114
71114,Paraje Viejo,Santa María Yucuhiti,446,paraje-viejo-446-71114
71114,Rancho Nuevo,Santa María Yucuhiti,446,rancho-nuevo-446-71114
71114,Unión y Suspiro,Santa María Yucuhiti,446,union-y-suspiro-446-71114
71115,San Isidro Paz y Progreso,Santa María Yucuhiti,446,san-isidro-paz-y-progreso-446-71115
71115,Abajo de Alazán,Santa María Yucuhiti,446,abajo-de-alazan-446-71115
71115,Arriba de Alazán,Santa María Yucuhiti,446,arriba-de-alazan-446-71115
71115,Carrizalillo,Santa María Yucuhiti,446,carrizalillo-446-71115
71115,Las Trancas,Santa María Yucuhiti,446,las-trancas-446-71115
71115,Loma Hicarión,Santa María Yucuhiti,446,loma-hicarion-446-71115
71115,Peña Flor,Santa María Yucuhiti,446,pena-flor-446-71115
71115,Yatayuku,Santa María Yucuhiti,446,yatayuku-446-71115
71116,Yosonicaje,Santa María Yucuhiti,446,yosonicaje-446-71116
71116,Zaragoza,Santa María Yucuhiti,446,zaragoza-446-71116
71116,Laguna Seca,Santa María Yucuhiti,446,laguna-seca-446-71116
71116,Llano del Triunfo,Santa María Yucuhiti,446,llano-del-triunfo-446-71116
71116,Takava,Santa María Yucuhiti,446,takava-446-71116
71116,Tutin-Kañi,Santa María Yucuhiti,446,tutin-kani-446-71116
71116,Yukuiyo,Santa María Yucuhiti,446,yukuiyo-446-71116
71117,San Felipe de Jesús Pueblo Viejo,Santa María Yucuhiti,446,san-felipe-de-jesus-pueblo-viejo-446-71117
71117,Cabacaya,Santa María Yucuhiti,446,cabacaya-446-71117
71117,El Mirador II,Santa María Yucuhiti,446,el-mirador-ii-446-71117
71117,El Mirador,Santa María Yucuhiti,446,el-mirador-446-71117
71117,Escalería I,Santa María Yucuhiti,446,escaleria-i-446-71117
71117,Ino-Itún,Santa María Yucuhiti,446,ino-itun-446-71117
71117,Kabakuiji,Santa María Yucuhiti,446,kabakuiji-446-71117
71117,Peña Blanca,Santa María Yucuhiti,446,pena-blanca-446-71117
71117,Shinicuiti Loma Angosta (Shinicuiti),Santa María Yucuhiti,446,shinicuiti-loma-angosta-shinicuiti-446-71117
71117,Tunuhu,Santa María Yucuhiti,446,tunuhu-446-71117
71117,Yuteyubi,Santa María Yucuhiti,446,yuteyubi-446-71117
71117,Yuvita a,Santa María Yucuhiti,446,yuvita-a-446-71117
71117,Yuviyo,Santa María Yucuhiti,446,yuviyo-446-71117
71120,San Esteban Atatlahuca,San Esteban Atatlahuca,133,san-esteban-atatlahuca-133-71120
71122,Guerrero Grande,San Esteban Atatlahuca,133,guerrero-grande-133-71122
71122,Vicente Guerrero,San Esteban Atatlahuca,133,vicente-guerrero-133-71122
71123,Progreso,San Esteban Atatlahuca,133,progreso-133-71123
71123,Yucuiji (Zaragoza),San Esteban Atatlahuca,133,yucuiji-zaragoza-133-71123
71123,Independencia,San Esteban Atatlahuca,133,independencia-133-71123
71124,Ndoyonoyuji (Ciénega de Flores Amarillas),San Esteban Atatlahuca,133,ndoyonoyuji-cienega-de-flores-amarillas-133-71124
71124,Mier y Terán,San Esteban Atatlahuca,133,mier-y-teran-133-71124
71124,Ndoyocoyo (Ciénega de Tule),San Esteban Atatlahuca,133,ndoyocoyo-cienega-de-tule-133-71124
71124,Morelos,San Esteban Atatlahuca,133,morelos-133-71124
71125,El Chamizal,Santa Catarina Ticuá,371,el-chamizal-371-71125
71125,Santa Catarina Ticuá,Santa Catarina Ticuá,371,santa-catarina-ticua-371-71125
71130,Santiago Nuyoo,Santiago Nuyoó,481,santiago-nuyoo-481-71130
71132,Yucubey de Cuitláhuac,Santiago Nuyoó,481,yucubey-de-cuitlahuac-481-71132
71132,Yucunino de Guerrero,Santiago Nuyoó,481,yucunino-de-guerrero-481-71132
71133,Loma Bonita de Juárez,Santiago Nuyoó,481,loma-bonita-de-juarez-481-71133
71133,Plan de Zaragoza,Santiago Nuyoó,481,plan-de-zaragoza-481-71133
71133,Tierra Azul,Santiago Nuyoó,481,tierra-azul-481-71133
71133,Unión y Progreso,Santiago Nuyoó,481,union-y-progreso-481-71133
71134,San Pedro Yosotato,Santiago Nuyoó,481,san-pedro-yosotato-481-71134
71136,Vista Hermosa,Santa Catarina Yosonotú,372,vista-hermosa-372-71136
71136,Benito Juárez,Santa Catarina Yosonotú,372,benito-juarez-372-71136
71136,Santa Catarina Yosonotú,Santa Catarina Yosonotú,372,santa-catarina-yosonotu-372-71136
71137,Yucunicuca de Hidalgo,Santa Catarina Yosonotú,372,yucunicuca-de-hidalgo-372-71137
71137,Shinicana,Santa Catarina Yosonotú,372,shinicana-372-71137
71138,Joya de San Nicolás (Yuñuú),Santa Catarina Yosonotú,372,joya-de-san-nicolas-yunuu-372-71138
71138,Yuu Yii,Santa Catarina Yosonotú,372,yuu-yii-372-71138
71138,Nduabe,Santa Catarina Yosonotú,372,nduabe-372-71138
71138,Loma Bonita,Santa Catarina Yosonotú,372,loma-bonita-372-71138
71138,Lagunilla de Cárdenas,Santa Catarina Yosonotú,372,lagunilla-de-cardenas-372-71138
71138,Morelos,Santa Catarina Yosonotú,372,morelos-372-71138
71140,San Miguel el Grande Centro,San Miguel el Grande,269,san-miguel-el-grande-centro-269-71140
71140,Las Cruces,San Miguel el Grande,269,las-cruces-269-71140
71140,Los Pinos,San Miguel el Grande,269,los-pinos-269-71140
71140,Lázaro Cárdenas,San Miguel el Grande,269,lazaro-cardenas-269-71140
71140,Álvaro Obregón,San Miguel el Grande,269,alvaro-obregon-269-71140
71143,Benito Juárez,San Miguel el Grande,269,benito-juarez-269-71143
71143,Madero,San Miguel el Grande,269,madero-269-71143
71143,Ignacio Zaragoza,San Miguel el Grande,269,ignacio-zaragoza-269-71143
71143,Vicente Guerrero,San Miguel el Grande,269,vicente-guerrero-269-71143
71143,Loma Nushiñuu,San Miguel el Grande,269,loma-nushinuu-269-71143
71144,Villa Guadalupe Victoria,San Miguel el Grande,269,villa-guadalupe-victoria-269-71144
71144,Morelos,San Miguel el Grande,269,morelos-269-71144
71144,General Lázaro Cárdenas,San Miguel el Grande,269,general-lazaro-cardenas-269-71144
71144,Linda Vista,San Miguel el Grande,269,linda-vista-269-71144
71144,Llano la Majada,San Miguel el Grande,269,llano-la-majada-269-71144
71144,Lomas de Cocoyoc,San Miguel el Grande,269,lomas-de-cocoyoc-269-71144
71145,Miguel Hidalgo,San Miguel el Grande,269,miguel-hidalgo-269-71145
71145,Iturbide,San Miguel el Grande,269,iturbide-269-71145
71145,Jayucu,San Miguel el Grande,269,jayucu-269-71145
71145,Mexicalcingo,San Miguel el Grande,269,mexicalcingo-269-71145
71146,Tierra Blanca,Santo Domingo Ixcatlán,510,tierra-blanca-510-71146
71146,Santo Domingo,Santo Domingo Ixcatlán,510,santo-domingo-510-71146
71146,Cruz Roja,Santo Domingo Ixcatlán,510,cruz-roja-510-71146
71146,Santo Domingo Ixcatlán,Santo Domingo Ixcatlán,510,santo-domingo-ixcatlan-510-71146
71147,El Porvenir,Santo Domingo Ixcatlán,510,el-porvenir-510-71147
71147,El Progreso,Santo Domingo Ixcatlán,510,el-progreso-510-71147
71150,San Pablo Tijaltepec,San Pablo Tijaltepec,297,san-pablo-tijaltepec-297-71150
71152,El Porvenir,San Pablo Tijaltepec,297,el-porvenir-297-71152
71152,Buena Vista la Paz,San Pablo Tijaltepec,297,buena-vista-la-paz-297-71152
71152,Guadalupe Victoria,San Pablo Tijaltepec,297,guadalupe-victoria-297-71152
71152,Juquila Independencia,San Pablo Tijaltepec,297,juquila-independencia-297-71152
71152,San Cristóbal Linda Vista,San Pablo Tijaltepec,297,san-cristobal-linda-vista-297-71152
71152,Vista Hermosa,San Pablo Tijaltepec,297,vista-hermosa-297-71152
71153,Candelaria la Unión,San Pablo Tijaltepec,297,candelaria-la-union-297-71153
71153,Fortín Juárez,San Pablo Tijaltepec,297,fortin-juarez-297-71153
71153,Llano de la Luz,San Pablo Tijaltepec,297,llano-de-la-luz-297-71153
71153,San Isidro Allende,San Pablo Tijaltepec,297,san-isidro-allende-297-71153
71153,San Lucas Redención,San Pablo Tijaltepec,297,san-lucas-redencion-297-71153
71153,Santo Domingo del Progreso,San Pablo Tijaltepec,297,santo-domingo-del-progreso-297-71153
71154,Loma Aplastado,San Pablo Tijaltepec,297,loma-aplastado-297-71154
71154,Loma Snuviji,San Pablo Tijaltepec,297,loma-snuviji-297-71154
71154,Nuñuma,San Pablo Tijaltepec,297,nunuma-297-71154
71154,Yucutu,San Pablo Tijaltepec,297,yucutu-297-71154
71155,El Mogote,San Pablo Tijaltepec,297,el-mogote-297-71155
71155,Llano de Plaza,San Pablo Tijaltepec,297,llano-de-plaza-297-71155
71155,Unión y Progreso,San Pablo Tijaltepec,297,union-y-progreso-297-71155
71155,Yucahua,San Pablo Tijaltepec,297,yucahua-297-71155
71155,Yutendoo,San Pablo Tijaltepec,297,yutendoo-297-71155
71156,Moctezuma (Stuma),Santa Cruz Tacahua,382,moctezuma-stuma-382-71156
71156,Santa Cruz Tacahua,Santa Cruz Tacahua,382,santa-cruz-tacahua-382-71156
71157,Cerro Prieto,Santa Cruz Tacahua,382,cerro-prieto-382-71157
71160,Icayuco,Santa Lucía Monteverde,392,icayuco-392-71160
71160,Santa Lucía Monteverde,Santa Lucía Monteverde,392,santa-lucia-monteverde-392-71160
71160,Santa María Ocotlán,Santa Lucía Monteverde,392,santa-maria-ocotlan-392-71160
71161,Laguna Seca,Santa Lucía Monteverde,392,laguna-seca-392-71161
71161,El Progreso Yucubey,Santa Lucía Monteverde,392,el-progreso-yucubey-392-71161
71161,Cabeza de Río,Santa Lucía Monteverde,392,cabeza-de-rio-392-71161
71161,La Paz,Santa Lucía Monteverde,392,la-paz-392-71161
71162,San Sebastián Nopalera,Santa Lucía Monteverde,392,san-sebastian-nopalera-392-71162
71163,Laguna Verde,Santa Lucía Monteverde,392,laguna-verde-392-71163
71166,Agua del Toro,Santa Lucía Monteverde,392,agua-del-toro-392-71166
71166,Villanueva,Santa Lucía Monteverde,392,villanueva-392-71166
71166,Cuauhtémoc Yutecoso,Santa Lucía Monteverde,392,cuauhtemoc-yutecoso-392-71166
71166,San José el Porvenir,Santa Lucía Monteverde,392,san-jose-el-porvenir-392-71166
71166,Peña Negra Nopalera,Santa Lucía Monteverde,392,pena-negra-nopalera-392-71166
71170,San Sebastián Valfré,San Andrés Cabecera Nueva,088,san-sebastian-valfre-088-71170
71170,San Andrés Cabecera Nueva,San Andrés Cabecera Nueva,088,san-andres-cabecera-nueva-088-71170
71173,Dolores Hidalgo,San Andrés Cabecera Nueva,088,dolores-hidalgo-088-71173
71173,Rancho de los García,San Andrés Cabecera Nueva,088,rancho-de-los-garcia-088-71173
71173,Rancho de los Lazos (Las Mancuernas),San Andrés Cabecera Nueva,088,rancho-de-los-lazos-las-mancuernas-088-71173
71173,San Miguel de Guerrero,San Andrés Cabecera Nueva,088,san-miguel-de-guerrero-088-71173
71173,Vista Hermosa,San Andrés Cabecera Nueva,088,vista-hermosa-088-71173
71174,Santa Ana Progreso,San Andrés Cabecera Nueva,088,santa-ana-progreso-088-71174
71174,El Ciruelo,San Andrés Cabecera Nueva,088,el-ciruelo-088-71174
71174,Guadalupe Río Grande,San Andrés Cabecera Nueva,088,guadalupe-rio-grande-088-71174
71174,La Palma,San Andrés Cabecera Nueva,088,la-palma-088-71174
71174,Buenavista,San Andrés Cabecera Nueva,088,buenavista-088-71174
71174,La Cotorra,San Andrés Cabecera Nueva,088,la-cotorra-088-71174
71174,Ojo de Agua,San Andrés Cabecera Nueva,088,ojo-de-agua-088-71174
71174,Palo de Obo,San Andrés Cabecera Nueva,088,palo-de-obo-088-71174
71175,Guadalupe Victoria,San Andrés Cabecera Nueva,088,guadalupe-victoria-088-71175
71175,Santiago el Mesón,San Andrés Cabecera Nueva,088,santiago-el-meson-088-71175
71175,Cabatú (San Cosme la Paz),San Andrés Cabecera Nueva,088,cabatu-san-cosme-la-paz-088-71175
71175,Cavacoho,San Andrés Cabecera Nueva,088,cavacoho-088-71175
71175,Cerro de la Cera (Laguna Seca),San Andrés Cabecera Nueva,088,cerro-de-la-cera-laguna-seca-088-71175
71175,Cieneguilla (Desviación de la Paz),San Andrés Cabecera Nueva,088,cieneguilla-desviacion-de-la-paz-088-71175
71175,El Coyul (Santos Reyes Aldama),San Andrés Cabecera Nueva,088,el-coyul-santos-reyes-aldama-088-71175
71175,El Guayabo,San Andrés Cabecera Nueva,088,el-guayabo-088-71175
71175,El Mango,San Andrés Cabecera Nueva,088,el-mango-088-71175
71175,El Mesón Viejo,San Andrés Cabecera Nueva,088,el-meson-viejo-088-71175
71175,El Mosco,San Andrés Cabecera Nueva,088,el-mosco-088-71175
71175,El Ocote,San Andrés Cabecera Nueva,088,el-ocote-088-71175
71175,El Violín,San Andrés Cabecera Nueva,088,el-violin-088-71175
71175,Espinal,San Andrés Cabecera Nueva,088,espinal-088-71175
71175,La Casica,San Andrés Cabecera Nueva,088,la-casica-088-71175
71175,La Charamusca (Santiago el Mesón),San Andrés Cabecera Nueva,088,la-charamusca-santiago-el-meson-088-71175
71175,La Cieneguilla,San Andrés Cabecera Nueva,088,la-cieneguilla-088-71175
71175,Llano Grande,San Andrés Cabecera Nueva,088,llano-grande-088-71175
71175,Los Amates (Santos Reyes),San Andrés Cabecera Nueva,088,los-amates-santos-reyes-088-71175
71175,Ndutebinde,San Andrés Cabecera Nueva,088,ndutebinde-088-71175
71175,Ndutenico,San Andrés Cabecera Nueva,088,ndutenico-088-71175
71175,Peña Blanca,San Andrés Cabecera Nueva,088,pena-blanca-088-71175
71175,Río Ferrería,San Andrés Cabecera Nueva,088,rio-ferreria-088-71175
71175,San Cosme de la Paz,San Andrés Cabecera Nueva,088,san-cosme-de-la-paz-088-71175
71175,San Juan Yutacuiñe,San Andrés Cabecera Nueva,088,san-juan-yutacuine-088-71175
71175,Santos Reyes Aldama,San Andrés Cabecera Nueva,088,santos-reyes-aldama-088-71175
71175,Skinche,San Andrés Cabecera Nueva,088,skinche-088-71175
71175,Tierra Colorada,San Andrés Cabecera Nueva,088,tierra-colorada-088-71175
71175,Villa Alta (San Cosme la Paz),San Andrés Cabecera Nueva,088,villa-alta-san-cosme-la-paz-088-71175
71175,Xoxe,San Andrés Cabecera Nueva,088,xoxe-088-71175
71175,Yucundaco,San Andrés Cabecera Nueva,088,yucundaco-088-71175
71175,Zapotal (Santos Reyes Aldama),San Andrés Cabecera Nueva,088,zapotal-santos-reyes-aldama-088-71175
71175,Zocotiú,San Andrés Cabecera Nueva,088,zocotiu-088-71175
71176,Santa María Yolotepec,Santa María Yolotepec,444,santa-maria-yolotepec-444-71176
71180,La Cascada,Santiago Yosondúa,500,la-cascada-500-71180
71180,Cuajilotes,Santiago Yosondúa,500,cuajilotes-500-71180
71180,Primavera,Santiago Yosondúa,500,primavera-500-71180
71180,Santiago Yosondua,Santiago Yosondúa,500,santiago-yosondua-500-71180
71181,Yolotepec de la Paz,Santiago Yosondúa,500,yolotepec-de-la-paz-500-71181
71182,Santa Catarina Cuanana,Santiago Yosondúa,500,santa-catarina-cuanana-500-71182
71183,Cabecera de Cañada,Santiago Yosondúa,500,cabecera-de-canada-500-71183
71183,Buenavista,Santiago Yosondúa,500,buenavista-500-71183
71183,Cañada de Galicia,Santiago Yosondúa,500,canada-de-galicia-500-71183
71184,Plumas,Santiago Yosondúa,500,plumas-500-71184
71184,Cuajilotes,Santiago Yosondúa,500,cuajilotes-500-71184
71184,Yerba Santa,Santiago Yosondúa,500,yerba-santa-500-71184
71185,Lázaro Cárdenas,Santiago Yosondúa,500,lazaro-cardenas-500-71185
71185,El Sabino,Santiago Yosondúa,500,el-sabino-500-71185
71185,Alacrán,Santiago Yosondúa,500,alacran-500-71185
71185,Atalaya,Santiago Yosondúa,500,atalaya-500-71185
71186,Imperio,Santiago Yosondúa,500,imperio-500-71186
71187,Vergel,Santiago Yosondúa,500,vergel-500-71187
71190,Santa Cruz Itundujia Centro,Santa Cruz Itundujia,377,santa-cruz-itundujia-centro-377-71190
71190,El Anonal,Santa Cruz Itundujia,377,el-anonal-377-71190
71190,Terán,Santa Cruz Itundujia,377,teran-377-71190
71190,La Laguna,Santa Cruz Itundujia,377,la-laguna-377-71190
71190,El Pedregal,Santa Cruz Itundujia,377,el-pedregal-377-71190
71193,Zaragoza,Santa Cruz Itundujia,377,zaragoza-377-71193
71194,Hidalgo de La Unión,Santa Cruz Itundujia,377,hidalgo-de-la-union-377-71194
71194,Morelos,Santa Cruz Itundujia,377,morelos-377-71194
71194,La Victoria,Santa Cruz Itundujia,377,la-victoria-377-71194
71194,Chamizal (Buena Vista),Santa Cruz Itundujia,377,chamizal-buena-vista-377-71194
71194,Primavera Morelos,Santa Cruz Itundujia,377,primavera-morelos-377-71194
71195,Buenavista de Juárez,Santa Cruz Itundujia,377,buenavista-de-juarez-377-71195
71195,Guerrero Intundujia,Santa Cruz Itundujia,377,guerrero-intundujia-377-71195
71195,Iturbide,Santa Cruz Itundujia,377,iturbide-377-71195
71195,Providencia,Santa Cruz Itundujia,377,providencia-377-71195
71196,Independencia,Santa Cruz Itundujia,377,independencia-377-71196
71196,Nuevo Allende,Santa Cruz Itundujia,377,nuevo-allende-377-71196
71196,El Paraíso,Santa Cruz Itundujia,377,el-paraiso-377-71196
71200,Cristo Rey,Zimatlán de Álvarez,570,cristo-rey-570-71200
71200,Zimatlán de Álvarez Centro,Zimatlán de Álvarez,570,zimatlan-de-alvarez-centro-570-71200
71200,Expiración,Zimatlán de Álvarez,570,expiracion-570-71200
71200,San Antonio,Zimatlán de Álvarez,570,san-antonio-570-71200
71200,San José,Zimatlán de Álvarez,570,san-jose-570-71200
71200,San Juan,Zimatlán de Álvarez,570,san-juan-570-71200
71200,San Lorenzo,Zimatlán de Álvarez,570,san-lorenzo-570-71200
71200,El Pajarito,Zimatlán de Álvarez,570,el-pajarito-570-71200
71202,El Tlacuache,Zimatlán de Álvarez,570,el-tlacuache-570-71202
71202,San Pedro Totomachapam,Zimatlán de Álvarez,570,san-pedro-totomachapam-570-71202
71203,San Pedro el Alto,Zimatlán de Álvarez,570,san-pedro-el-alto-570-71203
71203,San Sebastián Río Dulce,Zimatlán de Álvarez,570,san-sebastian-rio-dulce-570-71203
71204,Santiago Clavellinas,Zimatlán de Álvarez,570,santiago-clavellinas-570-71204
71205,San Nicolás Quialana,Zimatlán de Álvarez,570,san-nicolas-quialana-570-71205
71205,Santa María Vigallo,Zimatlán de Álvarez,570,santa-maria-vigallo-570-71205
71205,Valdeflores,Zimatlán de Álvarez,570,valdeflores-570-71205
71205,La Raya,Zimatlán de Álvarez,570,la-raya-570-71205
71206,El Rosario,Zimatlán de Álvarez,570,el-rosario-570-71206
71207,Santa Catalina Mixtepec,Zimatlán de Álvarez,570,santa-catalina-mixtepec-570-71207
71210,San Bernardo Mixtepec,San Bernardo Mixtepec,123,san-bernardo-mixtepec-123-71210
71213,Asunción Mixtepec,San Bernardo Mixtepec,123,asuncion-mixtepec-123-71213
71213,San Jerónimo Tititlán,San Bernardo Mixtepec,123,san-jeronimo-tititlan-123-71213
71214,Santa Cruz Mixtepec,Santa Cruz Mixtepec,378,santa-cruz-mixtepec-378-71214
71215,Emiliano Zapata,Santa Cruz Mixtepec,378,emiliano-zapata-378-71215
71215,Trapiche Santa Cruz,Santa Cruz Mixtepec,378,trapiche-santa-cruz-378-71215
71217,San Mateo Mixtepec,Santa Cruz Mixtepec,378,san-mateo-mixtepec-378-71217
71218,San Miguel Mixtepec,San Miguel Mixtepec,271,san-miguel-mixtepec-271-71218
71218,Agua Fría Campanario,San Miguel Mixtepec,271,agua-fria-campanario-271-71218
71218,Barranca Fierro,San Miguel Mixtepec,271,barranca-fierro-271-71218
71218,Lima,San Miguel Mixtepec,271,lima-271-71218
71218,San Isidro,San Miguel Mixtepec,271,san-isidro-271-71218
71218,Tierra Colorada,San Miguel Mixtepec,271,tierra-colorada-271-71218
71220,Residencial los Fresnos,Santa María Atzompa,399,residencial-los-fresnos-399-71220
71220,Paraje La Era,Santa María Atzompa,399,paraje-la-era-399-71220
71220,Salida a San Lorenzo,Santa María Atzompa,399,salida-a-san-lorenzo-399-71220
71220,Santa María Atzompa,Santa María Atzompa,399,santa-maria-atzompa-399-71220
71220,Semblanza Oaxaqueña,Santa María Atzompa,399,semblanza-oaxaquena-399-71220
71220,Odisea,Santa María Atzompa,399,odisea-399-71220
71220,San Sebastián,Santa María Atzompa,399,san-sebastian-399-71220
71220,Jardines de Yahuiche,Santa María Atzompa,399,jardines-de-yahuiche-399-71220
71220,Ampliación Progreso,Santa María Atzompa,399,ampliacion-progreso-399-71220
71220,San Jerónimo Yahuiche,Santa María Atzompa,399,san-jeronimo-yahuiche-399-71220
71220,Cantores,Santa María Atzompa,399,cantores-399-71220
71220,Yahuiche,Santa María Atzompa,399,yahuiche-399-71220
71220,Santa Cruz,Santa María Atzompa,399,santa-cruz-399-71220
71220,Los Cantaros,Santa María Atzompa,399,los-cantaros-399-71220
71222,Parajes Unidos,Santa María Atzompa,399,parajes-unidos-399-71222
71222,Paraje Tierra Colorada,Santa María Atzompa,399,paraje-tierra-colorada-399-71222
71222,Paraje La Mesita,Santa María Atzompa,399,paraje-la-mesita-399-71222
71222,La Samaritana,Santa María Atzompa,399,la-samaritana-399-71222
71222,Forestal,Santa María Atzompa,399,forestal-399-71222
71222,Guelaguetza,Santa María Atzompa,399,guelaguetza-399-71222
71222,La Cañada,Santa María Atzompa,399,la-canada-399-71222
71222,Oaxaca,Santa María Atzompa,399,oaxaca-399-71222
71222,Niños Héroes,Santa María Atzompa,399,ninos-heroes-399-71222
71222,Ejido Santa María,Santa María Atzompa,399,ejido-santa-maria-399-71222
71222,La Asunción,Santa María Atzompa,399,la-asuncion-399-71222
71222,Residencial Los Girasoles,Santa María Atzompa,399,residencial-los-girasoles-399-71222
71222,Residencial Denali,Santa María Atzompa,399,residencial-denali-399-71222
71223,Alfareros,Santa María Atzompa,399,alfareros-399-71223
71223,Las Lomas,Santa María Atzompa,399,las-lomas-399-71223
71223,Loma de la Concepción,Santa María Atzompa,399,loma-de-la-concepcion-399-71223
71223,La Soledad,Santa María Atzompa,399,la-soledad-399-71223
71223,La Laguna,Santa María Atzompa,399,la-laguna-399-71223
71223,Los Tunalitos,Santa María Atzompa,399,los-tunalitos-399-71223
71223,La Joya,Santa María Atzompa,399,la-joya-399-71223
71223,La Cañadita,Santa María Atzompa,399,la-canadita-399-71223
71223,Perla de Antequera,Santa María Atzompa,399,perla-de-antequera-399-71223
71223,Santa Catarina Montaño,Santa María Atzompa,399,santa-catarina-montano-399-71223
71223,Montealbán,Santa María Atzompa,399,montealban-399-71223
71223,Riberas de San Jerónimo,Santa María Atzompa,399,riberas-de-san-jeronimo-399-71223
71223,Francisco Villa,Santa María Atzompa,399,francisco-villa-399-71223
71223,Real Santa María,Santa María Atzompa,399,real-santa-maria-399-71223
71223,Ex-Hacienda la Soledad,Santa María Atzompa,399,ex-hacienda-la-soledad-399-71223
71223,San José Hidalgo,Santa María Atzompa,399,san-jose-hidalgo-399-71223
71224,San Andrés Ixtlahuaca,San Andrés Ixtlahuaca,092,san-andres-ixtlahuaca-092-71224
71224,Cieneguilla,San Andrés Ixtlahuaca,092,cieneguilla-092-71224
71226,Santa Cruz Amilpas,Santa Cruz Amilpas,375,santa-cruz-amilpas-375-71226
71226,Azucenas,Santa Cruz Amilpas,375,azucenas-375-71226
71227,Del Carmen,Santa Cruz Amilpas,375,del-carmen-375-71227
71227,Guayabales,Santa Cruz Amilpas,375,guayabales-375-71227
71227,Popular Independencia,Santa Cruz Amilpas,375,popular-independencia-375-71227
71227,INFONAVIT Santa Cruz Amilpas,Santa Cruz Amilpas,375,infonavit-santa-cruz-amilpas-375-71227
71227,Llano Verde,Santa Cruz Amilpas,375,llano-verde-375-71227
71227,28 de Noviembre,Santa Cruz Amilpas,375,28-de-noviembre-375-71227
71228,Lomas de Santa Cruz,Santa Cruz Amilpas,375,lomas-de-santa-cruz-375-71228
71228,Ulises Ruiz Ortiz,Santa Cruz Amilpas,375,ulises-ruiz-ortiz-375-71228
71230,Los Ángeles,Santa Cruz Xoxocotlán,385,los-angeles-385-71230
71230,La Floresta,Santa Cruz Xoxocotlán,385,la-floresta-385-71230
71230,El Pedregal,Santa Cruz Xoxocotlán,385,el-pedregal-385-71230
71230,Palestina,Santa Cruz Xoxocotlán,385,palestina-385-71230
71230,Esquipulas Xoxo,Santa Cruz Xoxocotlán,385,esquipulas-xoxo-385-71230
71230,Independencia,Santa Cruz Xoxocotlán,385,independencia-385-71230
71230,Santa Cruz Xoxocotlán,Santa Cruz Xoxocotlán,385,santa-cruz-xoxocotlan-385-71230
71230,Francisco Villa,Santa Cruz Xoxocotlán,385,francisco-villa-385-71230
71230,Pirámides,Santa Cruz Xoxocotlán,385,piramides-385-71230
71230,Lomas de Nazareno,Santa Cruz Xoxocotlán,385,lomas-de-nazareno-385-71230
71230,Arboledas Villas Zaachila,Santa Cruz Xoxocotlán,385,arboledas-villas-zaachila-385-71230
71230,San Miguel Arcángel,Santa Cruz Xoxocotlán,385,san-miguel-arcangel-385-71230
71230,El Paredón,Santa Cruz Xoxocotlán,385,el-paredon-385-71230
71230,Villas del Bosque,Santa Cruz Xoxocotlán,385,villas-del-bosque-385-71230
71230,Ayuuc Mexi,Santa Cruz Xoxocotlán,385,ayuuc-mexi-385-71230
71230,Los Pinos I,Santa Cruz Xoxocotlán,385,los-pinos-i-385-71230
71230,Los Pinos II,Santa Cruz Xoxocotlán,385,los-pinos-ii-385-71230
71231,Oaxaca (Xoxocotán),Santa Cruz Xoxocotlán,385,oaxaca-xoxocotan-385-71231
71232,Lázaro Cárdenas del Río,Santa Cruz Xoxocotlán,385,lazaro-cardenas-del-rio-385-71232
71232,Real Antequera,Santa Cruz Xoxocotlán,385,real-antequera-385-71232
71232,Jardines del Sur,Santa Cruz Xoxocotlán,385,jardines-del-sur-385-71232
71232,Progreso,Santa Cruz Xoxocotlán,385,progreso-385-71232
71232,El Nogal,Santa Cruz Xoxocotlán,385,el-nogal-385-71232
71232,Villas Los Ángeles,Santa Cruz Xoxocotlán,385,villas-los-angeles-385-71232
71232,Jardines Residencial,Santa Cruz Xoxocotlán,385,jardines-residencial-385-71232
71232,Residencial Agaves,Santa Cruz Xoxocotlán,385,residencial-agaves-385-71232
71232,Ónix,Santa Cruz Xoxocotlán,385,onix-385-71232
71232,Real San Miguel,Santa Cruz Xoxocotlán,385,real-san-miguel-385-71232
71232,Los Puentes Cuaches,Santa Cruz Xoxocotlán,385,los-puentes-cuaches-385-71232
71232,Framboyanes II,Santa Cruz Xoxocotlán,385,framboyanes-ii-385-71232
71232,El Higo,Santa Cruz Xoxocotlán,385,el-higo-385-71232
71232,Pinos,Santa Cruz Xoxocotlán,385,pinos-385-71232
71232,Los Danzantes,Santa Cruz Xoxocotlán,385,los-danzantes-385-71232
71232,Residencial del Prado,Santa Cruz Xoxocotlán,385,residencial-del-prado-385-71232
71232,Framboyanes,Santa Cruz Xoxocotlán,385,framboyanes-385-71232
71232,Brasil,Santa Cruz Xoxocotlán,385,brasil-385-71232
71232,Granjas Aguayo,Santa Cruz Xoxocotlán,385,granjas-aguayo-385-71232
71232,Ampliación Independencia,Santa Cruz Xoxocotlán,385,ampliacion-independencia-385-71232
71232,La Paz,Santa Cruz Xoxocotlán,385,la-paz-385-71232
71232,Mi Ranchito,Santa Cruz Xoxocotlán,385,mi-ranchito-385-71232
71232,Minería,Santa Cruz Xoxocotlán,385,mineria-385-71232
71232,El Mirador,Santa Cruz Xoxocotlán,385,el-mirador-385-71232
71232,Oriental,Santa Cruz Xoxocotlán,385,oriental-385-71232
71232,San Isidro Monjas,Santa Cruz Xoxocotlán,385,san-isidro-monjas-385-71232
71232,Itabiani,Santa Cruz Xoxocotlán,385,itabiani-385-71232
71232,Los Cantaros,Santa Cruz Xoxocotlán,385,los-cantaros-385-71232
71232,Paraje la Horqueta,Santa Cruz Xoxocotlán,385,paraje-la-horqueta-385-71232
71232,Juquilita,Santa Cruz Xoxocotlán,385,juquilita-385-71232
71232,Paraje el Mogote,Santa Cruz Xoxocotlán,385,paraje-el-mogote-385-71232
71232,SAHOP,Santa Cruz Xoxocotlán,385,sahop-385-71232
71232,Arboledas,Santa Cruz Xoxocotlán,385,arboledas-385-71232
71232,Villas Laureles,Santa Cruz Xoxocotlán,385,villas-laureles-385-71232
71232,Aguayo,Santa Cruz Xoxocotlán,385,aguayo-385-71232
71232,Benemérito de las Américas,Santa Cruz Xoxocotlán,385,benemerito-de-las-americas-385-71232
71232,Anáhuac,Santa Cruz Xoxocotlán,385,anahuac-385-71232
71232,Satélite,Santa Cruz Xoxocotlán,385,satelite-385-71232
71232,Agustín Melgar,Santa Cruz Xoxocotlán,385,agustin-melgar-385-71232
71232,Lomas de Buenos Aires,Santa Cruz Xoxocotlán,385,lomas-de-buenos-aires-385-71232
71232,Lomas de Santa Cruz,Santa Cruz Xoxocotlán,385,lomas-de-santa-cruz-385-71232
71232,La Escondida,Santa Cruz Xoxocotlán,385,la-escondida-385-71232
71232,Aguayo,Santa Cruz Xoxocotlán,385,aguayo-385-71232-5523
71232,Los Fresnos,Santa Cruz Xoxocotlán,385,los-fresnos-385-71232
71232,Jardines de la Ciénega,Santa Cruz Xoxocotlán,385,jardines-de-la-cienega-385-71232
71232,La Horqueta,Santa Cruz Xoxocotlán,385,la-horqueta-385-71232
71232,La Soledad,Santa Cruz Xoxocotlán,385,la-soledad-385-71232
71232,San Juan Bautista la Raya,Santa Cruz Xoxocotlán,385,san-juan-bautista-la-raya-385-71232
71233,Santa Elena,Santa Cruz Xoxocotlán,385,santa-elena-385-71233
71233,Ampliación Ex-Hacienda Candiani,Santa Cruz Xoxocotlán,385,ampliacion-ex-hacienda-candiani-385-71233
71233,Las Águilas,Santa Cruz Xoxocotlán,385,las-aguilas-385-71233
71233,Las Culturas,Santa Cruz Xoxocotlán,385,las-culturas-385-71233
71233,El Sol,Santa Cruz Xoxocotlán,385,el-sol-385-71233
71233,San Pedro el Carrizal,Santa Cruz Xoxocotlán,385,san-pedro-el-carrizal-385-71233
71233,La Alianza,Santa Cruz Xoxocotlán,385,la-alianza-385-71233
71233,Trabajadores del Instituto Tecnológico,Santa Cruz Xoxocotlán,385,trabajadores-del-instituto-tecnologico-385-71233
71233,Residencial del Bosque,Santa Cruz Xoxocotlán,385,residencial-del-bosque-385-71233
71233,Jardines de Monte Albán,Santa Cruz Xoxocotlán,385,jardines-de-monte-alban-385-71233
71233,Paraje la Primavera,Santa Cruz Xoxocotlán,385,paraje-la-primavera-385-71233
71233,Olimpica,Santa Cruz Xoxocotlán,385,olimpica-385-71233
71233,20 de Noviembre,Santa Cruz Xoxocotlán,385,20-de-noviembre-385-71233
71233,La Florida,Santa Cruz Xoxocotlán,385,la-florida-385-71233
71233,San José Comunal,Santa Cruz Xoxocotlán,385,san-jose-comunal-385-71233
71233,Vista del Valle,Santa Cruz Xoxocotlán,385,vista-del-valle-385-71233
71233,Ignacio Zaragoza,Santa Cruz Xoxocotlán,385,ignacio-zaragoza-385-71233
71233,El Periodista,Santa Cruz Xoxocotlán,385,el-periodista-385-71233
71233,Ojito de Agua,Santa Cruz Xoxocotlán,385,ojito-de-agua-385-71233
71233,Las Palmas,Santa Cruz Xoxocotlán,385,las-palmas-385-71233
71233,Santa Clara,Santa Cruz Xoxocotlán,385,santa-clara-385-71233
71233,Los Olivos,Santa Cruz Xoxocotlán,385,los-olivos-385-71233
71233,Eliseo Jiménez Ruiz,Santa Cruz Xoxocotlán,385,eliseo-jimenez-ruiz-385-71233
71233,Reforma Agraria,Santa Cruz Xoxocotlán,385,reforma-agraria-385-71233
71233,San Antonio Arrazola,Santa Cruz Xoxocotlán,385,san-antonio-arrazola-385-71233
71233,Damnificados,Santa Cruz Xoxocotlán,385,damnificados-385-71233
71233,Del Valle,Santa Cruz Xoxocotlán,385,del-valle-385-71233
71233,Emiliano Zapata,Santa Cruz Xoxocotlán,385,emiliano-zapata-385-71233
71233,Insurgentes,Santa Cruz Xoxocotlán,385,insurgentes-385-71233
71233,Santa Elena,Santa Cruz Xoxocotlán,385,santa-elena-385-71233-5558
71233,3 de Mayo,Santa Cruz Xoxocotlán,385,3-de-mayo-385-71233
71233,El Paraíso,Santa Cruz Xoxocotlán,385,el-paraiso-385-71233
71233,El Rosario Xoxocotlán,Santa Cruz Xoxocotlán,385,el-rosario-xoxocotlan-385-71233
71233,Laureles,Santa Cruz Xoxocotlán,385,laureles-385-71233
71233,San Jesús Nazareno,Santa Cruz Xoxocotlán,385,san-jesus-nazareno-385-71233
71233,Sor Juana Inés de La Cruz,Santa Cruz Xoxocotlán,385,sor-juana-ines-de-la-cruz-385-71233
71233,3 de Octubre,Santa Cruz Xoxocotlán,385,3-de-octubre-385-71233
71233,Rufino Tamayo,Santa Cruz Xoxocotlán,385,rufino-tamayo-385-71233
71233,Ex- Garita de Xoxo,Santa Cruz Xoxocotlán,385,ex--garita-de-xoxo-385-71233
71233,San Francisco Javier,Santa Cruz Xoxocotlán,385,san-francisco-javier-385-71233
71233,Lomas de San Javier,Santa Cruz Xoxocotlán,385,lomas-de-san-javier-385-71233
71233,Unión,Santa Cruz Xoxocotlán,385,union-385-71233
71233,Guamuches,Santa Cruz Xoxocotlán,385,guamuches-385-71233
71233,Rinconadas Villas Xoxo,Santa Cruz Xoxocotlán,385,rinconadas-villas-xoxo-385-71233
71233,Villas Xoxo,Santa Cruz Xoxocotlán,385,villas-xoxo-385-71233
71233,Tenochtitlán,Santa Cruz Xoxocotlán,385,tenochtitlan-385-71233
71233,Ex-Hacienda Candiani,Santa Cruz Xoxocotlán,385,ex-hacienda-candiani-385-71233
71233,3 Ranchos,Santa Cruz Xoxocotlán,385,3-ranchos-385-71233
71233,Carrasco Altamirano,Santa Cruz Xoxocotlán,385,carrasco-altamirano-385-71233
71233,Montebello,Santa Cruz Xoxocotlán,385,montebello-385-71233
71233,Colinas de San José,Santa Cruz Xoxocotlán,385,colinas-de-san-jose-385-71233
71233,Vista Real,Santa Cruz Xoxocotlán,385,vista-real-385-71233
71233,Odilón,Santa Cruz Xoxocotlán,385,odilon-385-71233
71233,Benito Juárez,Santa Cruz Xoxocotlán,385,benito-juarez-385-71233
71233,La Oaxaqueña,Santa Cruz Xoxocotlán,385,la-oaxaquena-385-71233
71233,Francisco I. Madero,Santa Cruz Xoxocotlán,385,francisco-i-madero-385-71233
71233,21 de Marzo,Santa Cruz Xoxocotlán,385,21-de-marzo-385-71233
71233,Los Higos,Santa Cruz Xoxocotlán,385,los-higos-385-71233
71233,Los Ángeles,Santa Cruz Xoxocotlán,385,los-angeles-385-71233
71233,El Chapulín,Santa Cruz Xoxocotlán,385,el-chapulin-385-71233
71233,La Crucecita,Santa Cruz Xoxocotlán,385,la-crucecita-385-71233
71233,2a Ampliación de Xoxo,Santa Cruz Xoxocotlán,385,2a-ampliacion-de-xoxo-385-71233
71233,Villas Dalias,Santa Cruz Xoxocotlán,385,villas-dalias-385-71233
71233,1a Ampliación de Xoxo,Santa Cruz Xoxocotlán,385,1a-ampliacion-de-xoxo-385-71233
71233,Lomas de Monte Albán,Santa Cruz Xoxocotlán,385,lomas-de-monte-alban-385-71233
71233,Jardines,Santa Cruz Xoxocotlán,385,jardines-385-71233
71233,Guadalupe,Santa Cruz Xoxocotlán,385,guadalupe-385-71233
71233,Panorámica,Santa Cruz Xoxocotlán,385,panoramica-385-71233
71233,El Paragüito,Santa Cruz Xoxocotlán,385,el-paraguito-385-71233
71233,San Ignacio,Santa Cruz Xoxocotlán,385,san-ignacio-385-71233
71233,Noche Buena,Santa Cruz Xoxocotlán,385,noche-buena-385-71233
71233,Antequera,Santa Cruz Xoxocotlán,385,antequera-385-71233
71233,Ampliación Indeco,Santa Cruz Xoxocotlán,385,ampliacion-indeco-385-71233
71233,El Nuevo Manantial,Santa Cruz Xoxocotlán,385,el-nuevo-manantial-385-71233
71233,Morelos,Santa Cruz Xoxocotlán,385,morelos-385-71233
71233,El Pedregal,Santa Cruz Xoxocotlán,385,el-pedregal-385-71233
71233,Santa Alicia,Santa Cruz Xoxocotlán,385,santa-alicia-385-71233
71233,Riberas del Atoyac,Santa Cruz Xoxocotlán,385,riberas-del-atoyac-385-71233
71233,Simbolos Patrios,Santa Cruz Xoxocotlán,385,simbolos-patrios-385-71233
71235,Jerusalén,Santa Cruz Xoxocotlán,385,jerusalen-385-71235
71240,Santa Lucía del Camino,Santa Lucía del Camino,390,santa-lucia-del-camino-390-71240
71240,El Refugio,Santa Lucía del Camino,390,el-refugio-390-71240
71240,Sector Arboles,Santa Lucía del Camino,390,sector-arboles-390-71240
71240,Santa Lucía,Santa Lucía del Camino,390,santa-lucia-390-71240
71240,La Ciénega,Santa Lucía del Camino,390,la-cienega-390-71240
71240,Las Palmas,Santa Lucía del Camino,390,las-palmas-390-71240
71242,San Francisco Tutla,Santa Lucía del Camino,390,san-francisco-tutla-390-71242
71242,Sol Naciente,Santa Lucía del Camino,390,sol-naciente-390-71242
71242,Itandehui,Santa Lucía del Camino,390,itandehui-390-71242
71243,Los Álamos,Santa Lucía del Camino,390,los-alamos-390-71243
71243,Felipe Carrillo Puerto,Santa Lucía del Camino,390,felipe-carrillo-puerto-390-71243
71243,Fernando Gómez Sandoval,Santa Lucía del Camino,390,fernando-gomez-sandoval-390-71243
71243,Primavera,Santa Lucía del Camino,390,primavera-390-71243
71243,Aquiles Serdán,Santa Lucía del Camino,390,aquiles-serdan-390-71243
71243,El Chamizal,Santa Lucía del Camino,390,el-chamizal-390-71243
71243,25 de Enero,Santa Lucía del Camino,390,25-de-enero-390-71243
71243,Rancho Nuevo,Santa Lucía del Camino,390,rancho-nuevo-390-71243
71243,Roma,Santa Lucía del Camino,390,roma-390-71243
71243,Ejidal,Santa Lucía del Camino,390,ejidal-390-71243
71243,Ampliación Santa Lucia,Santa Lucía del Camino,390,ampliacion-santa-lucia-390-71243
71243,Santa Cecilia,Santa Lucía del Camino,390,santa-cecilia-390-71243
71243,Calicanto,Santa Lucía del Camino,390,calicanto-390-71243
71244,Guelatao,Santa Lucía del Camino,390,guelatao-390-71244
71244,Victor Bravo Ahuja,Santa Lucía del Camino,390,victor-bravo-ahuja-390-71244
71244,El Bajío,Santa Lucía del Camino,390,el-bajio-390-71244
71244,José López Portillo,Santa Lucía del Camino,390,jose-lopez-portillo-390-71244
71244,Del Bosque Sur,Santa Lucía del Camino,390,del-bosque-sur-390-71244
71244,Santa María Ixcotel,Santa Lucía del Camino,390,santa-maria-ixcotel-390-71244
71244,Nueva Santa Lucía,Santa Lucía del Camino,390,nueva-santa-lucia-390-71244
71244,Nacional,Santa Lucía del Camino,390,nacional-390-71244
71244,Deportiva,Santa Lucía del Camino,390,deportiva-390-71244
71244,Ampliación del Bosque,Santa Lucía del Camino,390,ampliacion-del-bosque-390-71244
71244,Santa Lucía,Santa Lucía del Camino,390,santa-lucia-390-71244
71244,Del Bosque Norte,Santa Lucía del Camino,390,del-bosque-norte-390-71244
71245,Antiguo Aeropuerto,Santa Lucía del Camino,390,antiguo-aeropuerto-390-71245
71245,Las Flores,Santa Lucía del Camino,390,las-flores-390-71245
71245,Yalalag,Santa Lucía del Camino,390,yalalag-390-71245
71245,Zona Militar 28,Santa Lucía del Camino,390,zona-militar-28-390-71245
71245,La Vijarra,Santa Lucía del Camino,390,la-vijarra-390-71245
71245,Niños Héroes,Santa Lucía del Camino,390,ninos-heroes-390-71245
71246,San Pedro Ixtlahuaca,San Pedro Ixtlahuaca,310,san-pedro-ixtlahuaca-310-71246
71246,Agua Dulce,San Pedro Ixtlahuaca,310,agua-dulce-310-71246
71246,Los Nogales (Río Escoplo),San Pedro Ixtlahuaca,310,los-nogales-rio-escoplo-310-71246
71247,Clara Córdoba Morán,San Pedro Ixtlahuaca,310,clara-cordoba-moran-310-71247
71247,Los Mangales,San Pedro Ixtlahuaca,310,los-mangales-310-71247
71247,José Guadalupe Martínez García,San Pedro Ixtlahuaca,310,jose-guadalupe-martinez-garcia-310-71247
71247,Wenceslao Victoria Soto,San Pedro Ixtlahuaca,310,wenceslao-victoria-soto-310-71247
71247,Las Razas,San Pedro Ixtlahuaca,310,las-razas-310-71247
71247,Los Sabinos,San Pedro Ixtlahuaca,310,los-sabinos-310-71247
71247,Las Monjas,San Pedro Ixtlahuaca,310,las-monjas-310-71247
71247,Loma de la Hacienda (Paraje el Terrero),San Pedro Ixtlahuaca,310,loma-de-la-hacienda-paraje-el-terrero-310-71247
71247,Jazmines,San Pedro Ixtlahuaca,310,jazmines-310-71247
71247,El Bosque,San Pedro Ixtlahuaca,310,el-bosque-310-71247
71247,Ojo de Agua,San Pedro Ixtlahuaca,310,ojo-de-agua-310-71247
71247,San Juan,San Pedro Ixtlahuaca,310,san-juan-310-71247
71247,25 de Mayo,San Pedro Ixtlahuaca,310,25-de-mayo-310-71247
71247,La Jacaranda,San Pedro Ixtlahuaca,310,la-jacaranda-310-71247
71247,Miguel Cruz José,San Pedro Ixtlahuaca,310,miguel-cruz-jose-310-71247
71247,Real del Sauce,San Pedro Ixtlahuaca,310,real-del-sauce-310-71247
71247,El Sauz,San Pedro Ixtlahuaca,310,el-sauz-310-71247
71247,El Guayabal,San Pedro Ixtlahuaca,310,el-guayabal-310-71247
71247,Real del Valle,San Pedro Ixtlahuaca,310,real-del-valle-310-71247
71247,El Nanche,San Pedro Ixtlahuaca,310,el-nanche-310-71247
71247,El Pino,San Pedro Ixtlahuaca,310,el-pino-310-71247
71247,Paraje Cañada del Nanche,San Pedro Ixtlahuaca,310,paraje-canada-del-nanche-310-71247
71247,La Huerta,San Pedro Ixtlahuaca,310,la-huerta-310-71247
71247,Rancho de los Audelo,San Pedro Ixtlahuaca,310,rancho-de-los-audelo-310-71247
71247,La Peña,San Pedro Ixtlahuaca,310,la-pena-310-71247
71247,Buena Vista,San Pedro Ixtlahuaca,310,buena-vista-310-71247
71247,La Loma (Loma Grande),San Pedro Ixtlahuaca,310,la-loma-loma-grande-310-71247
71247,Loma Bonita,San Pedro Ixtlahuaca,310,loma-bonita-310-71247
71247,El Vergel,San Pedro Ixtlahuaca,310,el-vergel-310-71247
71247,La Verdura,San Pedro Ixtlahuaca,310,la-verdura-310-71247
71247,Ampliación Loma Bonita,San Pedro Ixtlahuaca,310,ampliacion-loma-bonita-310-71247
71247,Arboleda,San Pedro Ixtlahuaca,310,arboleda-310-71247
71247,Juquilita,San Pedro Ixtlahuaca,310,juquilita-310-71247
71247,Tlacaelel,San Pedro Ixtlahuaca,310,tlacaelel-310-71247
71248,Las Flores,San Pedro Ixtlahuaca,310,las-flores-310-71248
71248,Gardenias,San Pedro Ixtlahuaca,310,gardenias-310-71248
71248,La Concepción,San Pedro Ixtlahuaca,310,la-concepcion-310-71248
71248,Jardines del Tepeyac,San Pedro Ixtlahuaca,310,jardines-del-tepeyac-310-71248
71249,Piedras Negras,San Pedro Ixtlahuaca,310,piedras-negras-310-71249
71249,La Unión,San Pedro Ixtlahuaca,310,la-union-310-71249
71249,El Mogote,San Pedro Ixtlahuaca,310,el-mogote-310-71249
71250,El Palenque,San Antonio de la Cal,107,el-palenque-107-71250
71250,San Antonio de la Cal Centro,San Antonio de la Cal,107,san-antonio-de-la-cal-centro-107-71250
71253,La Nopalera,San Antonio de la Cal,107,la-nopalera-107-71253
71253,La Loma,San Antonio de la Cal,107,la-loma-107-71253
71253,El Polvorín,San Antonio de la Cal,107,el-polvorin-107-71253
71253,Ojo de Agua,San Antonio de la Cal,107,ojo-de-agua-107-71253
71254,Tercera Sección,San Antonio de la Cal,107,tercera-seccion-107-71254
71254,La Experimental,San Antonio de la Cal,107,la-experimental-107-71254
71254,Buenos Aires 4a Sección,San Antonio de la Cal,107,buenos-aires-4a-seccion-107-71254
71254,Cerro de la Culebra,San Antonio de la Cal,107,cerro-de-la-culebra-107-71254
71254,3a Sección del Panteón,San Antonio de la Cal,107,3a-seccion-del-panteon-107-71254
71254,3a Sección Casa del Temblor,San Antonio de la Cal,107,3a-seccion-casa-del-temblor-107-71254
71254,3a. Sección los Pinos,San Antonio de la Cal,107,3a-seccion-los-pinos-107-71254
71255,3a Sección las Moras,San Antonio de la Cal,107,3a-seccion-las-moras-107-71255
71255,24 de Febrero (6a Sección),San Antonio de la Cal,107,24-de-febrero-6a-seccion-107-71255
71255,3ra. Sección la Soledad,San Antonio de la Cal,107,3ra-seccion-la-soledad-107-71255
71255,5a Sección Eucaliptos,San Antonio de la Cal,107,5a-seccion-eucaliptos-107-71255
71256,El Portillo Parte Alta,San Antonio de la Cal,107,el-portillo-parte-alta-107-71256
71256,1a Sección la Calera,San Antonio de la Cal,107,1a-seccion-la-calera-107-71256
71256,El Portillo,San Antonio de la Cal,107,el-portillo-107-71256
71260,La Ampliación,San Agustín de las Juntas,083,la-ampliacion-083-71260
71260,El Abonado,San Agustín de las Juntas,083,el-abonado-083-71260
71260,Mi Ranchito,San Agustín de las Juntas,083,mi-ranchito-083-71260
71260,La Guayaba (El Mangal),San Agustín de las Juntas,083,la-guayaba-el-mangal-083-71260
71260,El Cuajilote (El Palenque),San Agustín de las Juntas,083,el-cuajilote-el-palenque-083-71260
71260,San Agustín de las Juntas,San Agustín de las Juntas,083,san-agustin-de-las-juntas-083-71260
71260,INFONAVIT,San Agustín de las Juntas,083,infonavit-083-71260
71260,El Tablón,San Agustín de las Juntas,083,el-tablon-083-71260
71260,Paraje el Cerritos,San Agustín de las Juntas,083,paraje-el-cerritos-083-71260
71260,Paraje Loma del Santo,San Agustín de las Juntas,083,paraje-loma-del-santo-083-71260
71265,La Villa,San Pablo Huixtepec,295,la-villa-295-71265
71265,San Pablo Huixtepec Centro,San Pablo Huixtepec,295,san-pablo-huixtepec-centro-295-71265
71265,Francisco I. Madero,San Pablo Huixtepec,295,francisco-i-madero-295-71265
71265,Jesús,San Pablo Huixtepec,295,jesus-295-71265
71265,La Soledad,San Pablo Huixtepec,295,la-soledad-295-71265
71265,El Calvario,San Pablo Huixtepec,295,el-calvario-295-71265
71266,Guadalupe Sierra,San Pablo Huixtepec,295,guadalupe-sierra-295-71266
71266,La Guadalupe,San Pablo Huixtepec,295,la-guadalupe-295-71266
71266,San Antonio,San Pablo Huixtepec,295,san-antonio-295-71266
71267,Barbas,San Pablo Huixtepec,295,barbas-295-71267
71267,El Palenque,San Pablo Huixtepec,295,el-palenque-295-71267
71267,La Santa Cruz,San Pablo Huixtepec,295,la-santa-cruz-295-71267
71267,Lachigova,San Pablo Huixtepec,295,lachigova-295-71267
71267,Loma del Ocote,San Pablo Huixtepec,295,loma-del-ocote-295-71267
71267,Paraje Vitigotiopa,San Pablo Huixtepec,295,paraje-vitigotiopa-295-71267
71267,Pozo Pajarito,San Pablo Huixtepec,295,pozo-pajarito-295-71267
71267,Rancho Besaro,San Pablo Huixtepec,295,rancho-besaro-295-71267
71267,Yarechi,San Pablo Huixtepec,295,yarechi-295-71267
71268,San Antonio,San Pablo Huixtepec,295,san-antonio-295-71268
71268,El Marqués,San Pablo Huixtepec,295,el-marques-295-71268
71268,Ex-Hacienda de la Niña Andrea,San Pablo Huixtepec,295,ex-hacienda-de-la-nina-andrea-295-71268
71268,Las Cruces,San Pablo Huixtepec,295,las-cruces-295-71268
71268,Llano Largo,San Pablo Huixtepec,295,llano-largo-295-71268
71268,Río Morón,San Pablo Huixtepec,295,rio-moron-295-71268
71270,Animas Trujano,Ánimas Trujano,174,animas-trujano-174-71270
71273,El Paredón,Ánimas Trujano,174,el-paredon-174-71273
71273,El Zapotillo,Ánimas Trujano,174,el-zapotillo-174-71273
71274,Paraje la Tortuga,Ánimas Trujano,174,paraje-la-tortuga-174-71274
71275,San Jacinto Tlacotepec,San Jacinto Tlacotepec,158,san-jacinto-tlacotepec-158-71275
71275,Las Flores,San Jacinto Tlacotepec,158,las-flores-158-71275
71276,Cuajinicuil,San Jacinto Tlacotepec,158,cuajinicuil-158-71276
71277,El Venado,San Jacinto Tlacotepec,158,el-venado-158-71277
71280,San Raymundo Jalpan,San Raymundo Jalpan,342,san-raymundo-jalpan-342-71280
71283,Real Antequera III,San Raymundo Jalpan,342,real-antequera-iii-342-71283
71283,Paraje Las Salinas,San Raymundo Jalpan,342,paraje-las-salinas-342-71283
71283,Real Antequera II,San Raymundo Jalpan,342,real-antequera-ii-342-71283
71284,Trinidad,Trinidad Zaachila,555,trinidad-555-71284
71286,La Guadalupe,Trinidad Zaachila,555,la-guadalupe-555-71286
71286,San Miguel Tlanichico,Trinidad Zaachila,555,san-miguel-tlanichico-555-71286
71286,Santa María Roaló,Trinidad Zaachila,555,santa-maria-roalo-555-71286
71290,Santa María Coyotepec,Santa María Coyotepec,403,santa-maria-coyotepec-403-71290
71292,Proyecto 2000,Santa María Coyotepec,403,proyecto-2000-403-71292
71294,Cuarta Sección,San Bartolo Coyotepec,115,cuarta-seccion-115-71294
71294,San Bartolo Coyotepec,San Bartolo Coyotepec,115,san-bartolo-coyotepec-115-71294
71295,Ciudad Judicial,San Bartolo Coyotepec,115,ciudad-judicial-115-71295
71295,Reyes Mantecón,San Bartolo Coyotepec,115,reyes-mantecon-115-71295
71295,Reyes Mantecón,San Bartolo Coyotepec,115,reyes-mantecon-115-71295-5769
71297,Santa Inés Yatzeche,Santa Inés Yatzeche,389,santa-ines-yatzeche-389-71297
71300,Ciénega de Zimatlán,Ciénega de Zimatlán,013,cienega-de-zimatlan-013-71300
71305,San Antonio Huitepec,San Antonio Huitepec,108,san-antonio-huitepec-108-71305
71306,Cañada Aguacate,San Antonio Huitepec,108,canada-aguacate-108-71306
71306,Cañada Cangrejo,San Antonio Huitepec,108,canada-cangrejo-108-71306
71306,Cañada de Espina,San Antonio Huitepec,108,canada-de-espina-108-71306
71306,Cañada de Hierba,San Antonio Huitepec,108,canada-de-hierba-108-71306
71306,Cañada de Mano,San Antonio Huitepec,108,canada-de-mano-108-71306
71306,Cañada Flores,San Antonio Huitepec,108,canada-flores-108-71306
71306,Cerro Brujo,San Antonio Huitepec,108,cerro-brujo-108-71306
71306,Culebrón,San Antonio Huitepec,108,culebron-108-71306
71306,El Portillo,San Antonio Huitepec,108,el-portillo-108-71306
71306,La Barranca,San Antonio Huitepec,108,la-barranca-108-71306
71306,La Joya,San Antonio Huitepec,108,la-joya-108-71306
71306,La Plazuela,San Antonio Huitepec,108,la-plazuela-108-71306
71306,Llano Jabalí,San Antonio Huitepec,108,llano-jabali-108-71306
71306,Llano Mecate,San Antonio Huitepec,108,llano-mecate-108-71306
71306,Loma de Timbre,San Antonio Huitepec,108,loma-de-timbre-108-71306
71306,Monte Cal,San Antonio Huitepec,108,monte-cal-108-71306
71306,San Juan Xochiltepec,San Antonio Huitepec,108,san-juan-xochiltepec-108-71306
71306,San Pedro,San Antonio Huitepec,108,san-pedro-108-71306
71306,Tierra Caliente,San Antonio Huitepec,108,tierra-caliente-108-71306
71307,Agua la Avispa,San Antonio Huitepec,108,agua-la-avispa-108-71307
71307,Arriba de la Peña,San Antonio Huitepec,108,arriba-de-la-pena-108-71307
71307,Bajo la Peña,San Antonio Huitepec,108,bajo-la-pena-108-71307
71307,Cañada de Duraznal (Duraznal),San Antonio Huitepec,108,canada-de-duraznal-duraznal-108-71307
71307,Cañada de Palenque,San Antonio Huitepec,108,canada-de-palenque-108-71307
71307,Chamizal,San Antonio Huitepec,108,chamizal-108-71307
71307,El Manzanito,San Antonio Huitepec,108,el-manzanito-108-71307
71307,El Palomar,San Antonio Huitepec,108,el-palomar-108-71307
71307,El Porvenir,San Antonio Huitepec,108,el-porvenir-108-71307
71307,El Tecolote,San Antonio Huitepec,108,el-tecolote-108-71307
71307,Espoloncillo (Tierra Caliente),San Antonio Huitepec,108,espoloncillo-tierra-caliente-108-71307
71307,La Guacamaya,San Antonio Huitepec,108,la-guacamaya-108-71307
71307,La Purísima,San Antonio Huitepec,108,la-purisima-108-71307
71307,Llano Chiquito,San Antonio Huitepec,108,llano-chiquito-108-71307
71307,Llano Conejo,San Antonio Huitepec,108,llano-conejo-108-71307
71307,Llano de Borracho,San Antonio Huitepec,108,llano-de-borracho-108-71307
71307,Llano Mazorca,San Antonio Huitepec,108,llano-mazorca-108-71307
71307,Llano Obscuro,San Antonio Huitepec,108,llano-obscuro-108-71307
71307,Pueblo Viejo,San Antonio Huitepec,108,pueblo-viejo-108-71307
71307,Río Panal,San Antonio Huitepec,108,rio-panal-108-71307
71307,Río Tronco,San Antonio Huitepec,108,rio-tronco-108-71307
71307,Temazcal,San Antonio Huitepec,108,temazcal-108-71307
71307,Infiernillo,San Antonio Huitepec,108,infiernillo-108-71307
71307,Miguel Hidalgo,San Antonio Huitepec,108,miguel-hidalgo-108-71307
71307,San Francisco Yucucundo,San Antonio Huitepec,108,san-francisco-yucucundo-108-71307
71308,Arriba de la Ciénega Rica,San Antonio Huitepec,108,arriba-de-la-cienega-rica-108-71308
71308,Atotonilco,San Antonio Huitepec,108,atotonilco-108-71308
71308,Buena Vista,San Antonio Huitepec,108,buena-vista-108-71308
71308,Cañada de Hielo,San Antonio Huitepec,108,canada-de-hielo-108-71308
71308,Cacique,San Antonio Huitepec,108,cacique-108-71308
71308,Carrizal,San Antonio Huitepec,108,carrizal-108-71308
71308,Carrizal Yucucundo,San Antonio Huitepec,108,carrizal-yucucundo-108-71308
71308,Llano de Moral,San Antonio Huitepec,108,llano-de-moral-108-71308
71308,Llano de Sol,San Antonio Huitepec,108,llano-de-sol-108-71308
71308,Loma de Cara,San Antonio Huitepec,108,loma-de-cara-108-71308
71308,Loma de Miel,San Antonio Huitepec,108,loma-de-miel-108-71308
71308,Loma de Tizne,San Antonio Huitepec,108,loma-de-tizne-108-71308
71308,Loma de Zopilote,San Antonio Huitepec,108,loma-de-zopilote-108-71308
71308,Loma del Chilar,San Antonio Huitepec,108,loma-del-chilar-108-71308
71308,Pando Colorado,San Antonio Huitepec,108,pando-colorado-108-71308
71308,Pata de Gallo,San Antonio Huitepec,108,pata-de-gallo-108-71308
71308,Pozo Verde,San Antonio Huitepec,108,pozo-verde-108-71308
71310,Del Niño (Segunda Sección),Villa de Zaachila,565,del-nino-segunda-seccion-565-71310
71310,Del Niño,Villa de Zaachila,565,del-nino-565-71310
71310,La Guadalupe,Villa de Zaachila,565,la-guadalupe-565-71310
71310,San José,Villa de Zaachila,565,san-jose-565-71310
71310,Zaachila,Villa de Zaachila,565,zaachila-565-71310
71310,San Pablo La Raya,Villa de Zaachila,565,san-pablo-la-raya-565-71310
71310,San Pedro,Villa de Zaachila,565,san-pedro-565-71310
71313,La Purísima,Villa de Zaachila,565,la-purisima-565-71313
71313,La Soledad,Villa de Zaachila,565,la-soledad-565-71313
71313,De Lexio,Villa de Zaachila,565,de-lexio-565-71313
71313,San Jacinto,Villa de Zaachila,565,san-jacinto-565-71313
71313,San Sebastián,Villa de Zaachila,565,san-sebastian-565-71313
71313,Del Carmen,Villa de Zaachila,565,del-carmen-565-71313
71313,Real del Valle,Villa de Zaachila,565,real-del-valle-565-71313
71314,San Lucas Tlanichico,Villa de Zaachila,565,san-lucas-tlanichico-565-71314
71315,San Pedro la Reforma,Villa de Zaachila,565,san-pedro-la-reforma-565-71315
71316,Jardines de Zaachila,Villa de Zaachila,565,jardines-de-zaachila-565-71316
71316,Zaachila Segundo,Villa de Zaachila,565,zaachila-segundo-565-71316
71316,Alarii,Villa de Zaachila,565,alarii-565-71316
71316,Jardines del Sur,Villa de Zaachila,565,jardines-del-sur-565-71316
71316,Cosijoeza,Villa de Zaachila,565,cosijoeza-565-71316
71316,Santa Isabel,Villa de Zaachila,565,santa-isabel-565-71316
71316,Circuito San Sebastián,Villa de Zaachila,565,circuito-san-sebastian-565-71316
71316,Rancho Viejo,Villa de Zaachila,565,rancho-viejo-565-71316
71316,Arboledas,Villa de Zaachila,565,arboledas-565-71316
71316,Juquila,Villa de Zaachila,565,juquila-565-71316
71316,Satélite,Villa de Zaachila,565,satelite-565-71316
71316,El Paraíso,Villa de Zaachila,565,el-paraiso-565-71316
71316,Valle de Reyes,Villa de Zaachila,565,valle-de-reyes-565-71316
71316,Campo Real,Villa de Zaachila,565,campo-real-565-71316
71316,Valle Dorado,Villa de Zaachila,565,valle-dorado-565-71316
71316,Olimpo,Villa de Zaachila,565,olimpo-565-71316
71317,Renacimiento,Villa de Zaachila,565,renacimiento-565-71317
71317,Zapoteca,Villa de Zaachila,565,zapoteca-565-71317
71317,La Floresta,Villa de Zaachila,565,la-floresta-565-71317
71317,Emiliano Zapata,Villa de Zaachila,565,emiliano-zapata-565-71317
71317,El Tunillo,Villa de Zaachila,565,el-tunillo-565-71317
71317,Del Bosque,Villa de Zaachila,565,del-bosque-565-71317
71317,Lomas del Pedregal,Villa de Zaachila,565,lomas-del-pedregal-565-71317
71317,Xiadani,Villa de Zaachila,565,xiadani-565-71317
71317,Impulsso,Villa de Zaachila,565,impulsso-565-71317
71317,Coyolicatzin,Villa de Zaachila,565,coyolicatzin-565-71317
71317,El Pedregal,Villa de Zaachila,565,el-pedregal-565-71317
71317,Vicente Guerrero,Villa de Zaachila,565,vicente-guerrero-565-71317
71317,Benito Juárez,Villa de Zaachila,565,benito-juarez-565-71317
71317,Guadalupana,Villa de Zaachila,565,guadalupana-565-71317
71317,Lomas de la Cuesta,Villa de Zaachila,565,lomas-de-la-cuesta-565-71317
71318,La Franja,Villa de Zaachila,565,la-franja-565-71318
71318,Morelos,Villa de Zaachila,565,morelos-565-71318
71318,Guillermo Gónzalez Guardado,Villa de Zaachila,565,guillermo-gonzalez-guardado-565-71318
71318,Hermosa Provincia,Villa de Zaachila,565,hermosa-provincia-565-71318
71318,El Manantial,Villa de Zaachila,565,el-manantial-565-71318
71318,24 de Julio,Villa de Zaachila,565,24-de-julio-565-71318
71320,San Sebastián Tutla,San Sebastián Tutla,350,san-sebastian-tutla-350-71320
71323,FOVISSSTE El Rosario,San Sebastián Tutla,350,fovissste-el-rosario-350-71323
71323,IVO El Rosario,San Sebastián Tutla,350,ivo-el-rosario-350-71323
71323,Ex- Hacienda el Rosario,San Sebastián Tutla,350,ex--hacienda-el-rosario-350-71323
71323,El Rosario CEMAVI,San Sebastián Tutla,350,el-rosario-cemavi-350-71323
71324,Punta Vizcaya,San Sebastián Tutla,350,punta-vizcaya-350-71324
71324,INFONAVIT El Rosario,San Sebastián Tutla,350,infonavit-el-rosario-350-71324
71326,San Miguel Peras,San Miguel Peras,273,san-miguel-peras-273-71326
71327,El Manzanito,San Miguel Peras,273,el-manzanito-273-71327
71327,El Temascal,San Miguel Peras,273,el-temascal-273-71327
71327,Piedra Luna,San Miguel Peras,273,piedra-luna-273-71327
71327,La Brujería,San Miguel Peras,273,la-brujeria-273-71327
71327,Soledad Peras,San Miguel Peras,273,soledad-peras-273-71327
71328,Buena Vista,San Miguel Peras,273,buena-vista-273-71328
71328,Del Rosario,San Miguel Peras,273,del-rosario-273-71328
71328,Río Morales,San Miguel Peras,273,rio-morales-273-71328
71328,Pensamiento Liberal Mexicano,San Miguel Peras,273,pensamiento-liberal-mexicano-273-71328
71330,El Magueyal,San Pablo Cuatro Venados,292,el-magueyal-292-71330
71330,San Pablo Cuatro Venados,San Pablo Cuatro Venados,292,san-pablo-cuatro-venados-292-71330
71333,El Moral,San Pablo Cuatro Venados,292,el-moral-292-71333
71333,Rebollero,San Pablo Cuatro Venados,292,rebollero-292-71333
71333,Río Minas,San Pablo Cuatro Venados,292,rio-minas-292-71333
71333,San Cristóbal,San Pablo Cuatro Venados,292,san-cristobal-292-71333
71333,Río Jalapilla,San Pablo Cuatro Venados,292,rio-jalapilla-292-71333
71334,El Esponjado,San Pablo Cuatro Venados,292,el-esponjado-292-71334
71334,El Poleo,San Pablo Cuatro Venados,292,el-poleo-292-71334
71334,El Zacatán,San Pablo Cuatro Venados,292,el-zacatan-292-71334
71334,La Cumbre Clavellinas,San Pablo Cuatro Venados,292,la-cumbre-clavellinas-292-71334
71334,La Herradura,San Pablo Cuatro Venados,292,la-herradura-292-71334
71334,La Nevería,San Pablo Cuatro Venados,292,la-neveria-292-71334
71334,La Plazuelita,San Pablo Cuatro Venados,292,la-plazuelita-292-71334
71334,Llano del Toro,San Pablo Cuatro Venados,292,llano-del-toro-292-71334
71334,Llano Manteca,San Pablo Cuatro Venados,292,llano-manteca-292-71334
71334,Mina Ruina,San Pablo Cuatro Venados,292,mina-ruina-292-71334
71334,Ojo de Agua,San Pablo Cuatro Venados,292,ojo-de-agua-292-71334
71334,Piedra Blanca,San Pablo Cuatro Venados,292,piedra-blanca-292-71334
71334,Santa Bárbara,San Pablo Cuatro Venados,292,santa-barbara-292-71334
71336,Allende,Santa Inés del Monte,388,allende-388-71336
71336,Lluu,Santa Inés del Monte,388,lluu-388-71336
71336,Matamoros,Santa Inés del Monte,388,matamoros-388-71336
71336,El Comalito,Santa Inés del Monte,388,el-comalito-388-71336
71336,La Plazuela,Santa Inés del Monte,388,la-plazuela-388-71336
71336,Santa Inés del Monte,Santa Inés del Monte,388,santa-ines-del-monte-388-71336
71337,Buena Vista,Santa Inés del Monte,388,buena-vista-388-71337
71337,La Cañada,Santa Inés del Monte,388,la-canada-388-71337
71337,La Lobera,Santa Inés del Monte,388,la-lobera-388-71337
71338,El Ocote,Santa Inés del Monte,388,el-ocote-388-71338
71338,La Guadalupe,Santa Inés del Monte,388,la-guadalupe-388-71338
71338,Yarnasie,Santa Inés del Monte,388,yarnasie-388-71338
71338,El Carmen,Santa Inés del Monte,388,el-carmen-388-71338
71338,La Soledad,Santa Inés del Monte,388,la-soledad-388-71338
71340,De la Esmeralda,Santa Gertrudis,387,de-la-esmeralda-387-71340
71340,Del Panteón,Santa Gertrudis,387,del-panteon-387-71340
71340,La Noria,Santa Gertrudis,387,la-noria-387-71340
71340,Santa Gertrudis,Santa Gertrudis,387,santa-gertrudis-387-71340
71343,San José Guelatová de Díaz,Santa Gertrudis,387,san-jose-guelatova-de-diaz-387-71343
71343,La Barda Paso de Piedras,Santa Gertrudis,387,la-barda-paso-de-piedras-387-71343
71344,San Antonino El Alto,San Antonino el Alto,104,san-antonino-el-alto-104-71344
71345,El Machín,San Antonino el Alto,104,el-machin-104-71345
71345,El Mirasol,San Antonino el Alto,104,el-mirasol-104-71345
71345,El Río Hilo,San Antonino el Alto,104,el-rio-hilo-104-71345
71345,La Cruz Yaguche,San Antonino el Alto,104,la-cruz-yaguche-104-71345
71345,La Mariposa,San Antonino el Alto,104,la-mariposa-104-71345
71345,La Mina,San Antonino el Alto,104,la-mina-104-71345
71345,Llano San Juan,San Antonino el Alto,104,llano-san-juan-104-71345
71345,Los Maizales Tempraneros,San Antonino el Alto,104,los-maizales-tempraneros-104-71345
71345,Rancho Tejas,San Antonino el Alto,104,rancho-tejas-104-71345
71345,Río Concha,San Antonino el Alto,104,rio-concha-104-71345
71345,Río Culebra,San Antonino el Alto,104,rio-culebra-104-71345
71345,El Peral,San Antonino el Alto,104,el-peral-104-71345
71345,San Andrés el Alto,San Antonino el Alto,104,san-andres-el-alto-104-71345
71346,El Manzanito,San Antonino el Alto,104,el-manzanito-104-71346
71346,La Carbonera,San Antonino el Alto,104,la-carbonera-104-71346
71346,San Fernando de Matamoros,San Antonino el Alto,104,san-fernando-de-matamoros-104-71346
71347,Magdalena Mixtepec,Magdalena Mixtepec,048,magdalena-mixtepec-048-71347
71350,Santa Catarina Quiane,Santa Catarina Quiané,369,santa-catarina-quiane-369-71350
71350,Resurrección,Santa Catarina Quiané,369,resurreccion-369-71350
71352,Arroyo del Tecolote,Santa Catarina Quiané,369,arroyo-del-tecolote-369-71352
71352,La Soledad,Santa Catarina Quiané,369,la-soledad-369-71352
71354,Los Treinta,Santa Catarina Quiané,369,los-treinta-369-71354
71355,Corral de Piedras,Ayoquezco de Aldama,398,corral-de-piedras-398-71355
71355,El Llano,Ayoquezco de Aldama,398,el-llano-398-71355
71355,Llano del Calicanto (Arroyo Gueguana),Ayoquezco de Aldama,398,llano-del-calicanto-arroyo-gueguana-398-71355
71355,Llusgue,Ayoquezco de Aldama,398,llusgue-398-71355
71355,Loma Colorada,Ayoquezco de Aldama,398,loma-colorada-398-71355
71355,Lucino Ortega,Ayoquezco de Aldama,398,lucino-ortega-398-71355
71355,Santa Inés,Ayoquezco de Aldama,398,santa-ines-398-71355
71355,El Coyote,Ayoquezco de Aldama,398,el-coyote-398-71355
71355,De Abajo,Ayoquezco de Aldama,398,de-abajo-398-71355
71355,De Arriba,Ayoquezco de Aldama,398,de-arriba-398-71355
71355,Niños Heroes,Ayoquezco de Aldama,398,ninos-heroes-398-71355
71355,Ayoquezco de Aldama,Ayoquezco de Aldama,398,ayoquezco-de-aldama-398-71355
71357,Guevara,Ayoquezco de Aldama,398,guevara-398-71357
71359,Guegovela,Ayoquezco de Aldama,398,guegovela-398-71359
71360,Santa Ana Tlapacoyan,Santa Ana Tlapacoyan,358,santa-ana-tlapacoyan-358-71360
71363,Agua Blanca,Santa Ana Tlapacoyan,358,agua-blanca-358-71363
71364,Rincón de Tlapacoyan,Santa Ana Tlapacoyan,358,rincon-de-tlapacoyan-358-71364
71365,San Antonio,Santa Cruz Zenzontepec,386,san-antonio-386-71365
71365,San Antonio (El Zapote),Santa Cruz Zenzontepec,386,san-antonio-el-zapote-386-71365
71365,San Isidro,Santa Cruz Zenzontepec,386,san-isidro-386-71365
71365,San Pedro,Santa Cruz Zenzontepec,386,san-pedro-386-71365
71365,Santa Cruz Zenzontepec,Santa Cruz Zenzontepec,386,santa-cruz-zenzontepec-386-71365
71366,Agua Ceniza,Santa Cruz Zenzontepec,386,agua-ceniza-386-71366
71366,San Isidro,Santa Cruz Zenzontepec,386,san-isidro-386-71366
71366,El Aguacate,Santa Cruz Zenzontepec,386,el-aguacate-386-71366
71366,El Cangrejero,Santa Cruz Zenzontepec,386,el-cangrejero-386-71366
71366,El Cucharal,Santa Cruz Zenzontepec,386,el-cucharal-386-71366
71366,El Jicaral,Santa Cruz Zenzontepec,386,el-jicaral-386-71366
71366,El Limonar,Santa Cruz Zenzontepec,386,el-limonar-386-71366
71366,La Juquilita,Santa Cruz Zenzontepec,386,la-juquilita-386-71366
71366,La Paz,Santa Cruz Zenzontepec,386,la-paz-386-71366
71366,La Soledad,Santa Cruz Zenzontepec,386,la-soledad-386-71366
71366,La Soledad Cofradía,Santa Cruz Zenzontepec,386,la-soledad-cofradia-386-71366
71366,Las Flores,Santa Cruz Zenzontepec,386,las-flores-386-71366
71366,Los Merino,Santa Cruz Zenzontepec,386,los-merino-386-71366
71366,Los Méndez,Santa Cruz Zenzontepec,386,los-mendez-386-71366
71366,Los Sánchez,Santa Cruz Zenzontepec,386,los-sanchez-386-71366
71366,Los Vásquez,Santa Cruz Zenzontepec,386,los-vasquez-386-71366
71366,Piedra de Letra,Santa Cruz Zenzontepec,386,piedra-de-letra-386-71366
71366,Quinicuena,Santa Cruz Zenzontepec,386,quinicuena-386-71366
71366,Río Ciruelo,Santa Cruz Zenzontepec,386,rio-ciruelo-386-71366
71366,Río de Abajo,Santa Cruz Zenzontepec,386,rio-de-abajo-386-71366
71366,San Isidro Calabazo,Santa Cruz Zenzontepec,386,san-isidro-calabazo-386-71366
71366,San José,Santa Cruz Zenzontepec,386,san-jose-386-71366
71366,San Miguel,Santa Cruz Zenzontepec,386,san-miguel-386-71366
71366,Santa Anita,Santa Cruz Zenzontepec,386,santa-anita-386-71366
71366,Santa Cruz,Santa Cruz Zenzontepec,386,santa-cruz-386-71366
71366,Santa Lucía,Santa Cruz Zenzontepec,386,santa-lucia-386-71366
71366,Santa María Siempreviva,Santa Cruz Zenzontepec,386,santa-maria-siempreviva-386-71366
71366,Unión del Progreso,Santa Cruz Zenzontepec,386,union-del-progreso-386-71366
71366,El Carrizal,Santa Cruz Zenzontepec,386,el-carrizal-386-71366
71366,San Pedro del Río,Santa Cruz Zenzontepec,386,san-pedro-del-rio-386-71366
71366,El Portillo,Santa Cruz Zenzontepec,386,el-portillo-386-71366
71366,Los Pozuelos,Santa Cruz Zenzontepec,386,los-pozuelos-386-71366
71366,Mano del Señor,Santa Cruz Zenzontepec,386,mano-del-senor-386-71366
71366,La Huichicata,Santa Cruz Zenzontepec,386,la-huichicata-386-71366
71366,El Limoncillo,Santa Cruz Zenzontepec,386,el-limoncillo-386-71366
71366,Piedra Grande,Santa Cruz Zenzontepec,386,piedra-grande-386-71366
71366,Rancho Viejo,Santa Cruz Zenzontepec,386,rancho-viejo-386-71366
71366,Llano del Temblor,Santa Cruz Zenzontepec,386,llano-del-temblor-386-71366
71366,Las Pilas,Santa Cruz Zenzontepec,386,las-pilas-386-71366
71367,Cinco Cerros,Santa Cruz Zenzontepec,386,cinco-cerros-386-71367
71367,El Tule,Santa Cruz Zenzontepec,386,el-tule-386-71367
71367,La Aurora,Santa Cruz Zenzontepec,386,la-aurora-386-71367
71367,La Ciénega,Santa Cruz Zenzontepec,386,la-cienega-386-71367
71367,La Concha,Santa Cruz Zenzontepec,386,la-concha-386-71367
71367,La Conchita,Santa Cruz Zenzontepec,386,la-conchita-386-71367
71367,La Palma,Santa Cruz Zenzontepec,386,la-palma-386-71367
71367,Rancho Nuevo,Santa Cruz Zenzontepec,386,rancho-nuevo-386-71367
71367,Santa María Tlapanalquiahuitl,Santa Cruz Zenzontepec,386,santa-maria-tlapanalquiahuitl-386-71367
71368,Cerro Aguacate,Santa Cruz Zenzontepec,386,cerro-aguacate-386-71368
71368,Cerro Ceniza,Santa Cruz Zenzontepec,386,cerro-ceniza-386-71368
71368,Cerro Flor,Santa Cruz Zenzontepec,386,cerro-flor-386-71368
71368,Cerro Luna,Santa Cruz Zenzontepec,386,cerro-luna-386-71368
71368,Cofradía Dos,Santa Cruz Zenzontepec,386,cofradia-dos-386-71368
71368,El Campamento,Santa Cruz Zenzontepec,386,el-campamento-386-71368
71368,El Vidrio,Santa Cruz Zenzontepec,386,el-vidrio-386-71368
71368,San Miguel El Zapote,Santa Cruz Zenzontepec,386,san-miguel-el-zapote-386-71368
71368,Huazolotitlán,Santa Cruz Zenzontepec,386,huazolotitlan-386-71368
71368,La Palmita,Santa Cruz Zenzontepec,386,la-palmita-386-71368
71368,Llano Verde,Santa Cruz Zenzontepec,386,llano-verde-386-71368
71368,Llano Víbora,Santa Cruz Zenzontepec,386,llano-vibora-386-71368
71368,Panal de Tierra,Santa Cruz Zenzontepec,386,panal-de-tierra-386-71368
71368,Piedra Amarilla,Santa Cruz Zenzontepec,386,piedra-amarilla-386-71368
71368,Piedra Grande,Santa Cruz Zenzontepec,386,piedra-grande-386-71368
71368,Piedra que Menea,Santa Cruz Zenzontepec,386,piedra-que-menea-386-71368
71368,Rancho Viejo,Santa Cruz Zenzontepec,386,rancho-viejo-386-71368
71368,Templo Viejo,Santa Cruz Zenzontepec,386,templo-viejo-386-71368
71368,Tierra Negra,Santa Cruz Zenzontepec,386,tierra-negra-386-71368
71370,San Francisco Cahuacua,San Francisco Cahuacuá,137,san-francisco-cahuacua-137-71370
71372,Agua Tierna,San Francisco Cahuacuá,137,agua-tierna-137-71372
71372,Buena Vista (San Isidro el Potrero),San Francisco Cahuacuá,137,buena-vista-san-isidro-el-potrero-137-71372
71372,El Aguacatal,San Francisco Cahuacuá,137,el-aguacatal-137-71372
71372,El Alazán,San Francisco Cahuacuá,137,el-alazan-137-71372
71372,El Aserradero,San Francisco Cahuacuá,137,el-aserradero-137-71372
71372,El Duraznal,San Francisco Cahuacuá,137,el-duraznal-137-71372
71372,La Ciénega,San Francisco Cahuacuá,137,la-cienega-137-71372
71372,La Muralla,San Francisco Cahuacuá,137,la-muralla-137-71372
71372,Las Juntas (San Isidro el Potrero),San Francisco Cahuacuá,137,las-juntas-san-isidro-el-potrero-137-71372
71372,Morelos,San Francisco Cahuacuá,137,morelos-137-71372
71372,Paraje la Calavera (Llano la Calavera),San Francisco Cahuacuá,137,paraje-la-calavera-llano-la-calavera-137-71372
71372,Río Palma,San Francisco Cahuacuá,137,rio-palma-137-71372
71372,Yucuatoto (San Isidro el Potrero),San Francisco Cahuacuá,137,yucuatoto-san-isidro-el-potrero-137-71372
71372,San Isidro el Potrero,San Francisco Cahuacuá,137,san-isidro-el-potrero-137-71372
71373,El Aguacate,San Francisco Cahuacuá,137,el-aguacate-137-71373
71373,El Ahijadero,San Francisco Cahuacuá,137,el-ahijadero-137-71373
71373,El Frijol de Yutanino,San Francisco Cahuacuá,137,el-frijol-de-yutanino-137-71373
71373,El Garabatal,San Francisco Cahuacuá,137,el-garabatal-137-71373
71373,Induasavi,San Francisco Cahuacuá,137,induasavi-137-71373
71373,Llano Ratón,San Francisco Cahuacuá,137,llano-raton-137-71373
71373,Unión y Progreso,San Francisco Cahuacuá,137,union-y-progreso-137-71373
71373,San Sebastián Yutanino,San Francisco Cahuacuá,137,san-sebastian-yutanino-137-71373
71374,El Boquerón,San Francisco Cahuacuá,137,el-boqueron-137-71374
71374,El Cucharal,San Francisco Cahuacuá,137,el-cucharal-137-71374
71374,El Limón,San Francisco Cahuacuá,137,el-limon-137-71374
71374,Loma Tigre,San Francisco Cahuacuá,137,loma-tigre-137-71374
71374,Ocote,San Francisco Cahuacuá,137,ocote-137-71374
71374,Ojo de Agua,San Francisco Cahuacuá,137,ojo-de-agua-137-71374
71374,Río Ocote,San Francisco Cahuacuá,137,rio-ocote-137-71374
71374,Llano de Agua,San Francisco Cahuacuá,137,llano-de-agua-137-71374
71375,San Mateo Yucutindo Centro,San Mateo Yucutindoo,566,san-mateo-yucutindo-centro-566-71375
71376,Baja California,San Mateo Yucutindoo,566,baja-california-566-71376
71376,Benito Juárez,San Mateo Yucutindoo,566,benito-juarez-566-71376
71376,El Frijol,San Mateo Yucutindoo,566,el-frijol-566-71376
71376,El Limón,San Mateo Yucutindoo,566,el-limon-566-71376
71376,El Naranjo,San Mateo Yucutindoo,566,el-naranjo-566-71376
71376,El Sabino,San Mateo Yucutindoo,566,el-sabino-566-71376
71376,Pueblo Viejo,San Mateo Yucutindoo,566,pueblo-viejo-566-71376
71376,San Antonio,San Mateo Yucutindoo,566,san-antonio-566-71376
71376,Zicuandi,San Mateo Yucutindoo,566,zicuandi-566-71376
71378,Buena Vista,San Mateo Yucutindoo,566,buena-vista-566-71378
71378,Las Flores,San Mateo Yucutindoo,566,las-flores-566-71378
71378,Las Trancas,San Mateo Yucutindoo,566,las-trancas-566-71378
71378,Los Naranjos,San Mateo Yucutindoo,566,los-naranjos-566-71378
71378,Santa Cruz,San Mateo Yucutindoo,566,santa-cruz-566-71378
71378,Zapotitlán del Río,San Mateo Yucutindoo,566,zapotitlan-del-rio-566-71378
71380,El Aserradero,Santiago Textitlán,491,el-aserradero-491-71380
71380,La Cieneguilla,Santiago Textitlán,491,la-cieneguilla-491-71380
71380,La Cruz Grande,Santiago Textitlán,491,la-cruz-grande-491-71380
71380,Llano Berro,Santiago Textitlán,491,llano-berro-491-71380
71380,Llano Mazorca,Santiago Textitlán,491,llano-mazorca-491-71380
71380,Peña Azul,Santiago Textitlán,491,pena-azul-491-71380
71380,Pueblo Viejo,Santiago Textitlán,491,pueblo-viejo-491-71380
71380,San Antonio,Santiago Textitlán,491,san-antonio-491-71380
71380,Yerba Santa,Santiago Textitlán,491,yerba-santa-491-71380
71380,Zamazul,Santiago Textitlán,491,zamazul-491-71380
71380,Santiago Textitlan,Santiago Textitlán,491,santiago-textitlan-491-71380
71382,El Metal,Santiago Textitlán,491,el-metal-491-71382
71382,La Ciénega,Santiago Textitlán,491,la-cienega-491-71382
71382,Lachixao,Santiago Textitlán,491,lachixao-491-71382
71382,Las Juntas,Santiago Textitlán,491,las-juntas-491-71382
71382,Río Humo,Santiago Textitlán,491,rio-humo-491-71382
71382,Río Miel,Santiago Textitlán,491,rio-miel-491-71382
71382,Río Santiago,Santiago Textitlán,491,rio-santiago-491-71382
71382,Río Tigre,Santiago Textitlán,491,rio-tigre-491-71382
71382,Río Yerba,Santiago Textitlán,491,rio-yerba-491-71382
71382,Santiago Sochiltepec,Santiago Textitlán,491,santiago-sochiltepec-491-71382
71383,Ferrería de la Providencia,Santiago Textitlán,491,ferreria-de-la-providencia-491-71383
71383,Recibimiento de Cuauhtémoc,Santiago Textitlán,491,recibimiento-de-cuauhtemoc-491-71383
71384,Buenavista,Santiago Textitlán,491,buenavista-491-71384
71384,El Frijol,Santiago Textitlán,491,el-frijol-491-71384
71384,El Viejo,Santiago Textitlán,491,el-viejo-491-71384
71384,Llano Rayo,Santiago Textitlán,491,llano-rayo-491-71384
71384,San Isidro Llano Yerba,Santiago Textitlán,491,san-isidro-llano-yerba-491-71384
71384,San Martín Cacaloxuche,Santiago Textitlán,491,san-martin-cacaloxuche-491-71384
71385,Santiago Amoltepec,Santiago Amoltepec,450,santiago-amoltepec-450-71385
71386,Barranca Honda,Santiago Amoltepec,450,barranca-honda-450-71386
71386,Barranca Mapache,Santiago Amoltepec,450,barranca-mapache-450-71386
71386,Barranca Nueva,Santiago Amoltepec,450,barranca-nueva-450-71386
71386,Barranca Obscura,Santiago Amoltepec,450,barranca-obscura-450-71386
71386,Ciénega Mamey,Santiago Amoltepec,450,cienega-mamey-450-71386
71386,Jesús (La Cucaracha),Santiago Amoltepec,450,jesus-la-cucaracha-450-71386
71386,Piedra del Tambor,Santiago Amoltepec,450,piedra-del-tambor-450-71386
71386,Piedra Liza,Santiago Amoltepec,450,piedra-liza-450-71386
71386,Recibimiento,Santiago Amoltepec,450,recibimiento-450-71386
71386,Río Ciruelo,Santiago Amoltepec,450,rio-ciruelo-450-71386
71387,El Naranjo,Santiago Amoltepec,450,el-naranjo-450-71387
71387,La Independencia,Santiago Amoltepec,450,la-independencia-450-71387
71387,La Soledad,Santiago Amoltepec,450,la-soledad-450-71387
71387,Las Barrancas,Santiago Amoltepec,450,las-barrancas-450-71387
71387,Llano Metate,Santiago Amoltepec,450,llano-metate-450-71387
71387,San Isidro,Santiago Amoltepec,450,san-isidro-450-71387
71387,Xiniyuco,Santiago Amoltepec,450,xiniyuco-450-71387
71388,Barranca Campeche,Santiago Amoltepec,450,barranca-campeche-450-71388
71388,Barranca Cosida,Santiago Amoltepec,450,barranca-cosida-450-71388
71388,Barranca Rica,Santiago Amoltepec,450,barranca-rica-450-71388
71388,El Aguacate,Santiago Amoltepec,450,el-aguacate-450-71388
71388,El Huaméchil,Santiago Amoltepec,450,el-huamechil-450-71388
71388,El Jicaral,Santiago Amoltepec,450,el-jicaral-450-71388
71388,El Laurel,Santiago Amoltepec,450,el-laurel-450-71388
71388,El Limoncillo,Santiago Amoltepec,450,el-limoncillo-450-71388
71388,El Mamey,Santiago Amoltepec,450,el-mamey-450-71388
71388,El Platanar,Santiago Amoltepec,450,el-platanar-450-71388
71388,La Cofradía,Santiago Amoltepec,450,la-cofradia-450-71388
71388,La Huichicata,Santiago Amoltepec,450,la-huichicata-450-71388
71388,La Lucerna,Santiago Amoltepec,450,la-lucerna-450-71388
71388,La Mesilla,Santiago Amoltepec,450,la-mesilla-450-71388
71388,Las Cuevas,Santiago Amoltepec,450,las-cuevas-450-71388
71388,Llano Conejo (El Macahuite),Santiago Amoltepec,450,llano-conejo-el-macahuite-450-71388
71388,Llano Metate,Santiago Amoltepec,450,llano-metate-450-71388
71388,Llano Nuevo,Santiago Amoltepec,450,llano-nuevo-450-71388
71388,Llano Tigre,Santiago Amoltepec,450,llano-tigre-450-71388
71388,Llano Verde,Santiago Amoltepec,450,llano-verde-450-71388
71388,Loma Larga (San Miguelito),Santiago Amoltepec,450,loma-larga-san-miguelito-450-71388
71388,Pueblo Viejo,Santiago Amoltepec,450,pueblo-viejo-450-71388
71388,San Antonio,Santiago Amoltepec,450,san-antonio-450-71388
71388,San José de las Flores (El Armadillo),Santiago Amoltepec,450,san-jose-de-las-flores-el-armadillo-450-71388
71388,San Juanito,Santiago Amoltepec,450,san-juanito-450-71388
71388,San Lorenzo el Zapote,Santiago Amoltepec,450,san-lorenzo-el-zapote-450-71388
71388,San Miguel Río Verde (La Tortuga),Santiago Amoltepec,450,san-miguel-rio-verde-la-tortuga-450-71388
71388,Santa María Naranjo,Santiago Amoltepec,450,santa-maria-naranjo-450-71388
71388,Tierra Colorada,Santiago Amoltepec,450,tierra-colorada-450-71388
71388,Unión Linda Vista,Santiago Amoltepec,450,union-linda-vista-450-71388
71388,El Cocal,Santiago Amoltepec,450,el-cocal-450-71388
71390,Santa María Zaniza,Santa María Zaniza,448,santa-maria-zaniza-448-71390
71393,Atotonilco,Santa María Zaniza,448,atotonilco-448-71393
71393,Loma de Tlacuache,Santa María Zaniza,448,loma-de-tlacuache-448-71393
71393,Tierra Colorada,Santa María Zaniza,448,tierra-colorada-448-71393
71394,Liborio López Anaya,Santa María Zaniza,448,liborio-lopez-anaya-448-71394
71394,Rincón de León,Santa María Zaniza,448,rincon-de-leon-448-71394
71394,San Isidro,Santa María Zaniza,448,san-isidro-448-71394
71394,San Ramón,Santa María Zaniza,448,san-ramon-448-71394
71395,Santo Domingo Teojomulco,Santo Domingo Teojomulco,516,santo-domingo-teojomulco-516-71395
71397,Acahual,Santo Domingo Teojomulco,516,acahual-516-71397
71397,Ciénega Verde,Santo Domingo Teojomulco,516,cienega-verde-516-71397
71397,Cruz Cuache,Santo Domingo Teojomulco,516,cruz-cuache-516-71397
71397,Cuajinicuil,Santo Domingo Teojomulco,516,cuajinicuil-516-71397
71397,El Horno,Santo Domingo Teojomulco,516,el-horno-516-71397
71397,El Ixtaché,Santo Domingo Teojomulco,516,el-ixtache-516-71397
71397,El Molido,Santo Domingo Teojomulco,516,el-molido-516-71397
71397,El Pajarito,Santo Domingo Teojomulco,516,el-pajarito-516-71397
71397,El Trapiche,Santo Domingo Teojomulco,516,el-trapiche-516-71397
71397,La Arena Blanca,Santo Domingo Teojomulco,516,la-arena-blanca-516-71397
71397,La Laguna,Santo Domingo Teojomulco,516,la-laguna-516-71397
71397,Pasito de Río Nuez,Santo Domingo Teojomulco,516,pasito-de-rio-nuez-516-71397
71397,Río Seco,Santo Domingo Teojomulco,516,rio-seco-516-71397
71397,Río Tambor,Santo Domingo Teojomulco,516,rio-tambor-516-71397
71397,San Pablo,Santo Domingo Teojomulco,516,san-pablo-516-71397
71398,Hacienda Vieja,Santo Domingo Teojomulco,516,hacienda-vieja-516-71398
71398,Las Hojas,Santo Domingo Teojomulco,516,las-hojas-516-71398
71398,El Limón,Santo Domingo Teojomulco,516,el-limon-516-71398
71399,El Carrizal,Santo Domingo Teojomulco,516,el-carrizal-516-71399
71399,El Hoyo,Santo Domingo Teojomulco,516,el-hoyo-516-71399
71399,El Naranjo,Santo Domingo Teojomulco,516,el-naranjo-516-71399
71399,El Paraíso,Santo Domingo Teojomulco,516,el-paraiso-516-71399
71399,La Cieneguilla,Santo Domingo Teojomulco,516,la-cieneguilla-516-71399
71399,La Cofradía,Santo Domingo Teojomulco,516,la-cofradia-516-71399
71399,La Estancia,Santo Domingo Teojomulco,516,la-estancia-516-71399
71399,La Mesa,Santo Domingo Teojomulco,516,la-mesa-516-71399
71399,La Pitiona,Santo Domingo Teojomulco,516,la-pitiona-516-71399
71399,Llano Verde,Santo Domingo Teojomulco,516,llano-verde-516-71399
71399,Los Horcones,Santo Domingo Teojomulco,516,los-horcones-516-71399
71399,Peñas Negras,Santo Domingo Teojomulco,516,penas-negras-516-71399
71399,Las Huertas,Santo Domingo Teojomulco,516,las-huertas-516-71399
71399,La Arena,Santo Domingo Teojomulco,516,la-arena-516-71399
71400,Zona Centro Cuilápam de Guerrero,Cuilápam de Guerrero,023,zona-centro-cuilapam-de-guerrero-023-71400
71403,Colonia Zavaleta,Cuilápam de Guerrero,023,colonia-zavaleta-023-71403
71403,El Calvario,Cuilápam de Guerrero,023,el-calvario-023-71403
71403,Guadalupe,Cuilápam de Guerrero,023,guadalupe-023-71403
71403,San Juan,Cuilápam de Guerrero,023,san-juan-023-71403
71403,San Sebastián,Cuilápam de Guerrero,023,san-sebastian-023-71403
71403,Arroyo Seco,Cuilápam de Guerrero,023,arroyo-seco-023-71403
71403,La Huamuchalera,Cuilápam de Guerrero,023,la-huamuchalera-023-71403
71403,El Pedregal III,Cuilápam de Guerrero,023,el-pedregal-iii-023-71403
71403,Sauciprés,Cuilápam de Guerrero,023,saucipres-023-71403
71403,Rancho Viejo,Cuilápam de Guerrero,023,rancho-viejo-023-71403
71403,La Nopalera,Cuilápam de Guerrero,023,la-nopalera-023-71403
71403,Núcleo Rural Sauciprés,Cuilápam de Guerrero,023,nucleo-rural-saucipres-023-71403
71403,Catalonia,Cuilápam de Guerrero,023,catalonia-023-71403
71403,Verde,Cuilápam de Guerrero,023,verde-023-71403
71403,Hábitat Cuilápam,Cuilápam de Guerrero,023,habitat-cuilapam-023-71403
71404,Palo de Lumbre Sección Sexta,Cuilápam de Guerrero,023,palo-de-lumbre-seccion-sexta-023-71404
71404,El Sabino,Cuilápam de Guerrero,023,el-sabino-023-71404
71404,San Pedro,Cuilápam de Guerrero,023,san-pedro-023-71404
71404,El Zompantle,Cuilápam de Guerrero,023,el-zompantle-023-71404
71404,Zacatillo Verde,Cuilápam de Guerrero,023,zacatillo-verde-023-71404
71404,El Cadillal,Cuilápam de Guerrero,023,el-cadillal-023-71404
71404,El Pedregal I,Cuilápam de Guerrero,023,el-pedregal-i-023-71404
71404,El Pedregal II,Cuilápam de Guerrero,023,el-pedregal-ii-023-71404
71404,Parajes Unidos,Cuilápam de Guerrero,023,parajes-unidos-023-71404
71404,Las Peñitas,Cuilápam de Guerrero,023,las-penitas-023-71404
71404,La Yigüi,Cuilápam de Guerrero,023,la-yigui-023-71404
71404,Los Mangales,Cuilápam de Guerrero,023,los-mangales-023-71404
71404,Rancho Areche,Cuilápam de Guerrero,023,rancho-areche-023-71404
71404,Barranca Grande,Cuilápam de Guerrero,023,barranca-grande-023-71404
71404,El Rosario,Cuilápam de Guerrero,023,el-rosario-023-71404
71404,San Lucas,Cuilápam de Guerrero,023,san-lucas-023-71404
71405,Agencia de Policía El Carrizal,Cuilápam de Guerrero,023,agencia-de-policia-el-carrizal-023-71405
71405,Lomas de Rancho Quemado,Cuilápam de Guerrero,023,lomas-de-rancho-quemado-023-71405
71405,Grande,Cuilápam de Guerrero,023,grande-023-71405
71405,Rancho Quemado,Cuilápam de Guerrero,023,rancho-quemado-023-71405
71405,El Rebollero,Cuilápam de Guerrero,023,el-rebollero-023-71405
71405,La Lomita,Cuilápam de Guerrero,023,la-lomita-023-71405
71405,El Coquito,Cuilápam de Guerrero,023,el-coquito-023-71405
71405,Palo de Lumbre Sección Primera,Cuilápam de Guerrero,023,palo-de-lumbre-seccion-primera-023-71405
71405,San Bartolo,Cuilápam de Guerrero,023,san-bartolo-023-71405
71405,El Muro,Cuilápam de Guerrero,023,el-muro-023-71405
71405,Tierra Blanca,Cuilápam de Guerrero,023,tierra-blanca-023-71405
71405,El Trapiche,Cuilápam de Guerrero,023,el-trapiche-023-71405
71405,El Mesías,Cuilápam de Guerrero,023,el-mesias-023-71405
71405,El Pajarito,Cuilápam de Guerrero,023,el-pajarito-023-71405
71405,El Higo Negro,Cuilápam de Guerrero,023,el-higo-negro-023-71405
71405,El Alacrán,Cuilápam de Guerrero,023,el-alacran-023-71405
71406,La Cieneguita,Cuilápam de Guerrero,023,la-cieneguita-023-71406
71406,Los Huertos,Cuilápam de Guerrero,023,los-huertos-023-71406
71406,El Tepeyac,Cuilápam de Guerrero,023,el-tepeyac-023-71406
71406,Estrella Blanca,Cuilápam de Guerrero,023,estrella-blanca-023-71406
71406,Lomas de San Juan,Cuilápam de Guerrero,023,lomas-de-san-juan-023-71406
71406,Primera Ampliación Cruz Blanca,Cuilápam de Guerrero,023,primera-ampliacion-cruz-blanca-023-71406
71406,Cruz Blanca,Cuilápam de Guerrero,023,cruz-blanca-023-71406
71406,Ojo de Agua,Cuilápam de Guerrero,023,ojo-de-agua-023-71406
71406,Los Ríos,Cuilápam de Guerrero,023,los-rios-023-71406
71409,Ranchería Acapixtla,Cuilápam de Guerrero,023,rancheria-acapixtla-023-71409
71409,Agencia de Policía El Manzano,Cuilápam de Guerrero,023,agencia-de-policia-el-manzano-023-71409
71409,Agencia de Policía Tiracoz,Cuilápam de Guerrero,023,agencia-de-policia-tiracoz-023-71409
71410,Centro 1ra. Sección,Villa Sola de Vega,277,centro-1ra-seccion-277-71410
71410,2DA,Villa Sola de Vega,277,2da-277-71410
71410,Villa Sola de Vega Centro,Villa Sola de Vega,277,villa-sola-de-vega-centro-277-71410
71410,La Purísima,Villa Sola de Vega,277,la-purisima-277-71410
71413,Agua Fría,Villa Sola de Vega,277,agua-fria-277-71413
71413,El Banco,Villa Sola de Vega,277,el-banco-277-71413
71413,El Obispo,Villa Sola de Vega,277,el-obispo-277-71413
71413,La Colorada (Tierra Colorada),Villa Sola de Vega,277,la-colorada-tierra-colorada-277-71413
71413,San Antonio,Villa Sola de Vega,277,san-antonio-277-71413
71413,Segunda Sección Barrio Arriba,Villa Sola de Vega,277,segunda-seccion-barrio-arriba-277-71413
71413,Yenetzala,Villa Sola de Vega,277,yenetzala-277-71413
71413,La Yerba Santa,Villa Sola de Vega,277,la-yerba-santa-277-71413
71414,Arroyo de la Rosa (Cuarta Sección),Villa Sola de Vega,277,arroyo-de-la-rosa-cuarta-seccion-277-71414
71414,Arroyo del Pajarito (Cuarta Sección),Villa Sola de Vega,277,arroyo-del-pajarito-cuarta-seccion-277-71414
71414,Barranca Grande,Villa Sola de Vega,277,barranca-grande-277-71414
71414,El Portillo (Tierra Blanca),Villa Sola de Vega,277,el-portillo-tierra-blanca-277-71414
71414,El Remolino,Villa Sola de Vega,277,el-remolino-277-71414
71414,Las Casitas,Villa Sola de Vega,277,las-casitas-277-71414
71414,Las Peñas,Villa Sola de Vega,277,las-penas-277-71414
71414,Portillo del Abre,Villa Sola de Vega,277,portillo-del-abre-277-71414
71414,San Agustín,Villa Sola de Vega,277,san-agustin-277-71414
71414,San José Obrero Paso Ancho,Villa Sola de Vega,277,san-jose-obrero-paso-ancho-277-71414
71414,Santa Inés,Villa Sola de Vega,277,santa-ines-277-71414
71414,Tierra Blanca,Villa Sola de Vega,277,tierra-blanca-277-71414
71414,Zacamatle,Villa Sola de Vega,277,zacamatle-277-71414
71414,El Encino (Portillo del Encino),Villa Sola de Vega,277,el-encino-portillo-del-encino-277-71414
71414,El Madrón,Villa Sola de Vega,277,el-madron-277-71414
71414,El Pericón,Villa Sola de Vega,277,el-pericon-277-71414
71414,La Loma de los Ingenieros,Villa Sola de Vega,277,la-loma-de-los-ingenieros-277-71414
71414,Rancho Viejo,Villa Sola de Vega,277,rancho-viejo-277-71414
71415,El Encino (San Agustín),Villa Sola de Vega,277,el-encino-san-agustin-277-71415
71415,El Eslabón,Villa Sola de Vega,277,el-eslabon-277-71415
71415,El Pescador,Villa Sola de Vega,277,el-pescador-277-71415
71415,Huizache,Villa Sola de Vega,277,huizache-277-71415
71415,La Chinea,Villa Sola de Vega,277,la-chinea-277-71415
71415,La Yerba Buena,Villa Sola de Vega,277,la-yerba-buena-277-71415
71415,Yerba Buenita,Villa Sola de Vega,277,yerba-buenita-277-71415
71415,Piedra Colorada,Villa Sola de Vega,277,piedra-colorada-277-71415
71415,Nopalosho,Villa Sola de Vega,277,nopalosho-277-71415
71415,Piedra Blanca,Villa Sola de Vega,277,piedra-blanca-277-71415
71416,El Cocoyul,Villa Sola de Vega,277,el-cocoyul-277-71416
71416,El Huazán,Villa Sola de Vega,277,el-huazan-277-71416
71416,El Sitio,Villa Sola de Vega,277,el-sitio-277-71416
71416,La Soledad,Villa Sola de Vega,277,la-soledad-277-71416
71416,La Yerba Santa,Villa Sola de Vega,277,la-yerba-santa-277-71416
71416,Las Peñas,Villa Sola de Vega,277,las-penas-277-71416
71416,Portillo de Guajes (La Curva),Villa Sola de Vega,277,portillo-de-guajes-la-curva-277-71416
71416,Sabinos,Villa Sola de Vega,277,sabinos-277-71416
71416,La Gloria,Villa Sola de Vega,277,la-gloria-277-71416
71416,Piedra Blanca,Villa Sola de Vega,277,piedra-blanca-277-71416
71416,Potrero,Villa Sola de Vega,277,potrero-277-71416
71416,Candelaria la Estancia,Villa Sola de Vega,277,candelaria-la-estancia-277-71416
71416,Potrerillo,Villa Sola de Vega,277,potrerillo-277-71416
71416,Santa Ana,Villa Sola de Vega,277,santa-ana-277-71416
71417,El Garabato,Villa Sola de Vega,277,el-garabato-277-71417
71417,El Sauz (Cuarta Sección),Villa Sola de Vega,277,el-sauz-cuarta-seccion-277-71417
71417,Guichila (Cuarta Sección),Villa Sola de Vega,277,guichila-cuarta-seccion-277-71417
71417,La Cañada,Villa Sola de Vega,277,la-canada-277-71417
71417,La Laguna (Cuarta Sección),Villa Sola de Vega,277,la-laguna-cuarta-seccion-277-71417
71417,Laguna Seca (Cuarta Sección),Villa Sola de Vega,277,laguna-seca-cuarta-seccion-277-71417
71417,Los Morales,Villa Sola de Vega,277,los-morales-277-71417
71417,Rancho del Cura (Cuarta Sección),Villa Sola de Vega,277,rancho-del-cura-cuarta-seccion-277-71417
71417,Santa Inés Sola,Villa Sola de Vega,277,santa-ines-sola-277-71417
71417,Xigueto (Cuarta Sección),Villa Sola de Vega,277,xigueto-cuarta-seccion-277-71417
71417,Yogolana (Cuarta Sección),Villa Sola de Vega,277,yogolana-cuarta-seccion-277-71417
71417,Yogorente,Villa Sola de Vega,277,yogorente-277-71417
71417,Israel Figueroa (Cuarta Sección),Villa Sola de Vega,277,israel-figueroa-cuarta-seccion-277-71417
71417,La Cueva (Cuarta Sección),Villa Sola de Vega,277,la-cueva-cuarta-seccion-277-71417
71417,La Cumbre (La Torre),Villa Sola de Vega,277,la-cumbre-la-torre-277-71417
71417,Los Pinos,Villa Sola de Vega,277,los-pinos-277-71417
71417,Yoleré,Villa Sola de Vega,277,yolere-277-71417
71417,Santa Anita (Sección Tercera),Villa Sola de Vega,277,santa-anita-seccion-tercera-277-71417
71417,Gulera,Villa Sola de Vega,277,gulera-277-71417
71417,El Común,Villa Sola de Vega,277,el-comun-277-71417
71418,Desviación de la Siempre Viva,Villa Sola de Vega,277,desviacion-de-la-siempre-viva-277-71418
71418,La Ciénega (La Ciénega del Rancho),Villa Sola de Vega,277,la-cienega-la-cienega-del-rancho-277-71418
71418,La Siempre Viva,Villa Sola de Vega,277,la-siempre-viva-277-71418
71418,San Antonio (Llano de Velásquez),Villa Sola de Vega,277,san-antonio-llano-de-velasquez-277-71418
71418,San Sebastián de las Grutas,Villa Sola de Vega,277,san-sebastian-de-las-grutas-277-71418
71418,Yoganita,Villa Sola de Vega,277,yoganita-277-71418
71418,Nachihuí,Villa Sola de Vega,277,nachihui-277-71418
71420,Chichicastle,Villa Sola de Vega,277,chichicastle-277-71420
71420,Los Limones,Villa Sola de Vega,277,los-limones-277-71420
71420,Los Pitayos,Villa Sola de Vega,277,los-pitayos-277-71420
71420,Rancho de Vacas,Villa Sola de Vega,277,rancho-de-vacas-277-71420
71420,San Cristóbal,Villa Sola de Vega,277,san-cristobal-277-71420
71420,La Soledad,Villa Sola de Vega,277,la-soledad-277-71420
71420,El Carrizal,Villa Sola de Vega,277,el-carrizal-277-71420
71423,La Cumbrita,Villa Sola de Vega,277,la-cumbrita-277-71423
71423,Lazo,Villa Sola de Vega,277,lazo-277-71423
71423,San Isidro Ojo de Agua,Villa Sola de Vega,277,san-isidro-ojo-de-agua-277-71423
71424,El Pocito,Villa Sola de Vega,277,el-pocito-277-71424
71424,El Rincón,Villa Sola de Vega,277,el-rincon-277-71424
71424,La Chicueca,Villa Sola de Vega,277,la-chicueca-277-71424
71424,La Ciénega,Villa Sola de Vega,277,la-cienega-277-71424
71424,La V,Villa Sola de Vega,277,la-v-277-71424
71424,Golina,Villa Sola de Vega,277,golina-277-71424
71424,San Juan Bautista,Villa Sola de Vega,277,san-juan-bautista-277-71424
71424,Zeta,Villa Sola de Vega,277,zeta-277-71424
71424,Santos Reyes Sola,Villa Sola de Vega,277,santos-reyes-sola-277-71424
71425,Agua del Sabino,Villa Sola de Vega,277,agua-del-sabino-277-71425
71425,El Anís,Villa Sola de Vega,277,el-anis-277-71425
71425,El Mangalito,Villa Sola de Vega,277,el-mangalito-277-71425
71425,El Sargento,Villa Sola de Vega,277,el-sargento-277-71425
71425,Guayabo,Villa Sola de Vega,277,guayabo-277-71425
71425,Santa Catarina la Cañada,Villa Sola de Vega,277,santa-catarina-la-canada-277-71425
71425,La Chihuana,Villa Sola de Vega,277,la-chihuana-277-71425
71427,El Cocoyuche (San Felipe Zapotitlán),Villa Sola de Vega,277,el-cocoyuche-san-felipe-zapotitlan-277-71427
71427,El Duraznillo (San Juan Elotepec),Villa Sola de Vega,277,el-duraznillo-san-juan-elotepec-277-71427
71427,El Nido,Villa Sola de Vega,277,el-nido-277-71427
71427,El Porvenir (San Felipe Zapotitlán),Villa Sola de Vega,277,el-porvenir-san-felipe-zapotitlan-277-71427
71427,El Progreso (San Juan Elotepec),Villa Sola de Vega,277,el-progreso-san-juan-elotepec-277-71427
71427,La Labor (San Felipe Zapotitlán),Villa Sola de Vega,277,la-labor-san-felipe-zapotitlan-277-71427
71427,La Nopalera (San Juan Elotepec),Villa Sola de Vega,277,la-nopalera-san-juan-elotepec-277-71427
71427,La Singuera (San Juan Elotepec),Villa Sola de Vega,277,la-singuera-san-juan-elotepec-277-71427
71427,La Unión (San Felipe Zapotitlán),Villa Sola de Vega,277,la-union-san-felipe-zapotitlan-277-71427
71427,Las Cuevas (San Felipe Zapotitlán),Villa Sola de Vega,277,las-cuevas-san-felipe-zapotitlan-277-71427
71427,Las Juntas (San Juan Elotepec),Villa Sola de Vega,277,las-juntas-san-juan-elotepec-277-71427
71427,Las Trancas (San Juan Elotepec),Villa Sola de Vega,277,las-trancas-san-juan-elotepec-277-71427
71427,Llano Monte (San Juan Elotepec),Villa Sola de Vega,277,llano-monte-san-juan-elotepec-277-71427
71427,Río Espejo (San Juan Elotepec),Villa Sola de Vega,277,rio-espejo-san-juan-elotepec-277-71427
71427,Río Peña (San Felipe Zapotitlán),Villa Sola de Vega,277,rio-pena-san-felipe-zapotitlan-277-71427
71427,San Juan Viejo (San Juan Elotepec),Villa Sola de Vega,277,san-juan-viejo-san-juan-elotepec-277-71427
71427,Yuchía (San Felipe Zapotitlán),Villa Sola de Vega,277,yuchia-san-felipe-zapotitlan-277-71427
71427,El Campanario (San Felipe Zapotitlán),Villa Sola de Vega,277,el-campanario-san-felipe-zapotitlan-277-71427
71427,El Mirador (San Felipe Zapotitlán),Villa Sola de Vega,277,el-mirador-san-felipe-zapotitlan-277-71427
71427,Llano Mazorca (San Juan Elotepec),Villa Sola de Vega,277,llano-mazorca-san-juan-elotepec-277-71427
71427,Loma de Ocote (San Juan Elotepec),Villa Sola de Vega,277,loma-de-ocote-san-juan-elotepec-277-71427
71427,Río Húmedo (San Juan Elotepec),Villa Sola de Vega,277,rio-humedo-san-juan-elotepec-277-71427
71427,Río Víbora (San Juan Elotepec),Villa Sola de Vega,277,rio-vibora-san-juan-elotepec-277-71427
71427,San Felipe Zapotitlán,Villa Sola de Vega,277,san-felipe-zapotitlan-277-71427
71427,Río Manteca (San Juan Elotepec),Villa Sola de Vega,277,rio-manteca-san-juan-elotepec-277-71427
71427,San Juan Elotepec,Villa Sola de Vega,277,san-juan-elotepec-277-71427
71430,Santa María Lachixio,Santa María Lachixío,420,santa-maria-lachixio-420-71430
71437,Rincón Hacienda Vieja,Santa María Lachixío,420,rincon-hacienda-vieja-420-71437
71440,El Rincón,San Vicente Lachixío,535,el-rincon-535-71440
71440,San Vicente Lachixio,San Vicente Lachixío,535,san-vicente-lachixio-535-71440
71450,El Arador,San Lorenzo Texmelúcan,229,el-arador-229-71450
71450,San Lorenzo Texmelucan,San Lorenzo Texmelúcan,229,san-lorenzo-texmelucan-229-71450
71453,Río Nube,San Lorenzo Texmelúcan,229,rio-nube-229-71453
71454,Río de Talea,San Lorenzo Texmelúcan,229,rio-de-talea-229-71454
71457,El Carrizal,San Lorenzo Texmelúcan,229,el-carrizal-229-71457
71457,El Palo de Lima,San Lorenzo Texmelúcan,229,el-palo-de-lima-229-71457
71459,El Suchil,San Lorenzo Texmelúcan,229,el-suchil-229-71459
71460,Santa María Sola,Santa María Sola,429,santa-maria-sola-429-71460
71461,Santa Rosa Matagallinas,Santa María Sola,429,santa-rosa-matagallinas-429-71461
71465,Texcoco,Santa María Sola,429,texcoco-429-71465
71470,San Francisco Sola,San Francisco Sola,149,san-francisco-sola-149-71470
71480,San Ildefonso Sola,San Ildefonso Sola,155,san-ildefonso-sola-155-71480
71483,San Ildefonso Viejo,San Ildefonso Sola,155,san-ildefonso-viejo-155-71483
71490,Corral de Piedra,Santiago Minas,477,corral-de-piedra-477-71490
71490,El Palo Verde,Santiago Minas,477,el-palo-verde-477-71490
71490,Tierra Blanca,Santiago Minas,477,tierra-blanca-477-71490
71490,Santiago Minas,Santiago Minas,477,santiago-minas-477-71490
71492,El Cacalote,Santiago Minas,477,el-cacalote-477-71492
71493,Tobalá,Santiago Minas,477,tobala-477-71493
71494,Coquito,Santiago Minas,477,coquito-477-71494
71500,Vista Hermosa,Heroica Ciudad de Ejutla de Crespo,028,vista-hermosa-028-71500
71500,Los Olivos,Heroica Ciudad de Ejutla de Crespo,028,los-olivos-028-71500
71500,Chino (Del Pozo),Heroica Ciudad de Ejutla de Crespo,028,chino-del-pozo-028-71500
71500,El Depósito,Heroica Ciudad de Ejutla de Crespo,028,el-deposito-028-71500
71500,El Arroyo,Heroica Ciudad de Ejutla de Crespo,028,el-arroyo-028-71500
71500,Yegoseve,Heroica Ciudad de Ejutla de Crespo,028,yegoseve-028-71500
71500,Los Pinos,Heroica Ciudad de Ejutla de Crespo,028,los-pinos-028-71500
71500,Viva 2000,Heroica Ciudad de Ejutla de Crespo,028,viva-2000-028-71500
71500,La Escondida,Heroica Ciudad de Ejutla de Crespo,028,la-escondida-028-71500
71500,El Calvario,Heroica Ciudad de Ejutla de Crespo,028,el-calvario-028-71500
71500,La Cruz Blanca,Heroica Ciudad de Ejutla de Crespo,028,la-cruz-blanca-028-71500
71500,La Estación,Heroica Ciudad de Ejutla de Crespo,028,la-estacion-028-71500
71500,La Loma,Heroica Ciudad de Ejutla de Crespo,028,la-loma-028-71500
71500,Heroica Ciudad de Ejutla de Crespo Centro,Heroica Ciudad de Ejutla de Crespo,028,heroica-ciudad-de-ejutla-de-crespo-centro-028-71500
71500,La Zoritana,Heroica Ciudad de Ejutla de Crespo,028,la-zoritana-028-71500
71500,Agrícola el Llano,Heroica Ciudad de Ejutla de Crespo,028,agricola-el-llano-028-71500
71502,San Juan Logolava,Heroica Ciudad de Ejutla de Crespo,028,san-juan-logolava-028-71502
71502,Los Ocotes,Heroica Ciudad de Ejutla de Crespo,028,los-ocotes-028-71502
71502,San Matías Chilazoa,Heroica Ciudad de Ejutla de Crespo,028,san-matias-chilazoa-028-71502
71502,Santa Cruz Nexila,Heroica Ciudad de Ejutla de Crespo,028,santa-cruz-nexila-028-71502
71502,Santa Martha Chichihualtepec,Heroica Ciudad de Ejutla de Crespo,028,santa-martha-chichihualtepec-028-71502
71502,Monte del Toro,Heroica Ciudad de Ejutla de Crespo,028,monte-del-toro-028-71502
71502,La Noria de Ortiz,Heroica Ciudad de Ejutla de Crespo,028,la-noria-de-ortiz-028-71502
71503,San Juan Coatecas Bajas,Heroica Ciudad de Ejutla de Crespo,028,san-juan-coatecas-bajas-028-71503
71503,El Arrogante Justo Benítez,Heroica Ciudad de Ejutla de Crespo,028,el-arrogante-justo-benitez-028-71503
71504,La Lobera,Heroica Ciudad de Ejutla de Crespo,028,la-lobera-028-71504
71504,El Saúz,Heroica Ciudad de Ejutla de Crespo,028,el-sauz-028-71504
71504,La Pitiona,Heroica Ciudad de Ejutla de Crespo,028,la-pitiona-028-71504
71504,La Ermita,Heroica Ciudad de Ejutla de Crespo,028,la-ermita-028-71504
71504,Barranca Larga,Heroica Ciudad de Ejutla de Crespo,028,barranca-larga-028-71504
71504,El Vergel (Puga y Colmenares),Heroica Ciudad de Ejutla de Crespo,028,el-vergel-puga-y-colmenares-028-71504
71504,La Escalera (San Isidro la Escalera),Heroica Ciudad de Ejutla de Crespo,028,la-escalera-san-isidro-la-escalera-028-71504
71504,San José de la Huerta,Heroica Ciudad de Ejutla de Crespo,028,san-jose-de-la-huerta-028-71504
71504,Hacienda Vieja,Heroica Ciudad de Ejutla de Crespo,028,hacienda-vieja-028-71504
71504,La Noria,Heroica Ciudad de Ejutla de Crespo,028,la-noria-028-71504
71504,La Cieneguilla,Heroica Ciudad de Ejutla de Crespo,028,la-cieneguilla-028-71504
71505,San Joaquín,Heroica Ciudad de Ejutla de Crespo,028,san-joaquin-028-71505
71505,Nuevo Venustiano Carranza,Heroica Ciudad de Ejutla de Crespo,028,nuevo-venustiano-carranza-028-71505
71505,Rinconada de San Diego,Heroica Ciudad de Ejutla de Crespo,028,rinconada-de-san-diego-028-71505
71506,San Martín Tilcajete,San Martín Tilcajete,243,san-martin-tilcajete-243-71506
71507,Santa Cecilia Jalieza,Santo Tomás Jalieza,530,santa-cecilia-jalieza-530-71507
71507,Santo Domingo Jalieza,Santo Tomás Jalieza,530,santo-domingo-jalieza-530-71507
71507,Santo Tomas Jalieza,Santo Tomás Jalieza,530,santo-tomas-jalieza-530-71507
71508,San Juan Chilateca,San Juan Chilateca,192,san-juan-chilateca-192-71508
71510,El Moreno,Ocotlán de Morelos,068,el-moreno-068-71510
71510,El Taray (El Taray Dos),Ocotlán de Morelos,068,el-taray-el-taray-dos-068-71510
71510,El Carrizal,Ocotlán de Morelos,068,el-carrizal-068-71510
71510,La Cofradía,Ocotlán de Morelos,068,la-cofradia-068-71510
71510,Paraje Galga,Ocotlán de Morelos,068,paraje-galga-068-71510
71510,Unión y Progreso,Ocotlán de Morelos,068,union-y-progreso-068-71510
71510,Ocotlán de Morelos Centro,Ocotlán de Morelos,068,ocotlan-de-morelos-centro-068-71510
71510,San Jacinto Ocotlán,Ocotlán de Morelos,068,san-jacinto-ocotlan-068-71510
71510,Santa Rosa,Ocotlán de Morelos,068,santa-rosa-068-71510
71510,Ex-Hacienda Tocuela,Ocotlán de Morelos,068,ex-hacienda-tocuela-068-71510
71510,El Bajío,Ocotlán de Morelos,068,el-bajio-068-71510
71510,Santa Cruz,Ocotlán de Morelos,068,santa-cruz-068-71510
71510,Benito Juárez,Ocotlán de Morelos,068,benito-juarez-068-71510
71510,Loma Grande,Ocotlán de Morelos,068,loma-grande-068-71510
71510,Lachilagua,Ocotlán de Morelos,068,lachilagua-068-71510
71510,La Tortolita,Ocotlán de Morelos,068,la-tortolita-068-71510
71510,Jacarandas,Ocotlán de Morelos,068,jacarandas-068-71510
71510,Santa María Tocuela,Ocotlán de Morelos,068,santa-maria-tocuela-068-71510
71510,La Luz,Ocotlán de Morelos,068,la-luz-068-71510
71510,Santa María,Ocotlán de Morelos,068,santa-maria-068-71510
71510,Los Ocotes,Ocotlán de Morelos,068,los-ocotes-068-71510
71510,La Esperanza,Ocotlán de Morelos,068,la-esperanza-068-71510
71510,Los Amador,Ocotlán de Morelos,068,los-amador-068-71510
71510,Rancho Galea,Ocotlán de Morelos,068,rancho-galea-068-71510
71510,El Ciruelo,Ocotlán de Morelos,068,el-ciruelo-068-71510
71510,La Juquilita,Ocotlán de Morelos,068,la-juquilita-068-71510
71512,San Cristóbal Ixcatlán,Ocotlán de Morelos,068,san-cristobal-ixcatlan-068-71512
71512,San Jacinto Chilateca,Ocotlán de Morelos,068,san-jacinto-chilateca-068-71512
71512,San Pedro Guegorexe,Ocotlán de Morelos,068,san-pedro-guegorexe-068-71512
71513,Praxedis de Guerrero,Ocotlán de Morelos,068,praxedis-de-guerrero-068-71513
71514,San Isidro,Ocotlán de Morelos,068,san-isidro-068-71514
71514,La Soledad,Ocotlán de Morelos,068,la-soledad-068-71514
71514,Sitio de Santiago,Ocotlán de Morelos,068,sitio-de-santiago-068-71514
71514,La Chilaíta,Ocotlán de Morelos,068,la-chilaita-068-71514
71515,Las Flores,Ocotlán de Morelos,068,las-flores-068-71515
71515,Buenavista,Ocotlán de Morelos,068,buenavista-068-71515
71515,Tejas de Morelos,Ocotlán de Morelos,068,tejas-de-morelos-068-71515
71515,San Felipe Apóstol,Ocotlán de Morelos,068,san-felipe-apostol-068-71515
71516,Santa Ana Zegache,Santa Ana Zegache,360,santa-ana-zegache-360-71516
71517,San Jerónimo Zegache,Santa Ana Zegache,360,san-jeronimo-zegache-360-71517
71518,San Sebastián Ocotlán,Santiago Apóstol,452,san-sebastian-ocotlan-452-71518
71518,Santiago Apóstol,Santiago Apóstol,452,santiago-apostol-452-71518
71520,San Antonino Castillo Velasco,San Antonino Castillo Velasco,103,san-antonino-castillo-velasco-103-71520
71523,Jelaro,Asunción Ocotlán,007,jelaro-007-71523
71523,Asunción Ocotlán,Asunción Ocotlán,007,asuncion-ocotlan-007-71523
71525,San Pedro Mártir,San Pedro Mártir,315,san-pedro-martir-315-71525
71526,El Llano,San Dionisio Ocotlán,132,el-llano-132-71526
71526,San Dionisio Ocotlán,San Dionisio Ocotlán,132,san-dionisio-ocotlan-132-71526
71528,Guelavichigana la Labor,San Dionisio Ocotlán,132,guelavichigana-la-labor-132-71528
71529,Magdalena Ocotlán,Magdalena Ocotlán,049,magdalena-ocotlan-049-71529
71530,San Miguel Tilquiapam,San Miguel Tilquiápam,284,san-miguel-tilquiapam-284-71530
71534,Santa Catarina Minas,Santa Catarina Minas,368,santa-catarina-minas-368-71534
71537,San Baltazar Chichicápam,San Baltazar Chichicápam,112,san-baltazar-chichicapam-112-71537
71540,Guadalupe,San Pedro Apóstol,301,guadalupe-301-71540
71540,San Pedro Apóstol,San Pedro Apóstol,301,san-pedro-apostol-301-71540
71543,Los Sarmiento,Santa Lucía Ocotlán,393,los-sarmiento-393-71543
71543,Rompecapa,Santa Lucía Ocotlán,393,rompecapa-393-71543
71543,Tierra Negra (Pozo Tierra Negra),Santa Lucía Ocotlán,393,tierra-negra-pozo-tierra-negra-393-71543
71543,Santa Lucía Ocotlán,Santa Lucía Ocotlán,393,santa-lucia-ocotlan-393-71543
71545,San Jerónimo Taviche,San Jerónimo Taviche,162,san-jeronimo-taviche-162-71545
71548,San Andrés Zabache,San Andrés Zabache,101,san-andres-zabache-101-71548
71550,Los Díaz,San José del Progreso,072,los-diaz-072-71550
71550,La Alianza,San José del Progreso,072,la-alianza-072-71550
71550,San José la Garzona,San José del Progreso,072,san-jose-la-garzona-072-71550
71550,San José del Progreso,San José del Progreso,072,san-jose-del-progreso-072-71550
71553,Maguey Largo,San José del Progreso,072,maguey-largo-072-71553
71553,Los Patiño,San José del Progreso,072,los-patino-072-71553
71553,El Cuajilote,San José del Progreso,072,el-cuajilote-072-71553
71553,El Porvenir,San José del Progreso,072,el-porvenir-072-71553
71553,El Jagüey,San José del Progreso,072,el-jaguey-072-71553
71553,Lachilana,San José del Progreso,072,lachilana-072-71553
71553,Paraje el Mogote,San José del Progreso,072,paraje-el-mogote-072-71553
71553,Los Vásquez,San José del Progreso,072,los-vasquez-072-71553
71554,Yaxe,Yaxe,561,yaxe-561-71554
71557,San Pedro Taviche,San Pedro Taviche,328,san-pedro-taviche-328-71557
71560,San Martín de los Cansecos,Heroico San Martín de los Cansecos,238,san-martin-de-los-cansecos-238-71560
71562,San Martín Lachilá,San Martín Lachilá,241,san-martin-lachila-241-71562
71565,La Pe,La Pe,069,la-pe-069-71565
71566,La Guadalupe,La Pe,069,la-guadalupe-069-71566
71567,Agua Blanca,La Compañía,017,agua-blanca-017-71567
71567,Agua del Espino,La Compañía,017,agua-del-espino-017-71567
71567,La Compañía,La Compañía,017,la-compania-017-71567
71568,El Vado,La Compañía,017,el-vado-017-71568
71568,La Y,La Compañía,017,la-y-017-71568
71569,La Labor,La Compañía,017,la-labor-017-71569
71569,Río de Ejutla,La Compañía,017,rio-de-ejutla-017-71569
71570,Coatecas Altas,Coatecas Altas,015,coatecas-altas-015-71570
71573,El Portillo,Coatecas Altas,015,el-portillo-015-71573
71573,Chepeginio,Coatecas Altas,015,chepeginio-015-71573
71573,Tepehuaje,Coatecas Altas,015,tepehuaje-015-71573
71574,Pochotlillo,Coatecas Altas,015,pochotlillo-015-71574
71574,Poblete,Coatecas Altas,015,poblete-015-71574
71575,San Andrés Niño,San Juan Lachigalla,203,san-andres-nino-203-71575
71575,San Juan Lachigalla,San Juan Lachigalla,203,san-juan-lachigalla-203-71575
71576,Santiago la Libertad,San Juan Lachigalla,203,santiago-la-libertad-203-71576
71576,Progreso,San Juan Lachigalla,203,progreso-203-71576
71577,Xaguía,San Juan Lachigalla,203,xaguia-203-71577
71578,El Rincón,San Juan Lachigalla,203,el-rincon-203-71578
71580,San Agustín Amatengo,San Agustín Amatengo,080,san-agustin-amatengo-080-71580
71586,Taniche,Taniche,542,taniche-542-71586
71588,San Miguel Ejutla,San Miguel Ejutla,268,san-miguel-ejutla-268-71588
71590,Yogana,Yogana,563,yogana-563-71590
71595,San Vicente Coatlán,San Vicente Coatlán,534,san-vicente-coatlan-534-71595
71597,San Isidro la Cañada,San Vicente Coatlán,534,san-isidro-la-canada-534-71597
71600,Pinotepa Nacional Centro,Santiago Pinotepa Nacional,482,pinotepa-nacional-centro-482-71600
71602,Yutacuiñe,Santiago Pinotepa Nacional,482,yutacuine-482-71602
71602,El Retén,Santiago Pinotepa Nacional,482,el-reten-482-71602
71602,C.B.T.A.,Santiago Pinotepa Nacional,482,cbta-482-71602
71602,El Dispensario,Santiago Pinotepa Nacional,482,el-dispensario-482-71602
71602,El Panteón,Santiago Pinotepa Nacional,482,el-panteon-482-71602
71602,Las Flores,Santiago Pinotepa Nacional,482,las-flores-482-71602
71602,La Soledad,Santiago Pinotepa Nacional,482,la-soledad-482-71602
71602,El Rastro,Santiago Pinotepa Nacional,482,el-rastro-482-71602
71602,Magisterio Unificado,Santiago Pinotepa Nacional,482,magisterio-unificado-482-71602
71602,La Raya,Santiago Pinotepa Nacional,482,la-raya-482-71602
71602,Arboleda,Santiago Pinotepa Nacional,482,arboleda-482-71602
71603,Laboratorio,Santiago Pinotepa Nacional,482,laboratorio-482-71603
71603,Chico,Santiago Pinotepa Nacional,482,chico-482-71603
71603,Yutacú,Santiago Pinotepa Nacional,482,yutacu-482-71603
71603,Benito Juárez,Santiago Pinotepa Nacional,482,benito-juarez-482-71603
71603,Vicente Guerrero,Santiago Pinotepa Nacional,482,vicente-guerrero-482-71603
71603,Santa Cruz,Santiago Pinotepa Nacional,482,santa-cruz-482-71603
71603,Zapote Alto,Santiago Pinotepa Nacional,482,zapote-alto-482-71603
71603,Miramar,Santiago Pinotepa Nacional,482,miramar-482-71603
71603,Zapote Bajo,Santiago Pinotepa Nacional,482,zapote-bajo-482-71603
71603,UCIDEBAC,Santiago Pinotepa Nacional,482,ucidebac-482-71603
71603,Vivah 2000,Santiago Pinotepa Nacional,482,vivah-2000-482-71603
71603,Las Lomas,Santiago Pinotepa Nacional,482,las-lomas-482-71603
71604,Emiliano Zapata,Santiago Pinotepa Nacional,482,emiliano-zapata-482-71604
71604,47o Batallón de Infantería,Santiago Pinotepa Nacional,482,47o-batallon-de-infanteria-482-71604
71604,C.F.E.,Santiago Pinotepa Nacional,482,cfe-482-71604
71604,5 de Mayo,Santiago Pinotepa Nacional,482,5-de-mayo-482-71604
71604,El Calvario,Santiago Pinotepa Nacional,482,el-calvario-482-71604
71604,Porvenir,Santiago Pinotepa Nacional,482,porvenir-482-71604
71604,La Planta,Santiago Pinotepa Nacional,482,la-planta-482-71604
71604,20 de Noviembre,Santiago Pinotepa Nacional,482,20-de-noviembre-482-71604
71604,Ignacio Zaragoza,Santiago Pinotepa Nacional,482,ignacio-zaragoza-482-71604
71604,El Puente,Santiago Pinotepa Nacional,482,el-puente-482-71604
71604,Reforma,Santiago Pinotepa Nacional,482,reforma-482-71604
71604,El Mirador,Santiago Pinotepa Nacional,482,el-mirador-482-71604
71604,Torres de la Libertad,Santiago Pinotepa Nacional,482,torres-de-la-libertad-482-71604
71604,Loma Larga,Santiago Pinotepa Nacional,482,loma-larga-482-71604
71605,Aviación,Santiago Pinotepa Nacional,482,aviacion-482-71605
71605,La Banda,Santiago Pinotepa Nacional,482,la-banda-482-71605
71605,La Posta,Santiago Pinotepa Nacional,482,la-posta-482-71605
71605,Ñuzaca,Santiago Pinotepa Nacional,482,nuzaca-482-71605
71605,Guadalupe,Santiago Pinotepa Nacional,482,guadalupe-482-71605
71605,Shininuu,Santiago Pinotepa Nacional,482,shininuu-482-71605
71605,Cuauhtémoc,Santiago Pinotepa Nacional,482,cuauhtemoc-482-71605
71605,San Isidro,Santiago Pinotepa Nacional,482,san-isidro-482-71605
71606,La Envidia,Santiago Pinotepa Nacional,482,la-envidia-482-71606
71606,Acuautepec o Agua de la Caña,Santiago Pinotepa Nacional,482,acuautepec-o-agua-de-la-cana-482-71606
71606,Cerro de la Esperanza,Santiago Pinotepa Nacional,482,cerro-de-la-esperanza-482-71606
71606,El Tamal,Santiago Pinotepa Nacional,482,el-tamal-482-71606
71606,Lo de Candela,Santiago Pinotepa Nacional,482,lo-de-candela-482-71606
71606,Lo de Mejia,Santiago Pinotepa Nacional,482,lo-de-mejia-482-71606
71606,Mancuernas,Santiago Pinotepa Nacional,482,mancuernas-482-71606
71606,El Alacrán,Santiago Pinotepa Nacional,482,el-alacran-482-71606
71606,Lo de Riaño,Santiago Pinotepa Nacional,482,lo-de-riano-482-71606
71606,El Ciruelo,Santiago Pinotepa Nacional,482,el-ciruelo-482-71606
71606,El Vizcaíno,Santiago Pinotepa Nacional,482,el-vizcaino-482-71606
71606,El Tamarindo,Santiago Pinotepa Nacional,482,el-tamarindo-482-71606
71606,Del Santo,Santiago Pinotepa Nacional,482,del-santo-482-71606
71606,El Ranchito,Santiago Pinotepa Nacional,482,el-ranchito-482-71606
71606,Lagunillas,Santiago Pinotepa Nacional,482,lagunillas-482-71606
71606,Motillas,Santiago Pinotepa Nacional,482,motillas-482-71606
71606,Los Horcones,Santiago Pinotepa Nacional,482,los-horcones-482-71606
71607,Corralero,Santiago Pinotepa Nacional,482,corralero-482-71607
71607,Cruz del Itacuán,Santiago Pinotepa Nacional,482,cruz-del-itacuan-482-71607
71607,La Palma de Coyul,Santiago Pinotepa Nacional,482,la-palma-de-coyul-482-71607
71607,Los Pocitos,Santiago Pinotepa Nacional,482,los-pocitos-482-71607
71607,Santa María Jicaltepec,Santiago Pinotepa Nacional,482,santa-maria-jicaltepec-482-71607
71607,La Virgen,Santiago Pinotepa Nacional,482,la-virgen-482-71607
71607,Del Zapote,Santiago Pinotepa Nacional,482,del-zapote-482-71607
71607,Los Pajaritos,Santiago Pinotepa Nacional,482,los-pajaritos-482-71607
71607,Hornos Grandes,Santiago Pinotepa Nacional,482,hornos-grandes-482-71607
71607,Paso de la Garrocha,Santiago Pinotepa Nacional,482,paso-de-la-garrocha-482-71607
71608,Cerro de la Esperanza,Santiago Pinotepa Nacional,482,cerro-de-la-esperanza-482-71608
71608,El Carrizo,Santiago Pinotepa Nacional,482,el-carrizo-482-71608
71608,Guadalupe Victoria,Santiago Pinotepa Nacional,482,guadalupe-victoria-482-71608
71608,Piedra Blanca,Santiago Pinotepa Nacional,482,piedra-blanca-482-71608
71608,El Añil,Santiago Pinotepa Nacional,482,el-anil-482-71608
71608,El Jícaro,Santiago Pinotepa Nacional,482,el-jicaro-482-71608
71608,La Noria y Minindaca,Santiago Pinotepa Nacional,482,la-noria-y-minindaca-482-71608
71608,Collantes,Santiago Pinotepa Nacional,482,collantes-482-71608
71608,Playa Banco de Oro,Santiago Pinotepa Nacional,482,playa-banco-de-oro-482-71608
71608,Arroyo Seco,Santiago Pinotepa Nacional,482,arroyo-seco-482-71608
71608,El Palomar,Santiago Pinotepa Nacional,482,el-palomar-482-71608
71608,Yayaquita,Santiago Pinotepa Nacional,482,yayaquita-482-71608
71608,Pie del Cerro,Santiago Pinotepa Nacional,482,pie-del-cerro-482-71608
71608,Minitán,Santiago Pinotepa Nacional,482,minitan-482-71608
71608,Mariano Matamoros,Santiago Pinotepa Nacional,482,mariano-matamoros-482-71608
71610,San Juan Cacahuatepec Centro,San Juan Cacahuatepec,185,san-juan-cacahuatepec-centro-185-71610
71610,Del Carmen,San Juan Cacahuatepec,185,del-carmen-185-71610
71612,Buenavista,San Juan Cacahuatepec,185,buenavista-185-71612
71612,Ocotlán,San Juan Cacahuatepec,185,ocotlan-185-71612
71613,Pie de La Cuesta,San Juan Cacahuatepec,185,pie-de-la-cuesta-185-71613
71613,San Antonio Ocotlán,San Juan Cacahuatepec,185,san-antonio-ocotlan-185-71613
71613,San Francisco Sayultepec,San Juan Cacahuatepec,185,san-francisco-sayultepec-185-71613
71613,Alto de las Mesas,San Juan Cacahuatepec,185,alto-de-las-mesas-185-71613
71615,La Culebra,San Juan Cacahuatepec,185,la-culebra-185-71615
71620,Copalilla,San Juan Bautista Lo de Soto,180,copalilla-180-71620
71620,El Llano,San Juan Bautista Lo de Soto,180,el-llano-180-71620
71620,San Juan Bautista Lo de Soto Centro,San Juan Bautista Lo de Soto,180,san-juan-bautista-lo-de-soto-centro-180-71620
71620,La Cruz,San Juan Bautista Lo de Soto,180,la-cruz-180-71620
71620,Arriba,San Juan Bautista Lo de Soto,180,arriba-180-71620
71620,Abajo,San Juan Bautista Lo de Soto,180,abajo-180-71620
71620,Limón,San Juan Bautista Lo de Soto,180,limon-180-71620
71620,Las Flores,San Juan Bautista Lo de Soto,180,las-flores-180-71620
71624,San Pedro Orizaba,San Juan Bautista Lo de Soto,180,san-pedro-orizaba-180-71624
71630,Mártires de Tacubaya,Mártires de Tacubaya,056,martires-de-tacubaya-056-71630
71631,El Naranjo,Mártires de Tacubaya,056,el-naranjo-056-71631
71640,Costatitlán,San Sebastián Ixcapa,345,costatitlan-345-71640
71640,San Sebastián Ixcapa,San Sebastián Ixcapa,345,san-sebastian-ixcapa-345-71640
71641,Camontinchan,San Sebastián Ixcapa,345,camontinchan-345-71641
71642,Vista Hermosa,San Sebastián Ixcapa,345,vista-hermosa-345-71642
71643,Cañada del Totomoxtle,San Sebastián Ixcapa,345,canada-del-totomoxtle-345-71643
71648,Llano de la Vaca,San Sebastián Ixcapa,345,llano-de-la-vaca-345-71648
71650,San Antonio Tepetlapa,San Antonio Tepetlapa,111,san-antonio-tepetlapa-111-71650
71650,San Pedro Tulixtlahuaca,San Antonio Tepetlapa,111,san-pedro-tulixtlahuaca-111-71650
71655,Santa María Cortijo,Santa María Cortijo,402,santa-maria-cortijo-402-71655
71656,La Herradura,Santa María Cortijo,402,la-herradura-402-71656
71660,Santiago Llano Grande,Santiago Llano Grande,474,santiago-llano-grande-474-71660
71660,Rancho Nuevo,Santiago Llano Grande,474,rancho-nuevo-474-71660
71660,San Francisco el Maguey,Santiago Llano Grande,474,san-francisco-el-maguey-474-71660
71670,San Miguel Tlacamama,San Miguel Tlacamama,285,san-miguel-tlacamama-285-71670
71670,Tlacamama,San Miguel Tlacamama,285,tlacamama-285-71670
71671,La Catalina,San Miguel Tlacamama,285,la-catalina-285-71671
71671,El Terrero,San Miguel Tlacamama,285,el-terrero-285-71671
71675,La Cañada del Marqués,San Miguel Tlacamama,285,la-canada-del-marques-285-71675
71678,El Zapote,San Miguel Tlacamama,285,el-zapote-285-71678
71680,Santiago Tapextla,Santiago Tapextla,485,santiago-tapextla-485-71680
71683,San Isidro,Santiago Tapextla,485,san-isidro-485-71683
71684,Cahuitan,Santiago Tapextla,485,cahuitan-485-71684
71684,La Culebra,Santiago Tapextla,485,la-culebra-485-71684
71684,Barra del Salitre,Santiago Tapextla,485,barra-del-salitre-485-71684
71684,Los Liros,Santiago Tapextla,485,los-liros-485-71684
71684,Tecoyame,Santiago Tapextla,485,tecoyame-485-71684
71685,Llano Grande,Santiago Tapextla,485,llano-grande-485-71685
71686,San José Estancia Grande,San José Estancia Grande,168,san-jose-estancia-grande-168-71686
71690,Santo Domingo Armenta,Santo Domingo Armenta,507,santo-domingo-armenta-507-71690
71699,Callejón de Rómulo,Santo Domingo Armenta,507,callejon-de-romulo-507-71699
71700,Segunda,Santiago Jamiltepec,467,segunda-467-71700
71700,Cuarta,Santiago Jamiltepec,467,cuarta-467-71700
71700,Quinta,Santiago Jamiltepec,467,quinta-467-71700
71700,Jamiltepec Centro,Santiago Jamiltepec,467,jamiltepec-centro-467-71700
71702,Grande,Santiago Jamiltepec,467,grande-467-71702
71702,La Pastora,Santiago Jamiltepec,467,la-pastora-467-71702
71702,San Jacinto,Santiago Jamiltepec,467,san-jacinto-467-71702
71702,Del Hospital,Santiago Jamiltepec,467,del-hospital-467-71702
71702,Sección 3a,Santiago Jamiltepec,467,seccion-3a-467-71702
71703,La Guadalupe,Santiago Jamiltepec,467,la-guadalupe-467-71703
71703,Chico,Santiago Jamiltepec,467,chico-467-71703
71703,El Ranchito Quebradora,Santiago Jamiltepec,467,el-ranchito-quebradora-467-71703
71704,Miramar,Santiago Jamiltepec,467,miramar-467-71704
71705,Aviación,Santiago Jamiltepec,467,aviacion-467-71705
71706,Unión Lindavista,Santiago Jamiltepec,467,union-lindavista-467-71706
71706,Santa Cruz Flores Magón,Santiago Jamiltepec,467,santa-cruz-flores-magon-467-71706
71706,Santa Elena Comaltepec,Santiago Jamiltepec,467,santa-elena-comaltepec-467-71706
71706,San José de las Flores,Santiago Jamiltepec,467,san-jose-de-las-flores-467-71706
71707,Atotonilquillo,Santiago Jamiltepec,467,atotonilquillo-467-71707
71707,Charco Nduayoo,Santiago Jamiltepec,467,charco-nduayoo-467-71707
71707,Emiliano Zapata,Santiago Jamiltepec,467,emiliano-zapata-467-71707
71707,La Esperanza,Santiago Jamiltepec,467,la-esperanza-467-71707
71707,El Santo,Santiago Jamiltepec,467,el-santo-467-71707
71707,La Huichicata,Santiago Jamiltepec,467,la-huichicata-467-71707
71707,Paso de la Reyna,Santiago Jamiltepec,467,paso-de-la-reyna-467-71707
71707,La Humedad,Santiago Jamiltepec,467,la-humedad-467-71707
71707,El Guayabo,Santiago Jamiltepec,467,el-guayabo-467-71707
71707,La Piedra Ancha,Santiago Jamiltepec,467,la-piedra-ancha-467-71707
71707,Patria Nueva,Santiago Jamiltepec,467,patria-nueva-467-71707
71707,San Miguel de los Pinos,Santiago Jamiltepec,467,san-miguel-de-los-pinos-467-71707
71708,Coyuche,Santiago Jamiltepec,467,coyuche-467-71708
71708,Rio Viejo,Santiago Jamiltepec,467,rio-viejo-467-71708
71708,San José Río Verde,Santiago Jamiltepec,467,san-jose-rio-verde-467-71708
71708,El Zarzal,Santiago Jamiltepec,467,el-zarzal-467-71708
71708,La Tuza,Santiago Jamiltepec,467,la-tuza-467-71708
71710,San Nicolás,San Pedro Atoyac,302,san-nicolas-302-71710
71710,Cañada del Comal,San Pedro Atoyac,302,canada-del-comal-302-71710
71710,Grande,San Pedro Atoyac,302,grande-302-71710
71710,Chico,San Pedro Atoyac,302,chico-302-71710
71710,San Pedro Atoyac,San Pedro Atoyac,302,san-pedro-atoyac-302-71710
71713,La Guadalupe,San Pedro Atoyac,302,la-guadalupe-302-71713
71713,San Antonio Carrizo,San Pedro Atoyac,302,san-antonio-carrizo-302-71713
71713,La Palma,San Pedro Atoyac,302,la-palma-302-71713
71714,Cruz Colorada,San Pedro Atoyac,302,cruz-colorada-302-71714
71715,Zapote Blanco,San Pedro Atoyac,302,zapote-blanco-302-71715
71720,Gigante,San Juan Colorado,188,gigante-188-71720
71720,Chico,San Juan Colorado,188,chico-188-71720
71720,Vista Hermosa,San Juan Colorado,188,vista-hermosa-188-71720
71720,Linda Vista,San Juan Colorado,188,linda-vista-188-71720
71720,Grande,San Juan Colorado,188,grande-188-71720
71720,San Miguel,San Juan Colorado,188,san-miguel-188-71720
71720,Ini Ñuu,San Juan Colorado,188,ini-nuu-188-71720
71720,El Piñal,San Juan Colorado,188,el-pinal-188-71720
71720,Arroyo del Platanar,San Juan Colorado,188,arroyo-del-platanar-188-71720
71720,Nuevo Progreso,San Juan Colorado,188,nuevo-progreso-188-71720
71720,San Juan Colorado Centro,San Juan Colorado,188,san-juan-colorado-centro-188-71720
71720,Santa María Nutio,San Juan Colorado,188,santa-maria-nutio-188-71720
71721,El Terrero,San Juan Colorado,188,el-terrero-188-71721
71721,San Pedro Siniyubi,San Juan Colorado,188,san-pedro-siniyubi-188-71721
71722,Peñas Negras,San Juan Colorado,188,penas-negras-188-71722
71724,Agua Fría,San Juan Colorado,188,agua-fria-188-71724
71730,Santiago Ixtayutla,Santiago Ixtayutla,466,santiago-ixtayutla-466-71730
71733,Yucuyá,Santiago Ixtayutla,466,yucuya-466-71733
71733,Xiniyuba,Santiago Ixtayutla,466,xiniyuba-466-71733
71733,Corral de Piedra,Santiago Ixtayutla,466,corral-de-piedra-466-71733
71733,Las Trojes,Santiago Ixtayutla,466,las-trojes-466-71733
71733,Macahuite,Santiago Ixtayutla,466,macahuite-466-71733
71733,Pueblo Viejo,Santiago Ixtayutla,466,pueblo-viejo-466-71733
71733,Río Verde,Santiago Ixtayutla,466,rio-verde-466-71733
71733,Tierra Colorada,Santiago Ixtayutla,466,tierra-colorada-466-71733
71734,San Lucas Atoyaquillo,Santiago Ixtayutla,466,san-lucas-atoyaquillo-466-71734
71734,El Duraznal,Santiago Ixtayutla,466,el-duraznal-466-71734
71734,Las Limas,Santiago Ixtayutla,466,las-limas-466-71734
71734,Olintepec,Santiago Ixtayutla,466,olintepec-466-71734
71735,La Humedad,Santiago Ixtayutla,466,la-humedad-466-71735
71735,El Mosco,Santiago Ixtayutla,466,el-mosco-466-71735
71735,Caña Muerta,Santiago Ixtayutla,466,cana-muerta-466-71735
71735,El Tetlate,Santiago Ixtayutla,466,el-tetlate-466-71735
71735,La Cuchara,Santiago Ixtayutla,466,la-cuchara-466-71735
71735,Llano Escondido,Santiago Ixtayutla,466,llano-escondido-466-71735
71735,Llano Verde,Santiago Ixtayutla,466,llano-verde-466-71735
71735,Macahuite Nuevo,Santiago Ixtayutla,466,macahuite-nuevo-466-71735
71735,Nusutia,Santiago Ixtayutla,466,nusutia-466-71735
71735,Nuyucu,Santiago Ixtayutla,466,nuyucu-466-71735
71735,Tierra Blanca,Santiago Ixtayutla,466,tierra-blanca-466-71735
71735,Yutacua,Santiago Ixtayutla,466,yutacua-466-71735
71736,El Huamuche,Santiago Ixtayutla,466,el-huamuche-466-71736
71736,La Muralla,Santiago Ixtayutla,466,la-muralla-466-71736
71736,El Ocote,Santiago Ixtayutla,466,el-ocote-466-71736
71736,El Carasol,Santiago Ixtayutla,466,el-carasol-466-71736
71736,El Frutillo,Santiago Ixtayutla,466,el-frutillo-466-71736
71737,Buenavista,Santiago Ixtayutla,466,buenavista-466-71737
71737,Villa Nueva,Santiago Ixtayutla,466,villa-nueva-466-71737
71737,El Coyul,Santiago Ixtayutla,466,el-coyul-466-71737
71737,El Naranjo,Santiago Ixtayutla,466,el-naranjo-466-71737
71740,San Pedro Jicayán,San Pedro Jicayán,312,san-pedro-jicayan-312-71740
71741,La Hierba Santa,San Pedro Jicayán,312,la-hierba-santa-312-71741
71741,San Juan Jicayán,San Pedro Jicayán,312,san-juan-jicayan-312-71741
71742,Agua Dulce,San Pedro Jicayán,312,agua-dulce-312-71742
71743,Santiago Jicayán,San Pedro Jicayán,312,santiago-jicayan-312-71743
71743,Los Marcelo (Colonia los Marcelo),San Pedro Jicayán,312,los-marcelo-colonia-los-marcelo-312-71743
71744,San José Yutatuyaa,San Pedro Jicayán,312,san-jose-yutatuyaa-312-71744
71744,Chuparrosa,San Pedro Jicayán,312,chuparrosa-312-71744
71747,San Marcos el Coyul,San Pedro Jicayán,312,san-marcos-el-coyul-312-71747
71747,Yuntandayu,San Pedro Jicayán,312,yuntandayu-312-71747
71750,Hierba Santa,Pinotepa de Don Luis,070,hierba-santa-070-71750
71750,Pinotepa de Don Luis,Pinotepa de Don Luis,070,pinotepa-de-don-luis-070-71750
71755,La Palma,Pinotepa de Don Luis,070,la-palma-070-71755
71756,Chiminitió,Pinotepa de Don Luis,070,chiminitio-070-71756
71756,Arroyo del Pote (Yutandiutu),Pinotepa de Don Luis,070,arroyo-del-pote-yutandiutu-070-71756
71757,Yucuchá,Pinotepa de Don Luis,070,yucucha-070-71757
71760,San Lorenzo,San Lorenzo,225,san-lorenzo-225-71760
71760,San Miguel Tetepelcingo,San Lorenzo,225,san-miguel-tetepelcingo-225-71760
71761,San José Tetepelcingo,San Lorenzo,225,san-jose-tetepelcingo-225-71761
71762,San Juan Yosocani,San Lorenzo,225,san-juan-yosocani-225-71762
71762,San Antonio Yosocani,San Lorenzo,225,san-antonio-yosocani-225-71762
71763,Guadalupe Yosocani,San Lorenzo,225,guadalupe-yosocani-225-71763
71763,Santa María Yosocani,San Lorenzo,225,santa-maria-yosocani-225-71763
71764,La Unión,San Agustín Chayuco,082,la-union-082-71764
71764,La Unión Chayuco,San Agustín Chayuco,082,la-union-chayuco-082-71764
71764,San Agustín Chayuco,San Agustín Chayuco,082,san-agustin-chayuco-082-71764
71764,Dos Caminos,San Agustín Chayuco,082,dos-caminos-082-71764
71765,San Cristóbal,San Agustín Chayuco,082,san-cristobal-082-71765
71766,La Soledad,San Agustín Chayuco,082,la-soledad-082-71766
71766,San Felipe,San Agustín Chayuco,082,san-felipe-082-71766
71768,Yucutaco,San Agustín Chayuco,082,yucutaco-082-71768
71770,San Andrés Huaxpaltepec,San Andrés Huaxpaltepec,090,san-andres-huaxpaltepec-090-71770
71771,Rancho Viejo,San Andrés Huaxpaltepec,090,rancho-viejo-090-71771
71777,Cubitán de Dolores,San Andrés Huaxpaltepec,090,cubitan-de-dolores-090-71777
71780,Santa Catarina Mechoacán,Santa Catarina Mechoacán,367,santa-catarina-mechoacan-367-71780
71784,La Cumbre,Santiago Tetepec,489,la-cumbre-489-71784
71784,San Isidro del Parral,Santiago Tetepec,489,san-isidro-del-parral-489-71784
71784,San Luis Chatañu,Santiago Tetepec,489,san-luis-chatanu-489-71784
71784,Santa Cruz Tihuixte,Santiago Tetepec,489,santa-cruz-tihuixte-489-71784
71784,La Soledad Carrizo,Santiago Tetepec,489,la-soledad-carrizo-489-71784
71784,El Ocotillo,Santiago Tetepec,489,el-ocotillo-489-71784
71785,Santiago Tetepec,Santiago Tetepec,489,santiago-tetepec-489-71785
71786,Ocotlán de Juárez,Santiago Tetepec,489,ocotlan-de-juarez-489-71786
71787,El Ocote,Santiago Tetepec,489,el-ocote-489-71787
71788,El Rosario,Santiago Tetepec,489,el-rosario-489-71788
71789,Guadalupe del Tambor,Santiago Tetepec,489,guadalupe-del-tambor-489-71789
71790,José María Morelos,Santa María Huazolotitlán,414,jose-maria-morelos-414-71790
71790,Paso del Jiote,Santa María Huazolotitlán,414,paso-del-jiote-414-71790
71790,Santa María Chicometepec,Santa María Huazolotitlán,414,santa-maria-chicometepec-414-71790
71790,Santa María Huazolotitlán,Santa María Huazolotitlán,414,santa-maria-huazolotitlan-414-71790
71790,Yutanicani,Santa María Huazolotitlán,414,yutanicani-414-71790
71791,Cerro Blanco,Santa María Huazolotitlán,414,cerro-blanco-414-71791
71792,La Cobranza,Santa María Huazolotitlán,414,la-cobranza-414-71792
71799,El Potrero,Santa María Huazolotitlán,414,el-potrero-414-71799
71800,Cantarrana,Villa de Tututepec,334,cantarrana-334-71800
71800,De La Playa,Villa de Tututepec,334,de-la-playa-334-71800
71800,De La Rosalía,Villa de Tututepec,334,de-la-rosalia-334-71800
71800,De las Flores,Villa de Tututepec,334,de-las-flores-334-71800
71800,Del Chivo,Villa de Tututepec,334,del-chivo-334-71800
71800,Grande,Villa de Tututepec,334,grande-334-71800
71800,La Cruz Grande,Villa de Tututepec,334,la-cruz-grande-334-71800
71800,Charco Redondo,Villa de Tututepec,334,charco-redondo-334-71800
71800,Benito Juárez,Villa de Tututepec,334,benito-juarez-334-71800
71800,Santa Cruz Tututepec,Villa de Tututepec,334,santa-cruz-tututepec-334-71800
71800,Villa de Tututepec Centro,Villa de Tututepec,334,villa-de-tututepec-centro-334-71800
71801,La Luz,Villa de Tututepec,334,la-luz-334-71801
71803,Benito Juárez,Villa de Tututepec,334,benito-juarez-334-71803
71803,El Paraíso,Villa de Tututepec,334,el-paraiso-334-71803
71803,Linda Vista,Villa de Tututepec,334,linda-vista-334-71803
71803,Progreso,Villa de Tututepec,334,progreso-334-71803
71803,San Vicente,Villa de Tututepec,334,san-vicente-334-71803
71803,Emiliano Zapata,Villa de Tututepec,334,emiliano-zapata-334-71803
71803,San Marquitos,Villa de Tututepec,334,san-marquitos-334-71803
71803,El Porvenir,Villa de Tututepec,334,el-porvenir-334-71803
71803,El Tlacuache,Villa de Tututepec,334,el-tlacuache-334-71803
71803,San José del Progreso,Villa de Tututepec,334,san-jose-del-progreso-334-71803
71803,Los Tamarindos,Villa de Tututepec,334,los-tamarindos-334-71803
71803,La Guadalupana,Villa de Tututepec,334,la-guadalupana-334-71803
71803,Buena Vista,Villa de Tututepec,334,buena-vista-334-71803
71804,La Teja,Villa de Tututepec,334,la-teja-334-71804
71804,La Cañada,Villa de Tututepec,334,la-canada-334-71804
71804,San Antonio Río Verde,Villa de Tututepec,334,san-antonio-rio-verde-334-71804
71804,San Francisco de Arriba,Villa de Tututepec,334,san-francisco-de-arriba-334-71804
71804,El Faisán,Villa de Tututepec,334,el-faisan-334-71804
71804,Camalotillo,Villa de Tututepec,334,camalotillo-334-71804
71805,Palma Sola,Villa de Tututepec,334,palma-sola-334-71805
71805,San Francisco de Abajo,Villa de Tututepec,334,san-francisco-de-abajo-334-71805
71806,San Felipe,Villa de Tututepec,334,san-felipe-334-71806
71806,El Gachupin,Villa de Tututepec,334,el-gachupin-334-71806
71807,La Concha,Villa de Tututepec,334,la-concha-334-71807
71807,Duva - Yoo,Villa de Tututepec,334,duva---yoo-334-71807
71807,Chacalapa,Villa de Tututepec,334,chacalapa-334-71807
71809,San Miguel,Villa de Tututepec,334,san-miguel-334-71809
71810,Santa Rosa de Lima Centro,Villa de Tututepec,334,santa-rosa-de-lima-centro-334-71810
71814,Chacahua,Villa de Tututepec,334,chacahua-334-71814
71814,El Azufre,Villa de Tututepec,334,el-azufre-334-71814
71815,La Pastoría,Villa de Tututepec,334,la-pastoria-334-71815
71817,Campamento Cerro Hermoso,Villa de Tututepec,334,campamento-cerro-hermoso-334-71817
71817,Cerro Hermoso,Villa de Tututepec,334,cerro-hermoso-334-71817
71817,El Zapotalito,Villa de Tututepec,334,el-zapotalito-334-71817
71820,Santa Ana Tututepec,Villa de Tututepec,334,santa-ana-tututepec-334-71820
71821,Peñas Negras,Villa de Tututepec,334,penas-negras-334-71821
71826,Santa María Acatepec,Villa de Tututepec,334,santa-maria-acatepec-334-71826
71826,Santiago Jocotepec,Villa de Tututepec,334,santiago-jocotepec-334-71826
71830,Río Grande o Piedra Parada Centro,Villa de Tututepec,334,rio-grande-o-piedra-parada-centro-334-71830
71830,Roma,Villa de Tututepec,334,roma-334-71830
71830,Tepeyac,Villa de Tututepec,334,tepeyac-334-71830
71831,Alejo Peralta,Villa de Tututepec,334,alejo-peralta-334-71831
71831,San José Manialtepec,Villa de Tututepec,334,san-jose-manialtepec-334-71831
71833,El Mirador,Villa de Tututepec,334,el-mirador-334-71833
71834,Benito Juárez,Villa de Tututepec,334,benito-juarez-334-71834
71834,Las Flores,Villa de Tututepec,334,las-flores-334-71834
71834,La Torre,Villa de Tututepec,334,la-torre-334-71834
71834,Loma Bonita,Villa de Tututepec,334,loma-bonita-334-71834
71835,Balbuena,Villa de Tututepec,334,balbuena-334-71835
71835,El Corozal,Villa de Tututepec,334,el-corozal-334-71835
71835,La Cruz,Villa de Tututepec,334,la-cruz-334-71835
71835,La Soledad,Villa de Tututepec,334,la-soledad-334-71835
71835,Cuauhtémoc,Villa de Tututepec,334,cuauhtemoc-334-71835
71835,Vicente Guerrero,Villa de Tututepec,334,vicente-guerrero-334-71835
71835,La Perla,Villa de Tututepec,334,la-perla-334-71835
71835,Agraria,Villa de Tututepec,334,agraria-334-71835
71836,Emiliano Zapata,Villa de Tututepec,334,emiliano-zapata-334-71836
71836,Valle Verde,Villa de Tututepec,334,valle-verde-334-71836
71836,Lindavista,Villa de Tututepec,334,lindavista-334-71836
71837,Costa Azul,Villa de Tututepec,334,costa-azul-334-71837
71837,Lindavista,Villa de Tututepec,334,lindavista-334-71837
71837,Villa las Flores,Villa de Tututepec,334,villa-las-flores-334-71837
71838,El Venado,Villa de Tututepec,334,el-venado-334-71838
71838,Agua Zarca,Villa de Tututepec,334,agua-zarca-334-71838
71838,El Cacalote,Villa de Tututepec,334,el-cacalote-334-71838
71838,San Martín Caballero,Villa de Tututepec,334,san-martin-caballero-334-71838
71840,El Zanjón,Villa de Tututepec,334,el-zanjon-334-71840
71847,La Plata,Villa de Tututepec,334,la-plata-334-71847
71847,Las Palmas (Arena Amarilla Kilómetro 120),Villa de Tututepec,334,las-palmas-arena-amarilla-kilometro-120-334-71847
71847,Hidalgo,Villa de Tututepec,334,hidalgo-334-71847
71847,San Isidro Llano Grande,Villa de Tututepec,334,san-isidro-llano-grande-334-71847
71850,Tataltepec de Valdés,Tataltepec de Valdés,543,tataltepec-de-valdes-543-71850
71850,Del Campo,Tataltepec de Valdés,543,del-campo-543-71850
71850,Chico de Abajo,Tataltepec de Valdés,543,chico-de-abajo-543-71850
71851,Santa Cruz Tepenixtlahuaca,Tataltepec de Valdés,543,santa-cruz-tepenixtlahuaca-543-71851
71853,El Ocote o la Palma,Tataltepec de Valdés,543,el-ocote-o-la-palma-543-71853
71853,Plan del Aire,Tataltepec de Valdés,543,plan-del-aire-543-71853
71853,El Ocotillo,Tataltepec de Valdés,543,el-ocotillo-543-71853
71853,La Tuza,Tataltepec de Valdés,543,la-tuza-543-71853
71853,La Tuza,Tataltepec de Valdés,543,la-tuza-543-71853-6965
71853,La Cruz de Costacho,Tataltepec de Valdés,543,la-cruz-de-costacho-543-71853
71854,El Ocotillo o Arroyo de Arriba,Tataltepec de Valdés,543,el-ocotillo-o-arroyo-de-arriba-543-71854
71870,San Juan Quiahije,San Juan Quiahije,213,san-juan-quiahije-213-71870
71873,Cieneguilla,San Juan Quiahije,213,cieneguilla-213-71873
71890,San Miguel Panixtlahuaca,San Miguel Panixtlahuaca,272,san-miguel-panixtlahuaca-272-71890
71900,Ampliación Barrio Grande y la Asunción,Santa Catarina Juquila,364,ampliacion-barrio-grande-y-la-asuncion-364-71900
71900,De Jesús,Santa Catarina Juquila,364,de-jesus-364-71900
71900,Grande,Santa Catarina Juquila,364,grande-364-71900
71900,La Asunción,Santa Catarina Juquila,364,la-asuncion-364-71900
71900,San Nicolás,Santa Catarina Juquila,364,san-nicolas-364-71900
71900,San Francisco Ixpantepec,Santa Catarina Juquila,364,san-francisco-ixpantepec-364-71900
71900,San José Ixtapan,Santa Catarina Juquila,364,san-jose-ixtapan-364-71900
71900,Santa Catarina Juquila,Santa Catarina Juquila,364,santa-catarina-juquila-364-71900
71900,Santa María Yolotepec,Santa Catarina Juquila,364,santa-maria-yolotepec-364-71900
71900,3 de Mayo,Santa Catarina Juquila,364,3-de-mayo-364-71900
71901,Santa María Amialtepec,Santa Catarina Juquila,364,santa-maria-amialtepec-364-71901
71910,San Marcos Zacatepec,Santa Catarina Juquila,364,san-marcos-zacatepec-364-71910
71913,El Obispo,Santa Catarina Juquila,364,el-obispo-364-71913
71913,El Carrizo,Santa Catarina Juquila,364,el-carrizo-364-71913
71914,San José Vista Hermosa (Aguacatal Grande),Santa Catarina Juquila,364,san-jose-vista-hermosa-aguacatal-grande-364-71914
71915,Santiago Miramar,Santa Catarina Juquila,364,santiago-miramar-364-71915
71915,Arroyo Triste,Santa Catarina Juquila,364,arroyo-triste-364-71915
71915,Las Trancas,Santa Catarina Juquila,364,las-trancas-364-71915
71915,El Camalote,Santa Catarina Juquila,364,el-camalote-364-71915
71916,La Soledad el Mapache,Santa Catarina Juquila,364,la-soledad-el-mapache-364-71916
71917,Pie del Cerro,Santa Catarina Juquila,364,pie-del-cerro-364-71917
71917,La Esmeralda,Santa Catarina Juquila,364,la-esmeralda-364-71917
71919,Monte Obscuro,Santa Catarina Juquila,364,monte-obscuro-364-71919
71920,Santa Lucía,San Pedro Juchatengo,314,santa-lucia-314-71920
71920,San Pedro Juchatengo,San Pedro Juchatengo,314,san-pedro-juchatengo-314-71920
71923,La Cruz,San Pedro Juchatengo,314,la-cruz-314-71923
71930,Santiago Yaitepec,Santiago Yaitepec,497,santiago-yaitepec-497-71930
71940,San Juan Lachao,San Juan Lachao,202,san-juan-lachao-202-71940
71940,La Unión,San Juan Lachao,202,la-union-202-71940
71940,La Guadalupe,San Juan Lachao,202,la-guadalupe-202-71940
71940,San Martín,San Juan Lachao,202,san-martin-202-71940
71940,San Francisco,San Juan Lachao,202,san-francisco-202-71940
71940,Tierra Blanca,San Juan Lachao,202,tierra-blanca-202-71940
71940,La Cascada,San Juan Lachao,202,la-cascada-202-71940
71940,Los Remedios,San Juan Lachao,202,los-remedios-202-71940
71940,La Soledad,San Juan Lachao,202,la-soledad-202-71940
71940,Benito Juárez,San Juan Lachao,202,benito-juarez-202-71940
71940,San Juan,San Juan Lachao,202,san-juan-202-71940
71940,Del Carmen,San Juan Lachao,202,del-carmen-202-71940
71943,Cañada Río Oriente,San Juan Lachao,202,canada-rio-oriente-202-71943
71943,La Ciénega,San Juan Lachao,202,la-cienega-202-71943
71943,Santa María Rancho Nuevo,San Juan Lachao,202,santa-maria-rancho-nuevo-202-71943
71943,Santa Cruz (Rancho Escondido),San Juan Lachao,202,santa-cruz-rancho-escondido-202-71943
71943,Dolores,San Juan Lachao,202,dolores-202-71943
71943,El Doscientos Uno,San Juan Lachao,202,el-doscientos-uno-202-71943
71943,El Ocote,San Juan Lachao,202,el-ocote-202-71943
71943,El Recuerdo (La Neblina),San Juan Lachao,202,el-recuerdo-la-neblina-202-71943
71943,El Rosario,San Juan Lachao,202,el-rosario-202-71943
71943,Guadalupe,San Juan Lachao,202,guadalupe-202-71943
71943,La Esperanza,San Juan Lachao,202,la-esperanza-202-71943
71943,La Reforma,San Juan Lachao,202,la-reforma-202-71943
71943,Los Mulatos,San Juan Lachao,202,los-mulatos-202-71943
71943,Luz de la Luna,San Juan Lachao,202,luz-de-la-luna-202-71943
71943,Ojo de Agua,San Juan Lachao,202,ojo-de-agua-202-71943
71943,Portillo Limón,San Juan Lachao,202,portillo-limon-202-71943
71943,San Francisco,San Juan Lachao,202,san-francisco-202-71943
71943,San Isidro,San Juan Lachao,202,san-isidro-202-71943
71943,San José,San Juan Lachao,202,san-jose-202-71943
71943,San José Costa Rica,San Juan Lachao,202,san-jose-costa-rica-202-71943
71943,San José el Corozal,San Juan Lachao,202,san-jose-el-corozal-202-71943
71943,San Martín,San Juan Lachao,202,san-martin-202-71943
71943,San Miguel,San Juan Lachao,202,san-miguel-202-71943
71943,Santa Catarina,San Juan Lachao,202,santa-catarina-202-71943
71943,Santa Lucía Tierra Blanca,San Juan Lachao,202,santa-lucia-tierra-blanca-202-71943
71944,San Lucas Cerro del Vidrio,San Juan Lachao,202,san-lucas-cerro-del-vidrio-202-71944
71944,El Platanar,San Juan Lachao,202,el-platanar-202-71944
71944,Frumencio Salinas Juárez,San Juan Lachao,202,frumencio-salinas-juarez-202-71944
71944,Llano Chuparrosa,San Juan Lachao,202,llano-chuparrosa-202-71944
71944,Los Jiménez,San Juan Lachao,202,los-jimenez-202-71944
71944,San Antonio,San Juan Lachao,202,san-antonio-202-71944
71944,San Martín,San Juan Lachao,202,san-martin-202-71944
71945,El Portillo,San Juan Lachao,202,el-portillo-202-71945
71945,San Juan Lachao Pueblo Viejo,San Juan Lachao,202,san-juan-lachao-pueblo-viejo-202-71945
71946,Santa Rosa de Lima,San Juan Lachao,202,santa-rosa-de-lima-202-71946
71946,La Asunción,San Juan Lachao,202,la-asuncion-202-71946
71946,Armenia,San Juan Lachao,202,armenia-202-71946
71946,Duraznal,San Juan Lachao,202,duraznal-202-71946
71946,Las Nieves,San Juan Lachao,202,las-nieves-202-71946
71946,Los Laureles,San Juan Lachao,202,los-laureles-202-71946
71946,Providencia,San Juan Lachao,202,providencia-202-71946
71946,Río Sal,San Juan Lachao,202,rio-sal-202-71946
71946,San Rafael,San Juan Lachao,202,san-rafael-202-71946
71946,Santa Fe,San Juan Lachao,202,santa-fe-202-71946
71946,Silvio Reyes,San Juan Lachao,202,silvio-reyes-202-71946
71947,El Tablero,San Juan Lachao,202,el-tablero-202-71947
71947,La Laguna,San Juan Lachao,202,la-laguna-202-71947
71947,Piedra del Rayo,San Juan Lachao,202,piedra-del-rayo-202-71947
71950,Santa María Temaxcaltepec,Santa María Temaxcaltepec,433,santa-maria-temaxcaltepec-433-71950
71953,Cañada de Guadalupe,Santa María Temaxcaltepec,433,canada-de-guadalupe-433-71953
71953,La Soledad (La Arena),Santa María Temaxcaltepec,433,la-soledad-la-arena-433-71953
71953,San José Pie del Cerro,Santa María Temaxcaltepec,433,san-jose-pie-del-cerro-433-71953
71953,Las Delicias,Santa María Temaxcaltepec,433,las-delicias-433-71953
71953,Tierra Colorada,Santa María Temaxcaltepec,433,tierra-colorada-433-71953
71960,Santos Reyes Nopala,Santos Reyes Nopala,526,santos-reyes-nopala-526-71960
71960,El Zanate,Santos Reyes Nopala,526,el-zanate-526-71960
71960,Jacarandas,Santos Reyes Nopala,526,jacarandas-526-71960
71960,El Mamey,Santos Reyes Nopala,526,el-mamey-526-71960
71960,La Perla,Santos Reyes Nopala,526,la-perla-526-71960
71960,La Pitiona,Santos Reyes Nopala,526,la-pitiona-526-71960
71960,Candelaria Loma Bonita,Santos Reyes Nopala,526,candelaria-loma-bonita-526-71960
71960,La Toma,Santos Reyes Nopala,526,la-toma-526-71960
71960,El Mirador,Santos Reyes Nopala,526,el-mirador-526-71960
71960,21 de Marzo,Santos Reyes Nopala,526,21-de-marzo-526-71960
71960,Agua Blanca,Santos Reyes Nopala,526,agua-blanca-526-71960
71960,La Soledad,Santos Reyes Nopala,526,la-soledad-526-71960
71960,La Guadalupe,Santos Reyes Nopala,526,la-guadalupe-526-71960
71960,Los Remedios,Santos Reyes Nopala,526,los-remedios-526-71960
71960,Santa Catarina,Santos Reyes Nopala,526,santa-catarina-526-71960
71960,La Ladrillera,Santos Reyes Nopala,526,la-ladrillera-526-71960
71960,De Jesús,Santos Reyes Nopala,526,de-jesus-526-71960
71960,Santa Cruz,Santos Reyes Nopala,526,santa-cruz-526-71960
71960,Azteca,Santos Reyes Nopala,526,azteca-526-71960
71960,El Naranjo,Santos Reyes Nopala,526,el-naranjo-526-71960
71960,San Antonio,Santos Reyes Nopala,526,san-antonio-526-71960
71963,Santa María Magdalena Tiltepec,Santos Reyes Nopala,526,santa-maria-magdalena-tiltepec-526-71963
71963,Cañada de los Matus,Santos Reyes Nopala,526,canada-de-los-matus-526-71963
71963,Arroyo Piedra,Santos Reyes Nopala,526,arroyo-piedra-526-71963
71963,El Costoche,Santos Reyes Nopala,526,el-costoche-526-71963
71963,El Paraíso,Santos Reyes Nopala,526,el-paraiso-526-71963
71963,El Sinaí,Santos Reyes Nopala,526,el-sinai-526-71963
71963,Finca Buena Vista,Santos Reyes Nopala,526,finca-buena-vista-526-71963
71963,Finca el Pajarito,Santos Reyes Nopala,526,finca-el-pajarito-526-71963
71963,Finca San Lucas,Santos Reyes Nopala,526,finca-san-lucas-526-71963
71963,San Martín Miramar,Santos Reyes Nopala,526,san-martin-miramar-526-71963
71964,El Recodo,Santos Reyes Nopala,526,el-recodo-526-71964
71964,El Tetique,Santos Reyes Nopala,526,el-tetique-526-71964
71964,Rancho Viejo,Santos Reyes Nopala,526,rancho-viejo-526-71964
71964,San Antonio Cuixtla,Santos Reyes Nopala,526,san-antonio-cuixtla-526-71964
71964,San Marcos Zapotalito (El Zapote),Santos Reyes Nopala,526,san-marcos-zapotalito-el-zapote-526-71964
71965,Santiago Cuixtla,Santos Reyes Nopala,526,santiago-cuixtla-526-71965
71965,Arroyo Cuche,Santos Reyes Nopala,526,arroyo-cuche-526-71965
71965,Finca Agua Fria,Santos Reyes Nopala,526,finca-agua-fria-526-71965
71965,Finca el Macahuitillo,Santos Reyes Nopala,526,finca-el-macahuitillo-526-71965
71965,Rancho Nuevo Cuixtla,Santos Reyes Nopala,526,rancho-nuevo-cuixtla-526-71965
71965,San Gonzalo Pueblo Viejo,Santos Reyes Nopala,526,san-gonzalo-pueblo-viejo-526-71965
71966,Arroyo Hierba Santa,Santos Reyes Nopala,526,arroyo-hierba-santa-526-71966
71966,El Cangrejo,Santos Reyes Nopala,526,el-cangrejo-526-71966
71966,El Corozal,Santos Reyes Nopala,526,el-corozal-526-71966
71966,Los Ciruelos (Los Sabinos),Santos Reyes Nopala,526,los-ciruelos-los-sabinos-526-71966
71967,Cerro de Aire,Santos Reyes Nopala,526,cerro-de-aire-526-71967
71967,Santa Lucía Teotepec,Santos Reyes Nopala,526,santa-lucia-teotepec-526-71967
71967,El Armadillo (San José Armadillo),Santos Reyes Nopala,526,el-armadillo-san-jose-armadillo-526-71967
71967,Cañada las Flores,Santos Reyes Nopala,526,canada-las-flores-526-71967
71967,Cerro Cuero,Santos Reyes Nopala,526,cerro-cuero-526-71967
71967,Cerro Guitarra,Santos Reyes Nopala,526,cerro-guitarra-526-71967
71967,Cerro Iglesias,Santos Reyes Nopala,526,cerro-iglesias-526-71967
71967,Cerro Niño,Santos Reyes Nopala,526,cerro-nino-526-71967
71967,Ciénega Grande,Santos Reyes Nopala,526,cienega-grande-526-71967
71967,El Aguacatal,Santos Reyes Nopala,526,el-aguacatal-526-71967
71967,El Carrizal,Santos Reyes Nopala,526,el-carrizal-526-71967
71967,El Portillo Sauco,Santos Reyes Nopala,526,el-portillo-sauco-526-71967
71967,El Zacatal,Santos Reyes Nopala,526,el-zacatal-526-71967
71967,Finca el Potrero,Santos Reyes Nopala,526,finca-el-potrero-526-71967
71967,Finca la Encinera,Santos Reyes Nopala,526,finca-la-encinera-526-71967
71967,La Constancia,Santos Reyes Nopala,526,la-constancia-526-71967
71967,La Hierba Santa,Santos Reyes Nopala,526,la-hierba-santa-526-71967
71967,La Matraca,Santos Reyes Nopala,526,la-matraca-526-71967
71967,Piedra Negra,Santos Reyes Nopala,526,piedra-negra-526-71967
71967,Rancho Nuevo Cerro del Aire,Santos Reyes Nopala,526,rancho-nuevo-cerro-del-aire-526-71967
71967,San José Atotonilco,Santos Reyes Nopala,526,san-jose-atotonilco-526-71967
71967,San Martín Pie del Cerro,Santos Reyes Nopala,526,san-martin-pie-del-cerro-526-71967
71967,Vista Hermosa,Santos Reyes Nopala,526,vista-hermosa-526-71967
71970,San Gabriel Mixtepec,San Gabriel Mixtepec,153,san-gabriel-mixtepec-153-71970
71970,Bustamante,San Gabriel Mixtepec,153,bustamante-153-71970
71970,El Chorro,San Gabriel Mixtepec,153,el-chorro-153-71970
71971,Jamaica,San Gabriel Mixtepec,153,jamaica-153-71971
71973,Santo Niño,San Gabriel Mixtepec,153,santo-nino-153-71973
71973,El Camarón,San Gabriel Mixtepec,153,el-camaron-153-71973
71974,San Isidro el Cuil,San Gabriel Mixtepec,153,san-isidro-el-cuil-153-71974
71974,Santa María,San Gabriel Mixtepec,153,santa-maria-153-71974
71980,Puerto Escondido Centro,San Pedro Mixtepec -Dto. 22 -,318,puerto-escondido-centro-318-71980
71982,Ficus,San Pedro Mixtepec -Dto. 22 -,318,ficus-318-71982
71983,Dorado Carrizalillo,San Pedro Mixtepec -Dto. 22 -,318,dorado-carrizalillo-318-71983
71983,Bacocho,San Pedro Mixtepec -Dto. 22 -,318,bacocho-318-71983
71983,Carrizalillo,San Pedro Mixtepec -Dto. 22 -,318,carrizalillo-318-71983
71983,Esmeralda Conjunto,San Pedro Mixtepec -Dto. 22 -,318,esmeralda-conjunto-318-71983
71983,Rinconada,San Pedro Mixtepec -Dto. 22 -,318,rinconada-318-71983
71983,Sector Hidalgo,San Pedro Mixtepec -Dto. 22 -,318,sector-hidalgo-318-71983
71983,Sector Libertad,San Pedro Mixtepec -Dto. 22 -,318,sector-libertad-318-71983
71983,Residencial Manzanillo,San Pedro Mixtepec -Dto. 22 -,318,residencial-manzanillo-318-71983
71984,Agua Marina,San Pedro Mixtepec -Dto. 22 -,318,agua-marina-318-71984
71984,Costa Chica,San Pedro Mixtepec -Dto. 22 -,318,costa-chica-318-71984
71984,Granjas del Pescador,San Pedro Mixtepec -Dto. 22 -,318,granjas-del-pescador-318-71984
71984,Palmeras,San Pedro Mixtepec -Dto. 22 -,318,palmeras-318-71984
71984,Los Mangales,San Pedro Mixtepec -Dto. 22 -,318,los-mangales-318-71984
71984,Los Mangos,San Pedro Mixtepec -Dto. 22 -,318,los-mangos-318-71984
71984,Las Palmas,San Pedro Mixtepec -Dto. 22 -,318,las-palmas-318-71984
71984,Sector Juárez,San Pedro Mixtepec -Dto. 22 -,318,sector-juarez-318-71984
71984,Sector Reforma,San Pedro Mixtepec -Dto. 22 -,318,sector-reforma-318-71984
71984,Libertad,San Pedro Mixtepec -Dto. 22 -,318,libertad-318-71984
71984,La Playa,San Pedro Mixtepec -Dto. 22 -,318,la-playa-318-71984
71984,Costa del Sol,San Pedro Mixtepec -Dto. 22 -,318,costa-del-sol-318-71984
71984,Caminero,San Pedro Mixtepec -Dto. 22 -,318,caminero-318-71984
71985,Aeropuerto,San Pedro Mixtepec -Dto. 22 -,318,aeropuerto-318-71985
71985,Arroyo Seco,San Pedro Mixtepec -Dto. 22 -,318,arroyo-seco-318-71985
71985,Benito Juárez,San Pedro Mixtepec -Dto. 22 -,318,benito-juarez-318-71985
71985,Las Flores,San Pedro Mixtepec -Dto. 22 -,318,las-flores-318-71985
71985,Lomas de San Pedro,San Pedro Mixtepec -Dto. 22 -,318,lomas-de-san-pedro-318-71985
71985,Jardines,San Pedro Mixtepec -Dto. 22 -,318,jardines-318-71985
71985,La Parota,San Pedro Mixtepec -Dto. 22 -,318,la-parota-318-71985
71985,Independencia,San Pedro Mixtepec -Dto. 22 -,318,independencia-318-71985
71985,La Paz,San Pedro Mixtepec -Dto. 22 -,318,la-paz-318-71985
71985,Bella Esmeralda,San Pedro Mixtepec -Dto. 22 -,318,bella-esmeralda-318-71985
71985,Del Bosque,San Pedro Mixtepec -Dto. 22 -,318,del-bosque-318-71985
71985,Sector Universidad,San Pedro Mixtepec -Dto. 22 -,318,sector-universidad-318-71985
71985,Nuevo Amanecer,San Pedro Mixtepec -Dto. 22 -,318,nuevo-amanecer-318-71985
71985,Sector 2000,San Pedro Mixtepec -Dto. 22 -,318,sector-2000-318-71985
71985,Campestre los Ficus,San Pedro Mixtepec -Dto. 22 -,318,campestre-los-ficus-318-71985
71985,Vista al Mar,San Pedro Mixtepec -Dto. 22 -,318,vista-al-mar-318-71985
71985,Almendros,San Pedro Mixtepec -Dto. 22 -,318,almendros-318-71985
71989,Puerto Escondido (Puerto Escondido),San Pedro Mixtepec -Dto. 22 -,318,puerto-escondido-puerto-escondido-318-71989
71990,San Pedro Mixtepec Distrito 22 Centro,San Pedro Mixtepec -Dto. 22 -,318,san-pedro-mixtepec-distrito-22-centro-318-71990
71992,Guerrero,San Pedro Mixtepec -Dto. 22 -,318,guerrero-318-71992
71992,San Miguel,San Pedro Mixtepec -Dto. 22 -,318,san-miguel-318-71992
71992,La Subi,San Pedro Mixtepec -Dto. 22 -,318,la-subi-318-71992
71993,El Palmar,San Pedro Mixtepec -Dto. 22 -,318,el-palmar-318-71993
71993,El Panteón,San Pedro Mixtepec -Dto. 22 -,318,el-panteon-318-71993
71993,Los Tamarindos,San Pedro Mixtepec -Dto. 22 -,318,los-tamarindos-318-71993
71993,Vista Hermosa,San Pedro Mixtepec -Dto. 22 -,318,vista-hermosa-318-71993
71994,Sector Reforma,San Pedro Mixtepec -Dto. 22 -,318,sector-reforma-318-71994
71994,Reforma,San Pedro Mixtepec -Dto. 22 -,318,reforma-318-71994
71994,Santa Cruz,San Pedro Mixtepec -Dto. 22 -,318,santa-cruz-318-71994
71996,Cabo las Olas,San Pedro Mixtepec -Dto. 22 -,318,cabo-las-olas-318-71996
71996,Bajos de Chila Centro,San Pedro Mixtepec -Dto. 22 -,318,bajos-de-chila-centro-318-71996
71996,De las Flores,San Pedro Mixtepec -Dto. 22 -,318,de-las-flores-318-71996
71996,Abajo,San Pedro Mixtepec -Dto. 22 -,318,abajo-318-71996
71996,Bugambilias,San Pedro Mixtepec -Dto. 22 -,318,bugambilias-318-71996
71996,Las Tres Palmas,San Pedro Mixtepec -Dto. 22 -,318,las-tres-palmas-318-71996
71996,Agua Dulce,San Pedro Mixtepec -Dto. 22 -,318,agua-dulce-318-71996
71996,Arriba,San Pedro Mixtepec -Dto. 22 -,318,arriba-318-71996
71996,El Mirador,San Pedro Mixtepec -Dto. 22 -,318,el-mirador-318-71996
71996,La Soledad,San Pedro Mixtepec -Dto. 22 -,318,la-soledad-318-71996
71996,Los Mangales,San Pedro Mixtepec -Dto. 22 -,318,los-mangales-318-71996
71996,Palma Sola,San Pedro Mixtepec -Dto. 22 -,318,palma-sola-318-71996
71997,San Andrés Copala,San Pedro Mixtepec -Dto. 22 -,318,san-andres-copala-318-71997
71997,El Jícaro,San Pedro Mixtepec -Dto. 22 -,318,el-jicaro-318-71997
71997,Los Manantiales (La Pita),San Pedro Mixtepec -Dto. 22 -,318,los-manantiales-la-pita-318-71997
71997,La Lucerna,San Pedro Mixtepec -Dto. 22 -,318,la-lucerna-318-71997
71997,Los Nanches,San Pedro Mixtepec -Dto. 22 -,318,los-nanches-318-71997
71997,Aguaje el Zapote,San Pedro Mixtepec -Dto. 22 -,318,aguaje-el-zapote-318-71997
71997,La Cañada,San Pedro Mixtepec -Dto. 22 -,318,la-canada-318-71997
71997,Cerro de la Vieja (Rancho Pequeño),San Pedro Mixtepec -Dto. 22 -,318,cerro-de-la-vieja-rancho-pequeno-318-71997
71997,El Gallo,San Pedro Mixtepec -Dto. 22 -,318,el-gallo-318-71997
71997,El Huarumbo,San Pedro Mixtepec -Dto. 22 -,318,el-huarumbo-318-71997
71997,El Porvenir,San Pedro Mixtepec -Dto. 22 -,318,el-porvenir-318-71997
71997,Pueblo del Sol,San Pedro Mixtepec -Dto. 22 -,318,pueblo-del-sol-318-71997
71997,La Agüita,San Pedro Mixtepec -Dto. 22 -,318,la-aguita-318-71997
71997,La Alejandría,San Pedro Mixtepec -Dto. 22 -,318,la-alejandria-318-71997
71997,La Ceiba,San Pedro Mixtepec -Dto. 22 -,318,la-ceiba-318-71997
71997,La Isla del Gallo,San Pedro Mixtepec -Dto. 22 -,318,la-isla-del-gallo-318-71997
71997,La Laguna,San Pedro Mixtepec -Dto. 22 -,318,la-laguna-318-71997
71997,La Puesta del Sol,San Pedro Mixtepec -Dto. 22 -,318,la-puesta-del-sol-318-71997
71997,Las Hamacas,San Pedro Mixtepec -Dto. 22 -,318,las-hamacas-318-71997
71997,Las Negras,San Pedro Mixtepec -Dto. 22 -,318,las-negras-318-71997
71997,Las Salinas,San Pedro Mixtepec -Dto. 22 -,318,las-salinas-318-71997
71997,Los Macuiles,San Pedro Mixtepec -Dto. 22 -,318,los-macuiles-318-71997
71997,Los Reyes (Fraccionamiento los Reyes),San Pedro Mixtepec -Dto. 22 -,318,los-reyes-fraccionamiento-los-reyes-318-71997
71997,Mandingas,San Pedro Mixtepec -Dto. 22 -,318,mandingas-318-71997
71997,Ministerios de Amor Eterno Asociación Cultural,San Pedro Mixtepec -Dto. 22 -,318,ministerios-de-amor-eterno-asociacion-cultural-318-71997
71997,Puente San José,San Pedro Mixtepec -Dto. 22 -,318,puente-san-jose-318-71997
71997,Rancho de la Esperanza,San Pedro Mixtepec -Dto. 22 -,318,rancho-de-la-esperanza-318-71997
71998,La Reforma,San Pedro Mixtepec -Dto. 22 -,318,la-reforma-318-71998
71998,San Miguel,San Pedro Mixtepec -Dto. 22 -,318,san-miguel-318-71998
71998,Los Limones,San Pedro Mixtepec -Dto. 22 -,318,los-limones-318-71998
71998,El Macuil,San Pedro Mixtepec -Dto. 22 -,318,el-macuil-318-71998
71998,La Yerba Santa,San Pedro Mixtepec -Dto. 22 -,318,la-yerba-santa-318-71998
71998,El Comoncito,San Pedro Mixtepec -Dto. 22 -,318,el-comoncito-318-71998
71998,El Salitre,San Pedro Mixtepec -Dto. 22 -,318,el-salitre-318-71998
71998,Pueblo Viejo,San Pedro Mixtepec -Dto. 22 -,318,pueblo-viejo-318-71998
71998,La Unión,San Pedro Mixtepec -Dto. 22 -,318,la-union-318-71998
71998,Arroyo Tepehuaje,San Pedro Mixtepec -Dto. 22 -,318,arroyo-tepehuaje-318-71998
71998,Carrizal,San Pedro Mixtepec -Dto. 22 -,318,carrizal-318-71998
71998,Cerro Zopilote,San Pedro Mixtepec -Dto. 22 -,318,cerro-zopilote-318-71998
71998,Guadalupe,San Pedro Mixtepec -Dto. 22 -,318,guadalupe-318-71998
71998,El Cuajilote,San Pedro Mixtepec -Dto. 22 -,318,el-cuajilote-318-71998
71998,El Pescadito,San Pedro Mixtepec -Dto. 22 -,318,el-pescadito-318-71998
71998,El Tlachicán,San Pedro Mixtepec -Dto. 22 -,318,el-tlachican-318-71998
71998,El Toledo,San Pedro Mixtepec -Dto. 22 -,318,el-toledo-318-71998
71998,El Zapote,San Pedro Mixtepec -Dto. 22 -,318,el-zapote-318-71998
71998,La Cofradía,San Pedro Mixtepec -Dto. 22 -,318,la-cofradia-318-71998
71998,La Frutilla,San Pedro Mixtepec -Dto. 22 -,318,la-frutilla-318-71998
71998,Macahuite Blanco,San Pedro Mixtepec -Dto. 22 -,318,macahuite-blanco-318-71998
71998,Plan de Mina,San Pedro Mixtepec -Dto. 22 -,318,plan-de-mina-318-71998
71998,Portillo el Maluco,San Pedro Mixtepec -Dto. 22 -,318,portillo-el-maluco-318-71998
71998,Regadío,San Pedro Mixtepec -Dto. 22 -,318,regadio-318-71998
